step,frame,u1,phase_min,phase_max,sdv16_max
Step-1,0,0.0,0.0,0.0,0.0
Step-1,10,9.999999747378752e-05,2.4800286824167017e-10,4.2617622966645285e-05,0.00019233756756875664
Step-1,20,0.00019999999494757503,1.1052325721294665e-09,0.00018995848949998617,0.0007695817621424794
Step-1,30,0.0003000000142492354,2.5745285903155946e-09,0.00044262289884500206,0.0017324527725577354
Step-1,40,0.00039999998989515007,4.655504426409607e-09,0.000800742011051625,0.003082170384004712
Step-1,50,0.0005000000237487257,7.347608743657474e-09,0.0012645042734220624,0.0048204585909843445
Step-1,60,0.0006000000284984708,1.065012344980687e-08,0.0018341562245041132,0.0069495514035224915
Step-1,70,0.000699999975040555,1.456216658368703e-08,0.0025100025814026594,0.009472203440964222
Step-1,80,0.0007999999797903001,1.9082687430227452e-08,0.003292407374829054,0.012391697615385056
Step-1,90,0.0008999999845400453,2.4210470073171564e-08,0.004181795287877321,0.015711858868598938
Step-1,100,0.0010000000474974513,2.9944128954184634e-08,0.00517865177243948,0.019437074661254883
Step-1,110,0.0010999999940395355,3.628210976103219e-08,0.006283525377511978,0.023572297766804695
Step-1,120,0.0012000000569969416,4.322268765122317e-08,0.0074970293790102005,0.02812308631837368
Step-1,130,0.0013000000035390258,5.0763965475653094e-08,0.008819841779768467,0.03309560567140579
Step-1,140,0.00139999995008111,5.8903872002247226e-08,0.010252710431814194,0.03849667310714722
Step-1,150,0.001500000013038516,6.764015836324688e-08,0.01179645024240017,0.044333767145872116
Step-1,160,0.0015999999595806003,7.697040871335048e-08,0.013451951555907726,0.05061507597565651
Step-1,170,0.0017000000225380063,8.689201536071778e-08,0.015220177359879017,0.05734952166676521
Step-1,180,0.0017999999690800905,9.74021929778246e-08,0.01710217073559761,0.06454680860042572
Step-1,190,0.0019000000320374966,1.0849797860146282e-07,0.019099051132798195,0.07221744954586029
Step-1,200,0.0020000000949949026,1.201762103164583e-07,0.021212030202150345,0.08037284016609192
Step-1,210,0.002099999925121665,1.3243355567738035e-07,0.023442400619387627,0.08902528882026672
Step-1,220,0.002199999988079071,1.452664690759775e-07,0.025791550055146217,0.09818807989358902
Step-1,230,0.002300000051036477,1.586712272683144e-07,0.028260963037610054,0.10787555575370789
Step-1,240,0.002400000113993883,1.7264387963678018e-07,0.03085222840309143,0.11810316890478134
Step-1,250,0.0024999999441206455,1.8718029082265275e-07,0.03356703743338585,0.12888756394386292
Step-1,260,0.0026000000070780516,2.0227612651524396e-07,0.03640719875693321,0.1402466744184494
Step-1,270,0.0027000000700354576,2.1792681081933551e-07,0.039374638348817825,0.15219983458518982
Step-1,280,0.00279999990016222,2.3412758309859782e-07,0.04247141256928444,0.1647678166627884
Step-1,290,0.002899999963119626,2.50873398499607e-07,0.04569970816373825,0.17797304689884186
Step-1,300,0.003000000026077032,2.6815905584953725e-07,0.049061860889196396,0.19183970987796783
Step-1,310,0.003100000089034438,2.8597906975846854e-07,0.05256034806370735,0.20639382302761078
Step-1,320,0.0031999999191612005,3.0432772746280534e-07,0.05619782209396362,0.22166353464126587
Step-1,330,0.0032999999821186066,3.2319903198185784e-07,0.059977106750011444,0.23767916858196259
Step-1,340,0.0034000000450760126,3.425867589612608e-07,0.06390120834112167,0.25447356700897217
Step-1,350,0.0035000001080334187,3.624843714078452e-07,0.06797333061695099,0.27208220958709717
Step-1,360,0.003599999938160181,3.828851049547666e-07,0.07219691574573517,0.2905435264110565
Step-1,370,0.003700000001117587,4.0378182575295796e-07,0.07657560706138611,0.309899240732193
Step-1,380,0.003800000064074993,4.2516717257967684e-07,0.0811133161187172,0.3301946222782135
Step-1,390,0.0038999998942017555,4.4703341472995817e-07,0.0858142301440239,0.3514788746833801
Step-1,400,0.004000000189989805,4.6937245201661426e-07,0.09068282693624496,0.37380561232566833
Step-1,410,0.004100000020116568,4.921759000353632e-07,0.09572391211986542,0.39723333716392517
Step-1,420,0.00419999985024333,5.15434919634572e-07,0.10094261914491653,0.42182597517967224
Step-1,430,0.00430000014603138,5.391403306020948e-07,0.10634450614452362,0.44765353202819824
Step-1,440,0.004399999976158142,5.63282526400144e-07,0.11193551123142242,0.47479283809661865
Step-1,450,0.0044999998062849045,5.878513889001624e-07,0.1177220493555069,0.5033283829689026
Step-1,460,0.004600000102072954,6.128364020696608e-07,0.12371105700731277,0.5333533883094788
Step-1,470,0.004699999932199717,6.382264814419614e-07,0.12991002202033997,0.5649706721305847
Step-1,480,0.004800000227987766,6.640099741161976e-07,0.13632704317569733,0.5982944369316101
Step-1,490,0.004900000058114529,6.901747156007332e-07,0.14297093451023102,0.6334515810012817
Step-1,500,0.004999999888241291,7.16707745596068e-07,0.14985127747058868,0.6705833673477173
Step-2,0,0.004999999888241291,7.16707745596068e-07,0.14985127747058868,0.6705833673477173
Step-2,100,0.005249999929219484,7.863852147238504e-07,0.1690487414598465,0.7752471566200256
Step-2,200,0.005499999970197678,8.56215706335206e-07,0.1892397552728653,0.8950358033180237
Step-2,300,0.005750000011175871,9.277264325646684e-07,0.21145324409008026,1.0358526706695557
Step-2,400,0.006000000052154064,1.000588781607803e-06,0.23607298731803894,1.2042893171310425
Step-2,500,0.0062500000931322575,1.0752251000667457e-06,0.2637178897857666,1.4091084003448486
Step-2,600,0.006500000134110451,1.1493083320601727e-06,0.2946656346321106,1.6652722358703613
Step-2,700,0.006750000175088644,1.22244398426119e-06,0.32962939143180847,1.9952853918075562
Step-2,800,0.007000000216066837,1.2958624893144588e-06,0.371359646320343,2.446636199951172
Step-2,900,0.007249999791383743,1.365087541671528e-06,0.4221546947956085,3.114891529083252
Step-2,1000,0.007499999832361937,1.4274168051997549e-06,0.4876439869403839,4.252440929412842
Step-2,1100,0.00774999987334013,1.4754622270629625e-06,0.5924781560897827,7.064630031585693
Step-2,1200,0.00800000037997961,1.4982894072090858e-06,0.9084242582321167,53.63200759887695
Step-2,1300,0.008249999955296516,1.5153493677644292e-06,0.9805951118469238,291.298095703125
Step-2,1400,0.008500000461935997,1.536305148874817e-06,0.9926801919937134,590.1232299804688
Step-2,1500,0.008750000037252903,1.5607613477186533e-06,0.9963406324386597,843.6609497070312
Step-2,1600,0.008999999612569809,1.5849325336603215e-06,0.9977646470069885,1085.994384765625
Step-2,1700,0.00925000011920929,1.6085379002106492e-06,0.9984723925590515,1330.5887451171875
Step-2,1800,0.009499999694526196,1.6296032754326006e-06,0.9989045262336731,1592.60546875
Step-2,1900,0.009750000201165676,1.6472523611810175e-06,0.9999661445617676,2190.800048828125
Step-2,1906,0.009762500412762165,1.649666501180036e-06,0.9998552203178406,2303.837646484375
