point_id,pixel_x,pixel_y,u_mm,reaction_force_kN,source
11,107,525,0.00036985,-0.01838074,red_pixel_threshold_300dpi
14,108,525,0.00037887,-0.01838074,red_pixel_threshold_300dpi
17,109,525,0.00038789,-0.01838074,red_pixel_threshold_300dpi
22,116,521,0.00045103,-0.00787746,red_pixel_threshold_300dpi
23,116,523,0.00045103,-0.01312910,red_pixel_threshold_300dpi
24,117,523,0.00046005,-0.01312910,red_pixel_threshold_300dpi
25,125,516,0.00053222,0.00525164,red_pixel_threshold_300dpi
26,126,516,0.00054124,0.00525164,red_pixel_threshold_300dpi
27,126,517,0.00054124,0.00262582,red_pixel_threshold_300dpi
28,127,516,0.00055026,0.00525164,red_pixel_threshold_300dpi
29,127,517,0.00055026,0.00262582,red_pixel_threshold_300dpi
30,127,518,0.00055026,0.00000000,red_pixel_threshold_300dpi
31,128,515,0.00055928,0.00787746,red_pixel_threshold_300dpi
32,128,516,0.00055928,0.00525164,red_pixel_threshold_300dpi
33,128,517,0.00055928,0.00262582,red_pixel_threshold_300dpi
34,129,515,0.00056830,0.00787746,red_pixel_threshold_300dpi
35,129,516,0.00056830,0.00525164,red_pixel_threshold_300dpi
36,129,517,0.00056830,0.00262582,red_pixel_threshold_300dpi
37,130,515,0.00057732,0.00787746,red_pixel_threshold_300dpi
38,130,516,0.00057732,0.00525164,red_pixel_threshold_300dpi
39,147,506,0.00073067,0.03150985,red_pixel_threshold_300dpi
40,148,505,0.00073969,0.03413567,red_pixel_threshold_300dpi
41,148,506,0.00073969,0.03150985,red_pixel_threshold_300dpi
42,148,507,0.00073969,0.02888403,red_pixel_threshold_300dpi
43,149,505,0.00074871,0.03413567,red_pixel_threshold_300dpi
44,149,506,0.00074871,0.03150985,red_pixel_threshold_300dpi
45,150,504,0.00075773,0.03676149,red_pixel_threshold_300dpi
46,150,505,0.00075773,0.03413567,red_pixel_threshold_300dpi
47,150,506,0.00075773,0.03150985,red_pixel_threshold_300dpi
48,151,504,0.00076675,0.03676149,red_pixel_threshold_300dpi
49,151,505,0.00076675,0.03413567,red_pixel_threshold_300dpi
50,151,506,0.00076675,0.03150985,red_pixel_threshold_300dpi
51,161,499,0.00085696,0.04989059,red_pixel_threshold_300dpi
52,161,500,0.00085696,0.04726477,red_pixel_threshold_300dpi
53,162,499,0.00086598,0.04989059,red_pixel_threshold_300dpi
54,162,500,0.00086598,0.04726477,red_pixel_threshold_300dpi
55,163,500,0.00087500,0.04726477,red_pixel_threshold_300dpi
56,179,490,0.00101933,0.07352298,red_pixel_threshold_300dpi
57,180,489,0.00102835,0.07614880,red_pixel_threshold_300dpi
58,180,490,0.00102835,0.07352298,red_pixel_threshold_300dpi
59,181,489,0.00103737,0.07614880,red_pixel_threshold_300dpi
60,181,490,0.00103737,0.07352298,red_pixel_threshold_300dpi
61,181,491,0.00103737,0.07089716,red_pixel_threshold_300dpi
62,182,488,0.00104639,0.07877462,red_pixel_threshold_300dpi
63,182,489,0.00104639,0.07614880,red_pixel_threshold_300dpi
64,182,490,0.00104639,0.07352298,red_pixel_threshold_300dpi
65,182,491,0.00104639,0.07089716,red_pixel_threshold_300dpi
66,183,488,0.00105541,0.07877462,red_pixel_threshold_300dpi
67,183,489,0.00105541,0.07614880,red_pixel_threshold_300dpi
68,183,490,0.00105541,0.07352298,red_pixel_threshold_300dpi
69,183,491,0.00105541,0.07089716,red_pixel_threshold_300dpi
70,184,489,0.00106443,0.07614880,red_pixel_threshold_300dpi
71,184,490,0.00106443,0.07352298,red_pixel_threshold_300dpi
72,185,489,0.00107345,0.07614880,red_pixel_threshold_300dpi
73,200,480,0.00120876,0.09978118,red_pixel_threshold_300dpi
74,201,479,0.00121778,0.10240700,red_pixel_threshold_300dpi
75,201,480,0.00121778,0.09978118,red_pixel_threshold_300dpi
76,202,479,0.00122680,0.10240700,red_pixel_threshold_300dpi
77,202,480,0.00122680,0.09978118,red_pixel_threshold_300dpi
78,203,478,0.00123582,0.10503282,red_pixel_threshold_300dpi
79,203,479,0.00123582,0.10240700,red_pixel_threshold_300dpi
80,203,480,0.00123582,0.09978118,red_pixel_threshold_300dpi
81,204,478,0.00124485,0.10503282,red_pixel_threshold_300dpi
82,204,479,0.00124485,0.10240700,red_pixel_threshold_300dpi
83,204,480,0.00124485,0.09978118,red_pixel_threshold_300dpi
84,214,473,0.00133505,0.11816193,red_pixel_threshold_300dpi
85,215,472,0.00134407,0.12078775,red_pixel_threshold_300dpi
86,215,473,0.00134407,0.11816193,red_pixel_threshold_300dpi
87,215,474,0.00134407,0.11553611,red_pixel_threshold_300dpi
88,216,472,0.00135309,0.12078775,red_pixel_threshold_300dpi
89,216,473,0.00135309,0.11816193,red_pixel_threshold_300dpi
90,216,474,0.00135309,0.11553611,red_pixel_threshold_300dpi
91,221,469,0.00139820,0.12866521,red_pixel_threshold_300dpi
92,222,469,0.00140722,0.12866521,red_pixel_threshold_300dpi
93,223,471,0.00141624,0.12341357,red_pixel_threshold_300dpi
94,224,470,0.00142526,0.12603939,red_pixel_threshold_300dpi
95,233,463,0.00150644,0.14442013,red_pixel_threshold_300dpi
96,233,464,0.00150644,0.14179431,red_pixel_threshold_300dpi
97,233,465,0.00150644,0.13916849,red_pixel_threshold_300dpi
98,234,463,0.00151546,0.14442013,red_pixel_threshold_300dpi
99,234,464,0.00151546,0.14179431,red_pixel_threshold_300dpi
100,234,465,0.00151546,0.13916849,red_pixel_threshold_300dpi
101,235,462,0.00152448,0.14704595,red_pixel_threshold_300dpi
102,235,463,0.00152448,0.14442013,red_pixel_threshold_300dpi
103,235,464,0.00152448,0.14179431,red_pixel_threshold_300dpi
104,236,462,0.00153351,0.14704595,red_pixel_threshold_300dpi
105,236,463,0.00153351,0.14442013,red_pixel_threshold_300dpi
106,236,464,0.00153351,0.14179431,red_pixel_threshold_300dpi
107,237,462,0.00154253,0.14704595,red_pixel_threshold_300dpi
108,237,464,0.00154253,0.14179431,red_pixel_threshold_300dpi
109,238,463,0.00155155,0.14442013,red_pixel_threshold_300dpi
110,254,453,0.00169588,0.17067834,red_pixel_threshold_300dpi
111,254,454,0.00169588,0.16805252,red_pixel_threshold_300dpi
112,255,453,0.00170490,0.17067834,red_pixel_threshold_300dpi
113,255,454,0.00170490,0.16805252,red_pixel_threshold_300dpi
114,256,453,0.00171392,0.17067834,red_pixel_threshold_300dpi
115,256,454,0.00171392,0.16805252,red_pixel_threshold_300dpi
116,256,455,0.00171392,0.16542670,red_pixel_threshold_300dpi
117,257,452,0.00172294,0.17330416,red_pixel_threshold_300dpi
118,257,453,0.00172294,0.17067834,red_pixel_threshold_300dpi
119,257,454,0.00172294,0.16805252,red_pixel_threshold_300dpi
120,258,452,0.00173196,0.17330416,red_pixel_threshold_300dpi
121,267,447,0.00181314,0.18643326,red_pixel_threshold_300dpi
122,268,447,0.00182216,0.18643326,red_pixel_threshold_300dpi
123,268,448,0.00182216,0.18380744,red_pixel_threshold_300dpi
124,269,447,0.00183119,0.18643326,red_pixel_threshold_300dpi
125,269,448,0.00183119,0.18380744,red_pixel_threshold_300dpi
126,270,449,0.00184021,0.18118162,red_pixel_threshold_300dpi
127,286,438,0.00198454,0.21006565,red_pixel_threshold_300dpi
128,287,437,0.00199356,0.21269147,red_pixel_threshold_300dpi
129,287,438,0.00199356,0.21006565,red_pixel_threshold_300dpi
130,288,437,0.00200258,0.21269147,red_pixel_threshold_300dpi
131,288,438,0.00200258,0.21006565,red_pixel_threshold_300dpi
132,289,437,0.00201160,0.21269147,red_pixel_threshold_300dpi
133,289,438,0.00201160,0.21006565,red_pixel_threshold_300dpi
134,290,437,0.00202062,0.21269147,red_pixel_threshold_300dpi
135,290,438,0.00202062,0.21006565,red_pixel_threshold_300dpi
136,307,427,0.00217397,0.23894967,red_pixel_threshold_300dpi
137,307,428,0.00217397,0.23632385,red_pixel_threshold_300dpi
138,308,428,0.00218299,0.23632385,red_pixel_threshold_300dpi
139,309,427,0.00219201,0.23894967,red_pixel_threshold_300dpi
140,309,428,0.00219201,0.23632385,red_pixel_threshold_300dpi
141,309,429,0.00219201,0.23369803,red_pixel_threshold_300dpi
142,310,427,0.00220103,0.23894967,red_pixel_threshold_300dpi
143,310,428,0.00220103,0.23632385,red_pixel_threshold_300dpi
144,311,426,0.00221005,0.24157549,red_pixel_threshold_300dpi
145,311,427,0.00221005,0.23894967,red_pixel_threshold_300dpi
146,311,428,0.00221005,0.23632385,red_pixel_threshold_300dpi
147,312,428,0.00221907,0.23632385,red_pixel_threshold_300dpi
148,321,421,0.00230026,0.25470460,red_pixel_threshold_300dpi
149,322,421,0.00230928,0.25470460,red_pixel_threshold_300dpi
150,322,422,0.00230928,0.25207877,red_pixel_threshold_300dpi
151,323,421,0.00231830,0.25470460,red_pixel_threshold_300dpi
152,324,421,0.00232732,0.25470460,red_pixel_threshold_300dpi
153,325,422,0.00233634,0.25207877,red_pixel_threshold_300dpi
154,329,417,0.00237242,0.26520788,red_pixel_threshold_300dpi
155,330,417,0.00238144,0.26520788,red_pixel_threshold_300dpi
156,340,412,0.00247165,0.27833698,red_pixel_threshold_300dpi
157,341,411,0.00248067,0.28096280,red_pixel_threshold_300dpi
158,341,412,0.00248067,0.27833698,red_pixel_threshold_300dpi
159,341,413,0.00248067,0.27571116,red_pixel_threshold_300dpi
160,341,414,0.00248067,0.27308534,red_pixel_threshold_300dpi
161,342,411,0.00248969,0.28096280,red_pixel_threshold_300dpi
162,342,412,0.00248969,0.27833698,red_pixel_threshold_300dpi
163,343,411,0.00249871,0.28096280,red_pixel_threshold_300dpi
164,344,411,0.00250773,0.28096280,red_pixel_threshold_300dpi
165,361,402,0.00266108,0.30459519,red_pixel_threshold_300dpi
166,363,401,0.00267912,0.30722101,red_pixel_threshold_300dpi
167,363,402,0.00267912,0.30459519,red_pixel_threshold_300dpi
168,364,401,0.00268814,0.30722101,red_pixel_threshold_300dpi
169,364,402,0.00268814,0.30459519,red_pixel_threshold_300dpi
170,365,400,0.00269716,0.30984683,red_pixel_threshold_300dpi
171,365,401,0.00269716,0.30722101,red_pixel_threshold_300dpi
172,366,400,0.00270619,0.30984683,red_pixel_threshold_300dpi
173,374,396,0.00277835,0.32035011,red_pixel_threshold_300dpi
174,375,395,0.00278737,0.32297593,red_pixel_threshold_300dpi
175,375,396,0.00278737,0.32035011,red_pixel_threshold_300dpi
176,376,395,0.00279639,0.32297593,red_pixel_threshold_300dpi
177,376,396,0.00279639,0.32035011,red_pixel_threshold_300dpi
178,377,395,0.00280541,0.32297593,red_pixel_threshold_300dpi
179,383,391,0.00285954,0.33347921,red_pixel_threshold_300dpi
180,394,387,0.00295876,0.34398249,red_pixel_threshold_300dpi
181,394,388,0.00295876,0.34135667,red_pixel_threshold_300dpi
182,395,386,0.00296778,0.34660832,red_pixel_threshold_300dpi
183,395,387,0.00296778,0.34398249,red_pixel_threshold_300dpi
184,396,385,0.00297680,0.34923414,red_pixel_threshold_300dpi
185,396,386,0.00297680,0.34660832,red_pixel_threshold_300dpi
186,396,387,0.00297680,0.34398249,red_pixel_threshold_300dpi
187,397,385,0.00298582,0.34923414,red_pixel_threshold_300dpi
188,397,386,0.00298582,0.34660832,red_pixel_threshold_300dpi
189,398,385,0.00299485,0.34923414,red_pixel_threshold_300dpi
190,398,386,0.00299485,0.34660832,red_pixel_threshold_300dpi
191,399,385,0.00300387,0.34923414,red_pixel_threshold_300dpi
192,414,376,0.00313918,0.37286652,red_pixel_threshold_300dpi
193,415,376,0.00314820,0.37286652,red_pixel_threshold_300dpi
194,415,377,0.00314820,0.37024070,red_pixel_threshold_300dpi
195,416,376,0.00315722,0.37286652,red_pixel_threshold_300dpi
196,416,377,0.00315722,0.37024070,red_pixel_threshold_300dpi
197,417,375,0.00316624,0.37549234,red_pixel_threshold_300dpi
198,417,376,0.00316624,0.37286652,red_pixel_threshold_300dpi
199,417,377,0.00316624,0.37024070,red_pixel_threshold_300dpi
200,418,375,0.00317526,0.37549234,red_pixel_threshold_300dpi
201,418,376,0.00317526,0.37286652,red_pixel_threshold_300dpi
202,419,375,0.00318428,0.37549234,red_pixel_threshold_300dpi
203,420,375,0.00319330,0.37549234,red_pixel_threshold_300dpi
204,428,370,0.00326546,0.38862144,red_pixel_threshold_300dpi
205,428,371,0.00326546,0.38599562,red_pixel_threshold_300dpi
206,429,370,0.00327448,0.38862144,red_pixel_threshold_300dpi
207,430,369,0.00328351,0.39124726,red_pixel_threshold_300dpi
208,430,370,0.00328351,0.38862144,red_pixel_threshold_300dpi
209,431,369,0.00329253,0.39124726,red_pixel_threshold_300dpi
210,431,370,0.00329253,0.38862144,red_pixel_threshold_300dpi
211,447,361,0.00343686,0.41225383,red_pixel_threshold_300dpi
212,448,361,0.00344588,0.41225383,red_pixel_threshold_300dpi
213,448,362,0.00344588,0.40962801,red_pixel_threshold_300dpi
214,449,360,0.00345490,0.41487965,red_pixel_threshold_300dpi
215,449,361,0.00345490,0.41225383,red_pixel_threshold_300dpi
216,449,362,0.00345490,0.40962801,red_pixel_threshold_300dpi
217,450,360,0.00346392,0.41487965,red_pixel_threshold_300dpi
218,450,361,0.00346392,0.41225383,red_pixel_threshold_300dpi
219,450,362,0.00346392,0.40962801,red_pixel_threshold_300dpi
220,451,360,0.00347294,0.41487965,red_pixel_threshold_300dpi
221,451,361,0.00347294,0.41225383,red_pixel_threshold_300dpi
222,452,359,0.00348196,0.41750547,red_pixel_threshold_300dpi
223,452,360,0.00348196,0.41487965,red_pixel_threshold_300dpi
224,453,360,0.00349098,0.41487965,red_pixel_threshold_300dpi
225,469,351,0.00363531,0.43851204,red_pixel_threshold_300dpi
226,469,352,0.00363531,0.43588621,red_pixel_threshold_300dpi
227,470,350,0.00364433,0.44113786,red_pixel_threshold_300dpi
228,470,351,0.00364433,0.43851204,red_pixel_threshold_300dpi
229,470,352,0.00364433,0.43588621,red_pixel_threshold_300dpi
230,471,350,0.00365335,0.44113786,red_pixel_threshold_300dpi
231,471,351,0.00365335,0.43851204,red_pixel_threshold_300dpi
232,471,352,0.00365335,0.43588621,red_pixel_threshold_300dpi
233,472,350,0.00366237,0.44113786,red_pixel_threshold_300dpi
234,472,351,0.00366237,0.43851204,red_pixel_threshold_300dpi
235,473,350,0.00367139,0.44113786,red_pixel_threshold_300dpi
236,481,346,0.00374356,0.45164114,red_pixel_threshold_300dpi
237,481,347,0.00374356,0.44901532,red_pixel_threshold_300dpi
238,482,345,0.00375258,0.45426696,red_pixel_threshold_300dpi
239,482,346,0.00375258,0.45164114,red_pixel_threshold_300dpi
240,482,347,0.00375258,0.44901532,red_pixel_threshold_300dpi
241,483,346,0.00376160,0.45164114,red_pixel_threshold_300dpi
242,483,347,0.00376160,0.44901532,red_pixel_threshold_300dpi
243,484,344,0.00377062,0.45689278,red_pixel_threshold_300dpi
244,484,345,0.00377062,0.45426696,red_pixel_threshold_300dpi
245,485,345,0.00377964,0.45426696,red_pixel_threshold_300dpi
246,490,343,0.00382474,0.45951860,red_pixel_threshold_300dpi
247,491,342,0.00383376,0.46214442,red_pixel_threshold_300dpi
248,501,336,0.00392397,0.47789934,red_pixel_threshold_300dpi
249,501,337,0.00392397,0.47527352,red_pixel_threshold_300dpi
250,501,338,0.00392397,0.47264770,red_pixel_threshold_300dpi
251,502,336,0.00393299,0.47789934,red_pixel_threshold_300dpi
252,502,337,0.00393299,0.47527352,red_pixel_threshold_300dpi
253,503,335,0.00394201,0.48052516,red_pixel_threshold_300dpi
254,503,336,0.00394201,0.47789934,red_pixel_threshold_300dpi
255,503,337,0.00394201,0.47527352,red_pixel_threshold_300dpi
256,504,335,0.00395103,0.48052516,red_pixel_threshold_300dpi
257,504,336,0.00395103,0.47789934,red_pixel_threshold_300dpi
258,505,334,0.00396005,0.48315098,red_pixel_threshold_300dpi
259,505,335,0.00396005,0.48052516,red_pixel_threshold_300dpi
260,505,336,0.00396005,0.47789934,red_pixel_threshold_300dpi
261,506,334,0.00396907,0.48315098,red_pixel_threshold_300dpi
262,506,335,0.00396907,0.48052516,red_pixel_threshold_300dpi
263,507,334,0.00397809,0.48315098,red_pixel_threshold_300dpi
264,507,335,0.00397809,0.48052516,red_pixel_threshold_300dpi
265,508,334,0.00398711,0.48315098,red_pixel_threshold_300dpi
266,508,335,0.00398711,0.48052516,red_pixel_threshold_300dpi
267,509,334,0.00399613,0.48315098,red_pixel_threshold_300dpi
268,518,329,0.00407732,0.49628009,red_pixel_threshold_300dpi
269,519,330,0.00408634,0.49365427,red_pixel_threshold_300dpi
270,520,329,0.00409536,0.49628009,red_pixel_threshold_300dpi
271,521,328,0.00410438,0.49890591,red_pixel_threshold_300dpi
272,522,327,0.00411340,0.50153173,red_pixel_threshold_300dpi
273,522,328,0.00411340,0.49890591,red_pixel_threshold_300dpi
274,523,325,0.00412242,0.50678337,red_pixel_threshold_300dpi
275,523,327,0.00412242,0.50153173,red_pixel_threshold_300dpi
276,523,328,0.00412242,0.49890591,red_pixel_threshold_300dpi
277,524,325,0.00413144,0.50678337,red_pixel_threshold_300dpi
278,524,326,0.00413144,0.50415755,red_pixel_threshold_300dpi
279,524,327,0.00413144,0.50153173,red_pixel_threshold_300dpi
280,525,325,0.00414046,0.50678337,red_pixel_threshold_300dpi
281,525,326,0.00414046,0.50415755,red_pixel_threshold_300dpi
282,525,327,0.00414046,0.50153173,red_pixel_threshold_300dpi
283,526,325,0.00414948,0.50678337,red_pixel_threshold_300dpi
284,526,326,0.00414948,0.50415755,red_pixel_threshold_300dpi
285,526,327,0.00414948,0.50153173,red_pixel_threshold_300dpi
286,527,325,0.00415851,0.50678337,red_pixel_threshold_300dpi
287,527,326,0.00415851,0.50415755,red_pixel_threshold_300dpi
288,536,320,0.00423969,0.51991247,red_pixel_threshold_300dpi
289,536,321,0.00423969,0.51728665,red_pixel_threshold_300dpi
290,537,320,0.00424871,0.51991247,red_pixel_threshold_300dpi
291,537,321,0.00424871,0.51728665,red_pixel_threshold_300dpi
292,538,319,0.00425773,0.52253829,red_pixel_threshold_300dpi
293,538,320,0.00425773,0.51991247,red_pixel_threshold_300dpi
294,538,321,0.00425773,0.51728665,red_pixel_threshold_300dpi
295,539,319,0.00426675,0.52253829,red_pixel_threshold_300dpi
296,539,320,0.00426675,0.51991247,red_pixel_threshold_300dpi
297,540,320,0.00427577,0.51991247,red_pixel_threshold_300dpi
298,541,320,0.00428479,0.51991247,red_pixel_threshold_300dpi
299,542,319,0.00429381,0.52253829,red_pixel_threshold_300dpi
300,543,318,0.00430284,0.52516411,red_pixel_threshold_300dpi
301,544,317,0.00431186,0.52778993,red_pixel_threshold_300dpi
302,544,318,0.00431186,0.52516411,red_pixel_threshold_300dpi
303,545,317,0.00432088,0.52778993,red_pixel_threshold_300dpi
304,545,318,0.00432088,0.52516411,red_pixel_threshold_300dpi
305,554,313,0.00440206,0.53829322,red_pixel_threshold_300dpi
306,555,312,0.00441108,0.54091904,red_pixel_threshold_300dpi
307,555,313,0.00441108,0.53829322,red_pixel_threshold_300dpi
308,556,311,0.00442010,0.54354486,red_pixel_threshold_300dpi
309,556,312,0.00442010,0.54091904,red_pixel_threshold_300dpi
310,556,313,0.00442010,0.53829322,red_pixel_threshold_300dpi
311,557,311,0.00442912,0.54354486,red_pixel_threshold_300dpi
312,557,312,0.00442912,0.54091904,red_pixel_threshold_300dpi
313,558,310,0.00443814,0.54617068,red_pixel_threshold_300dpi
314,558,311,0.00443814,0.54354486,red_pixel_threshold_300dpi
315,558,312,0.00443814,0.54091904,red_pixel_threshold_300dpi
316,559,310,0.00444716,0.54617068,red_pixel_threshold_300dpi
317,559,311,0.00444716,0.54354486,red_pixel_threshold_300dpi
318,559,312,0.00444716,0.54091904,red_pixel_threshold_300dpi
319,560,310,0.00445619,0.54617068,red_pixel_threshold_300dpi
320,560,311,0.00445619,0.54354486,red_pixel_threshold_300dpi
321,561,309,0.00446521,0.54879650,red_pixel_threshold_300dpi
322,561,310,0.00446521,0.54617068,red_pixel_threshold_300dpi
323,562,309,0.00447423,0.54879650,red_pixel_threshold_300dpi
324,562,310,0.00447423,0.54617068,red_pixel_threshold_300dpi
325,563,309,0.00448325,0.54879650,red_pixel_threshold_300dpi
326,563,310,0.00448325,0.54617068,red_pixel_threshold_300dpi
327,573,305,0.00457345,0.55929978,red_pixel_threshold_300dpi
328,574,304,0.00458247,0.56192560,red_pixel_threshold_300dpi
329,575,303,0.00459149,0.56455142,red_pixel_threshold_300dpi
330,575,304,0.00459149,0.56192560,red_pixel_threshold_300dpi
331,576,302,0.00460052,0.56717724,red_pixel_threshold_300dpi
332,576,303,0.00460052,0.56455142,red_pixel_threshold_300dpi
333,576,304,0.00460052,0.56192560,red_pixel_threshold_300dpi
334,577,302,0.00460954,0.56717724,red_pixel_threshold_300dpi
335,577,303,0.00460954,0.56455142,red_pixel_threshold_300dpi
336,578,301,0.00461856,0.56980306,red_pixel_threshold_300dpi
337,578,302,0.00461856,0.56717724,red_pixel_threshold_300dpi
338,578,303,0.00461856,0.56455142,red_pixel_threshold_300dpi
339,579,300,0.00462758,0.57242888,red_pixel_threshold_300dpi
340,579,301,0.00462758,0.56980306,red_pixel_threshold_300dpi
341,579,302,0.00462758,0.56717724,red_pixel_threshold_300dpi
342,580,301,0.00463660,0.56980306,red_pixel_threshold_300dpi
343,580,302,0.00463660,0.56717724,red_pixel_threshold_300dpi
344,581,300,0.00464562,0.57242888,red_pixel_threshold_300dpi
345,581,301,0.00464562,0.56980306,red_pixel_threshold_300dpi
346,590,296,0.00472680,0.58293217,red_pixel_threshold_300dpi
347,590,297,0.00472680,0.58030635,red_pixel_threshold_300dpi
348,591,295,0.00473582,0.58555799,red_pixel_threshold_300dpi
349,591,296,0.00473582,0.58293217,red_pixel_threshold_300dpi
350,591,297,0.00473582,0.58030635,red_pixel_threshold_300dpi
351,592,295,0.00474485,0.58555799,red_pixel_threshold_300dpi
352,592,296,0.00474485,0.58293217,red_pixel_threshold_300dpi
353,592,297,0.00474485,0.58030635,red_pixel_threshold_300dpi
354,593,295,0.00475387,0.58555799,red_pixel_threshold_300dpi
355,593,296,0.00475387,0.58293217,red_pixel_threshold_300dpi
356,594,294,0.00476289,0.58818381,red_pixel_threshold_300dpi
357,594,295,0.00476289,0.58555799,red_pixel_threshold_300dpi
358,594,296,0.00476289,0.58293217,red_pixel_threshold_300dpi
359,595,293,0.00477191,0.59080963,red_pixel_threshold_300dpi
360,595,294,0.00477191,0.58818381,red_pixel_threshold_300dpi
361,595,295,0.00477191,0.58555799,red_pixel_threshold_300dpi
362,596,293,0.00478093,0.59080963,red_pixel_threshold_300dpi
363,596,294,0.00478093,0.58818381,red_pixel_threshold_300dpi
364,596,295,0.00478093,0.58555799,red_pixel_threshold_300dpi
365,597,293,0.00478995,0.59080963,red_pixel_threshold_300dpi
366,597,294,0.00478995,0.58818381,red_pixel_threshold_300dpi
367,598,293,0.00479897,0.59080963,red_pixel_threshold_300dpi
368,598,294,0.00479897,0.58818381,red_pixel_threshold_300dpi
369,599,293,0.00480799,0.59080963,red_pixel_threshold_300dpi
370,599,294,0.00480799,0.58818381,red_pixel_threshold_300dpi
371,600,293,0.00481701,0.59080963,red_pixel_threshold_300dpi
372,609,288,0.00489820,0.60393873,red_pixel_threshold_300dpi
373,609,289,0.00489820,0.60131291,red_pixel_threshold_300dpi
374,610,287,0.00490722,0.60656455,red_pixel_threshold_300dpi
375,610,288,0.00490722,0.60393873,red_pixel_threshold_300dpi
376,610,289,0.00490722,0.60131291,red_pixel_threshold_300dpi
377,611,287,0.00491624,0.60656455,red_pixel_threshold_300dpi
378,611,288,0.00491624,0.60393873,red_pixel_threshold_300dpi
379,612,286,0.00492526,0.60919037,red_pixel_threshold_300dpi
380,612,287,0.00492526,0.60656455,red_pixel_threshold_300dpi
381,612,288,0.00492526,0.60393873,red_pixel_threshold_300dpi
382,613,286,0.00493428,0.60919037,red_pixel_threshold_300dpi
383,613,287,0.00493428,0.60656455,red_pixel_threshold_300dpi
384,613,288,0.00493428,0.60393873,red_pixel_threshold_300dpi
385,614,286,0.00494330,0.60919037,red_pixel_threshold_300dpi
386,614,287,0.00494330,0.60656455,red_pixel_threshold_300dpi
387,615,285,0.00495232,0.61181619,red_pixel_threshold_300dpi
388,615,286,0.00495232,0.60919037,red_pixel_threshold_300dpi
389,616,285,0.00496134,0.61181619,red_pixel_threshold_300dpi
390,616,286,0.00496134,0.60919037,red_pixel_threshold_300dpi
391,617,284,0.00497036,0.61444201,red_pixel_threshold_300dpi
392,617,285,0.00497036,0.61181619,red_pixel_threshold_300dpi
393,617,286,0.00497036,0.60919037,red_pixel_threshold_300dpi
394,618,284,0.00497938,0.61444201,red_pixel_threshold_300dpi
395,618,285,0.00497938,0.61181619,red_pixel_threshold_300dpi
396,627,280,0.00506057,0.62494530,red_pixel_threshold_300dpi
397,627,281,0.00506057,0.62231947,red_pixel_threshold_300dpi
398,628,280,0.00506959,0.62494530,red_pixel_threshold_300dpi
399,628,281,0.00506959,0.62231947,red_pixel_threshold_300dpi
400,629,280,0.00507861,0.62494530,red_pixel_threshold_300dpi
401,629,281,0.00507861,0.62231947,red_pixel_threshold_300dpi
402,630,279,0.00508763,0.62757112,red_pixel_threshold_300dpi
403,630,280,0.00508763,0.62494530,red_pixel_threshold_300dpi
404,631,278,0.00509665,0.63019694,red_pixel_threshold_300dpi
405,631,279,0.00509665,0.62757112,red_pixel_threshold_300dpi
406,632,277,0.00510567,0.63282276,red_pixel_threshold_300dpi
407,632,278,0.00510567,0.63019694,red_pixel_threshold_300dpi
408,632,279,0.00510567,0.62757112,red_pixel_threshold_300dpi
409,633,277,0.00511469,0.63282276,red_pixel_threshold_300dpi
410,633,278,0.00511469,0.63019694,red_pixel_threshold_300dpi
411,633,279,0.00511469,0.62757112,red_pixel_threshold_300dpi
412,634,277,0.00512371,0.63282276,red_pixel_threshold_300dpi
413,634,278,0.00512371,0.63019694,red_pixel_threshold_300dpi
414,635,277,0.00513273,0.63282276,red_pixel_threshold_300dpi
415,635,278,0.00513273,0.63019694,red_pixel_threshold_300dpi
416,645,272,0.00522294,0.64595186,red_pixel_threshold_300dpi
417,645,273,0.00522294,0.64332604,red_pixel_threshold_300dpi
418,646,272,0.00523196,0.64595186,red_pixel_threshold_300dpi
419,646,273,0.00523196,0.64332604,red_pixel_threshold_300dpi
420,646,274,0.00523196,0.64070022,red_pixel_threshold_300dpi
421,647,271,0.00524098,0.64857768,red_pixel_threshold_300dpi
422,647,272,0.00524098,0.64595186,red_pixel_threshold_300dpi
423,647,273,0.00524098,0.64332604,red_pixel_threshold_300dpi
424,648,270,0.00525000,0.65120350,red_pixel_threshold_300dpi
425,648,271,0.00525000,0.64857768,red_pixel_threshold_300dpi
426,648,272,0.00525000,0.64595186,red_pixel_threshold_300dpi
427,649,270,0.00525902,0.65120350,red_pixel_threshold_300dpi
428,649,271,0.00525902,0.64857768,red_pixel_threshold_300dpi
429,649,272,0.00525902,0.64595186,red_pixel_threshold_300dpi
430,650,270,0.00526804,0.65120350,red_pixel_threshold_300dpi
431,650,271,0.00526804,0.64857768,red_pixel_threshold_300dpi
432,651,270,0.00527706,0.65120350,red_pixel_threshold_300dpi
433,651,271,0.00527706,0.64857768,red_pixel_threshold_300dpi
434,652,269,0.00528608,0.65382932,red_pixel_threshold_300dpi
435,652,270,0.00528608,0.65120350,red_pixel_threshold_300dpi
436,653,269,0.00529510,0.65382932,red_pixel_threshold_300dpi
437,653,270,0.00529510,0.65120350,red_pixel_threshold_300dpi
438,654,269,0.00530412,0.65382932,red_pixel_threshold_300dpi
439,654,270,0.00530412,0.65120350,red_pixel_threshold_300dpi
440,655,269,0.00531314,0.65382932,red_pixel_threshold_300dpi
441,663,265,0.00538531,0.66433260,red_pixel_threshold_300dpi
442,664,264,0.00539433,0.66695842,red_pixel_threshold_300dpi
443,665,263,0.00540335,0.66958425,red_pixel_threshold_300dpi
444,665,264,0.00540335,0.66695842,red_pixel_threshold_300dpi
445,665,265,0.00540335,0.66433260,red_pixel_threshold_300dpi
446,666,263,0.00541237,0.66958425,red_pixel_threshold_300dpi
447,666,264,0.00541237,0.66695842,red_pixel_threshold_300dpi
448,666,265,0.00541237,0.66433260,red_pixel_threshold_300dpi
449,667,263,0.00542139,0.66958425,red_pixel_threshold_300dpi
450,667,264,0.00542139,0.66695842,red_pixel_threshold_300dpi
451,668,262,0.00543041,0.67221007,red_pixel_threshold_300dpi
452,668,263,0.00543041,0.66958425,red_pixel_threshold_300dpi
453,668,264,0.00543041,0.66695842,red_pixel_threshold_300dpi
454,669,262,0.00543943,0.67221007,red_pixel_threshold_300dpi
455,669,263,0.00543943,0.66958425,red_pixel_threshold_300dpi
456,669,264,0.00543943,0.66695842,red_pixel_threshold_300dpi
457,670,262,0.00544845,0.67221007,red_pixel_threshold_300dpi
458,670,263,0.00544845,0.66958425,red_pixel_threshold_300dpi
459,671,261,0.00545747,0.67483589,red_pixel_threshold_300dpi
460,671,262,0.00545747,0.67221007,red_pixel_threshold_300dpi
461,672,261,0.00546649,0.67483589,red_pixel_threshold_300dpi
462,672,262,0.00546649,0.67221007,red_pixel_threshold_300dpi
463,673,262,0.00547552,0.67221007,red_pixel_threshold_300dpi
464,681,257,0.00554768,0.68533917,red_pixel_threshold_300dpi
465,681,258,0.00554768,0.68271335,red_pixel_threshold_300dpi
466,682,257,0.00555670,0.68533917,red_pixel_threshold_300dpi
467,682,258,0.00555670,0.68271335,red_pixel_threshold_300dpi
468,683,256,0.00556572,0.68796499,red_pixel_threshold_300dpi
469,683,257,0.00556572,0.68533917,red_pixel_threshold_300dpi
470,683,258,0.00556572,0.68271335,red_pixel_threshold_300dpi
471,684,256,0.00557474,0.68796499,red_pixel_threshold_300dpi
472,684,257,0.00557474,0.68533917,red_pixel_threshold_300dpi
473,684,258,0.00557474,0.68271335,red_pixel_threshold_300dpi
474,685,255,0.00558376,0.69059081,red_pixel_threshold_300dpi
475,685,256,0.00558376,0.68796499,red_pixel_threshold_300dpi
476,685,257,0.00558376,0.68533917,red_pixel_threshold_300dpi
477,685,258,0.00558376,0.68271335,red_pixel_threshold_300dpi
478,686,255,0.00559278,0.69059081,red_pixel_threshold_300dpi
479,686,256,0.00559278,0.68796499,red_pixel_threshold_300dpi
480,686,257,0.00559278,0.68533917,red_pixel_threshold_300dpi
481,687,254,0.00560180,0.69321663,red_pixel_threshold_300dpi
482,687,255,0.00560180,0.69059081,red_pixel_threshold_300dpi
483,687,256,0.00560180,0.68796499,red_pixel_threshold_300dpi
484,688,254,0.00561082,0.69321663,red_pixel_threshold_300dpi
485,688,255,0.00561082,0.69059081,red_pixel_threshold_300dpi
486,688,256,0.00561082,0.68796499,red_pixel_threshold_300dpi
487,689,254,0.00561985,0.69321663,red_pixel_threshold_300dpi
488,689,255,0.00561985,0.69059081,red_pixel_threshold_300dpi
489,690,253,0.00562887,0.69584245,red_pixel_threshold_300dpi
490,690,254,0.00562887,0.69321663,red_pixel_threshold_300dpi
491,690,255,0.00562887,0.69059081,red_pixel_threshold_300dpi
492,691,254,0.00563789,0.69321663,red_pixel_threshold_300dpi
493,691,255,0.00563789,0.69059081,red_pixel_threshold_300dpi
494,700,250,0.00571907,0.70371991,red_pixel_threshold_300dpi
495,700,251,0.00571907,0.70109409,red_pixel_threshold_300dpi
496,701,249,0.00572809,0.70634573,red_pixel_threshold_300dpi
497,701,250,0.00572809,0.70371991,red_pixel_threshold_300dpi
498,702,249,0.00573711,0.70634573,red_pixel_threshold_300dpi
499,702,250,0.00573711,0.70371991,red_pixel_threshold_300dpi
500,703,248,0.00574613,0.70897155,red_pixel_threshold_300dpi
501,703,249,0.00574613,0.70634573,red_pixel_threshold_300dpi
502,703,250,0.00574613,0.70371991,red_pixel_threshold_300dpi
503,704,248,0.00575515,0.70897155,red_pixel_threshold_300dpi
504,704,249,0.00575515,0.70634573,red_pixel_threshold_300dpi
505,705,248,0.00576418,0.70897155,red_pixel_threshold_300dpi
506,705,249,0.00576418,0.70634573,red_pixel_threshold_300dpi
507,706,247,0.00577320,0.71159737,red_pixel_threshold_300dpi
508,706,248,0.00577320,0.70897155,red_pixel_threshold_300dpi
509,706,249,0.00577320,0.70634573,red_pixel_threshold_300dpi
510,707,247,0.00578222,0.71159737,red_pixel_threshold_300dpi
511,707,248,0.00578222,0.70897155,red_pixel_threshold_300dpi
512,707,249,0.00578222,0.70634573,red_pixel_threshold_300dpi
513,708,247,0.00579124,0.71159737,red_pixel_threshold_300dpi
514,708,248,0.00579124,0.70897155,red_pixel_threshold_300dpi
515,709,247,0.00580026,0.71159737,red_pixel_threshold_300dpi
516,709,248,0.00580026,0.70897155,red_pixel_threshold_300dpi
517,716,245,0.00586340,0.71684902,red_pixel_threshold_300dpi
518,716,246,0.00586340,0.71422319,red_pixel_threshold_300dpi
519,717,245,0.00587242,0.71684902,red_pixel_threshold_300dpi
520,717,246,0.00587242,0.71422319,red_pixel_threshold_300dpi
521,718,245,0.00588144,0.71684902,red_pixel_threshold_300dpi
522,718,246,0.00588144,0.71422319,red_pixel_threshold_300dpi
523,718,247,0.00588144,0.71159737,red_pixel_threshold_300dpi
524,719,246,0.00589046,0.71422319,red_pixel_threshold_300dpi
525,719,247,0.00589046,0.71159737,red_pixel_threshold_300dpi
526,719,248,0.00589046,0.70897155,red_pixel_threshold_300dpi
527,720,247,0.00589948,0.71159737,red_pixel_threshold_300dpi
528,720,248,0.00589948,0.70897155,red_pixel_threshold_300dpi
529,720,249,0.00589948,0.70634573,red_pixel_threshold_300dpi
530,721,248,0.00590851,0.70897155,red_pixel_threshold_300dpi
531,721,249,0.00590851,0.70634573,red_pixel_threshold_300dpi
532,721,250,0.00590851,0.70371991,red_pixel_threshold_300dpi
533,722,248,0.00591753,0.70897155,red_pixel_threshold_300dpi
534,722,249,0.00591753,0.70634573,red_pixel_threshold_300dpi
535,722,250,0.00591753,0.70371991,red_pixel_threshold_300dpi
536,723,249,0.00592655,0.70634573,red_pixel_threshold_300dpi
537,723,250,0.00592655,0.70371991,red_pixel_threshold_300dpi
538,723,251,0.00592655,0.70109409,red_pixel_threshold_300dpi
539,724,250,0.00593557,0.70371991,red_pixel_threshold_300dpi
540,724,251,0.00593557,0.70109409,red_pixel_threshold_300dpi
541,724,252,0.00593557,0.69846827,red_pixel_threshold_300dpi
542,725,251,0.00594459,0.70109409,red_pixel_threshold_300dpi
543,725,252,0.00594459,0.69846827,red_pixel_threshold_300dpi
544,730,260,0.00598969,0.67746171,red_pixel_threshold_300dpi
545,730,261,0.00598969,0.67483589,red_pixel_threshold_300dpi
546,730,262,0.00598969,0.67221007,red_pixel_threshold_300dpi
547,731,260,0.00599871,0.67746171,red_pixel_threshold_300dpi
548,731,261,0.00599871,0.67483589,red_pixel_threshold_300dpi
549,731,262,0.00599871,0.67221007,red_pixel_threshold_300dpi
550,731,263,0.00599871,0.66958425,red_pixel_threshold_300dpi
551,731,264,0.00599871,0.66695842,red_pixel_threshold_300dpi
552,732,262,0.00600773,0.67221007,red_pixel_threshold_300dpi
553,732,263,0.00600773,0.66958425,red_pixel_threshold_300dpi
554,732,264,0.00600773,0.66695842,red_pixel_threshold_300dpi
555,732,265,0.00600773,0.66433260,red_pixel_threshold_300dpi
556,732,266,0.00600773,0.66170678,red_pixel_threshold_300dpi
557,733,263,0.00601675,0.66958425,red_pixel_threshold_300dpi
558,733,264,0.00601675,0.66695842,red_pixel_threshold_300dpi
559,733,265,0.00601675,0.66433260,red_pixel_threshold_300dpi
560,733,266,0.00601675,0.66170678,red_pixel_threshold_300dpi
561,733,267,0.00601675,0.65908096,red_pixel_threshold_300dpi
562,733,268,0.00601675,0.65645514,red_pixel_threshold_300dpi
563,734,266,0.00602577,0.66170678,red_pixel_threshold_300dpi
564,734,267,0.00602577,0.65908096,red_pixel_threshold_300dpi
565,734,268,0.00602577,0.65645514,red_pixel_threshold_300dpi
566,734,269,0.00602577,0.65382932,red_pixel_threshold_300dpi
567,735,268,0.00603479,0.65645514,red_pixel_threshold_300dpi
568,735,269,0.00603479,0.65382932,red_pixel_threshold_300dpi
569,739,277,0.00607088,0.63282276,red_pixel_threshold_300dpi
570,739,278,0.00607088,0.63019694,red_pixel_threshold_300dpi
571,739,279,0.00607088,0.62757112,red_pixel_threshold_300dpi
572,739,280,0.00607088,0.62494530,red_pixel_threshold_300dpi
573,740,278,0.00607990,0.63019694,red_pixel_threshold_300dpi
574,740,279,0.00607990,0.62757112,red_pixel_threshold_300dpi
575,740,280,0.00607990,0.62494530,red_pixel_threshold_300dpi
576,740,281,0.00607990,0.62231947,red_pixel_threshold_300dpi
577,740,282,0.00607990,0.61969365,red_pixel_threshold_300dpi
578,741,280,0.00608892,0.62494530,red_pixel_threshold_300dpi
579,741,281,0.00608892,0.62231947,red_pixel_threshold_300dpi
580,741,282,0.00608892,0.61969365,red_pixel_threshold_300dpi
581,741,283,0.00608892,0.61706783,red_pixel_threshold_300dpi
582,741,284,0.00608892,0.61444201,red_pixel_threshold_300dpi
583,741,285,0.00608892,0.61181619,red_pixel_threshold_300dpi
584,742,282,0.00609794,0.61969365,red_pixel_threshold_300dpi
585,742,283,0.00609794,0.61706783,red_pixel_threshold_300dpi
586,742,284,0.00609794,0.61444201,red_pixel_threshold_300dpi
587,742,285,0.00609794,0.61181619,red_pixel_threshold_300dpi
588,742,286,0.00609794,0.60919037,red_pixel_threshold_300dpi
589,742,287,0.00609794,0.60656455,red_pixel_threshold_300dpi
590,743,284,0.00610696,0.61444201,red_pixel_threshold_300dpi
591,743,285,0.00610696,0.61181619,red_pixel_threshold_300dpi
592,743,286,0.00610696,0.60919037,red_pixel_threshold_300dpi
593,743,287,0.00610696,0.60656455,red_pixel_threshold_300dpi
594,747,295,0.00614304,0.58555799,red_pixel_threshold_300dpi
595,747,296,0.00614304,0.58293217,red_pixel_threshold_300dpi
596,747,297,0.00614304,0.58030635,red_pixel_threshold_300dpi
597,747,298,0.00614304,0.57768053,red_pixel_threshold_300dpi
598,748,296,0.00615206,0.58293217,red_pixel_threshold_300dpi
599,748,297,0.00615206,0.58030635,red_pixel_threshold_300dpi
600,748,298,0.00615206,0.57768053,red_pixel_threshold_300dpi
601,748,299,0.00615206,0.57505470,red_pixel_threshold_300dpi
602,748,300,0.00615206,0.57242888,red_pixel_threshold_300dpi
603,748,301,0.00615206,0.56980306,red_pixel_threshold_300dpi
604,749,298,0.00616108,0.57768053,red_pixel_threshold_300dpi
605,749,299,0.00616108,0.57505470,red_pixel_threshold_300dpi
606,749,300,0.00616108,0.57242888,red_pixel_threshold_300dpi
607,749,301,0.00616108,0.56980306,red_pixel_threshold_300dpi
608,749,302,0.00616108,0.56717724,red_pixel_threshold_300dpi
609,749,303,0.00616108,0.56455142,red_pixel_threshold_300dpi
610,750,301,0.00617010,0.56980306,red_pixel_threshold_300dpi
611,750,302,0.00617010,0.56717724,red_pixel_threshold_300dpi
612,750,303,0.00617010,0.56455142,red_pixel_threshold_300dpi
613,750,304,0.00617010,0.56192560,red_pixel_threshold_300dpi
614,750,305,0.00617010,0.55929978,red_pixel_threshold_300dpi
615,751,303,0.00617912,0.56455142,red_pixel_threshold_300dpi
616,751,304,0.00617912,0.56192560,red_pixel_threshold_300dpi
617,751,305,0.00617912,0.55929978,red_pixel_threshold_300dpi
618,754,314,0.00620619,0.53566740,red_pixel_threshold_300dpi
619,754,315,0.00620619,0.53304158,red_pixel_threshold_300dpi
620,754,316,0.00620619,0.53041575,red_pixel_threshold_300dpi
621,754,317,0.00620619,0.52778993,red_pixel_threshold_300dpi
622,754,318,0.00620619,0.52516411,red_pixel_threshold_300dpi
623,755,314,0.00621521,0.53566740,red_pixel_threshold_300dpi
624,755,315,0.00621521,0.53304158,red_pixel_threshold_300dpi
625,755,316,0.00621521,0.53041575,red_pixel_threshold_300dpi
626,755,317,0.00621521,0.52778993,red_pixel_threshold_300dpi
627,755,318,0.00621521,0.52516411,red_pixel_threshold_300dpi
628,755,319,0.00621521,0.52253829,red_pixel_threshold_300dpi
629,755,320,0.00621521,0.51991247,red_pixel_threshold_300dpi
630,756,317,0.00622423,0.52778993,red_pixel_threshold_300dpi
631,756,318,0.00622423,0.52516411,red_pixel_threshold_300dpi
632,756,319,0.00622423,0.52253829,red_pixel_threshold_300dpi
633,756,320,0.00622423,0.51991247,red_pixel_threshold_300dpi
634,756,321,0.00622423,0.51728665,red_pixel_threshold_300dpi
635,756,322,0.00622423,0.51466083,red_pixel_threshold_300dpi
636,756,323,0.00622423,0.51203501,red_pixel_threshold_300dpi
637,757,320,0.00623325,0.51991247,red_pixel_threshold_300dpi
638,757,321,0.00623325,0.51728665,red_pixel_threshold_300dpi
639,757,322,0.00623325,0.51466083,red_pixel_threshold_300dpi
640,757,323,0.00623325,0.51203501,red_pixel_threshold_300dpi
641,757,324,0.00623325,0.50940919,red_pixel_threshold_300dpi
642,758,323,0.00624227,0.51203501,red_pixel_threshold_300dpi
643,758,324,0.00624227,0.50940919,red_pixel_threshold_300dpi
644,760,333,0.00626031,0.48577681,red_pixel_threshold_300dpi
645,760,334,0.00626031,0.48315098,red_pixel_threshold_300dpi
646,760,335,0.00626031,0.48052516,red_pixel_threshold_300dpi
647,761,333,0.00626933,0.48577681,red_pixel_threshold_300dpi
648,761,334,0.00626933,0.48315098,red_pixel_threshold_300dpi
649,761,335,0.00626933,0.48052516,red_pixel_threshold_300dpi
650,761,336,0.00626933,0.47789934,red_pixel_threshold_300dpi
651,761,337,0.00626933,0.47527352,red_pixel_threshold_300dpi
652,761,338,0.00626933,0.47264770,red_pixel_threshold_300dpi
653,761,339,0.00626933,0.47002188,red_pixel_threshold_300dpi
654,762,335,0.00627835,0.48052516,red_pixel_threshold_300dpi
655,762,336,0.00627835,0.47789934,red_pixel_threshold_300dpi
656,762,337,0.00627835,0.47527352,red_pixel_threshold_300dpi
657,762,338,0.00627835,0.47264770,red_pixel_threshold_300dpi
658,762,339,0.00627835,0.47002188,red_pixel_threshold_300dpi
659,762,340,0.00627835,0.46739606,red_pixel_threshold_300dpi
660,762,341,0.00627835,0.46477024,red_pixel_threshold_300dpi
661,762,342,0.00627835,0.46214442,red_pixel_threshold_300dpi
662,763,338,0.00628737,0.47264770,red_pixel_threshold_300dpi
663,763,339,0.00628737,0.47002188,red_pixel_threshold_300dpi
664,763,340,0.00628737,0.46739606,red_pixel_threshold_300dpi
665,763,341,0.00628737,0.46477024,red_pixel_threshold_300dpi
666,763,342,0.00628737,0.46214442,red_pixel_threshold_300dpi
667,763,343,0.00628737,0.45951860,red_pixel_threshold_300dpi
668,764,341,0.00629639,0.46477024,red_pixel_threshold_300dpi
669,764,342,0.00629639,0.46214442,red_pixel_threshold_300dpi
670,764,343,0.00629639,0.45951860,red_pixel_threshold_300dpi
671,766,352,0.00631443,0.43588621,red_pixel_threshold_300dpi
672,766,353,0.00631443,0.43326039,red_pixel_threshold_300dpi
673,766,354,0.00631443,0.43063457,red_pixel_threshold_300dpi
674,766,355,0.00631443,0.42800875,red_pixel_threshold_300dpi
675,766,356,0.00631443,0.42538293,red_pixel_threshold_300dpi
676,767,353,0.00632345,0.43326039,red_pixel_threshold_300dpi
677,767,354,0.00632345,0.43063457,red_pixel_threshold_300dpi
678,767,355,0.00632345,0.42800875,red_pixel_threshold_300dpi
679,767,356,0.00632345,0.42538293,red_pixel_threshold_300dpi
680,767,357,0.00632345,0.42275711,red_pixel_threshold_300dpi
681,767,358,0.00632345,0.42013129,red_pixel_threshold_300dpi
682,767,359,0.00632345,0.41750547,red_pixel_threshold_300dpi
683,768,355,0.00633247,0.42800875,red_pixel_threshold_300dpi
684,768,356,0.00633247,0.42538293,red_pixel_threshold_300dpi
685,768,357,0.00633247,0.42275711,red_pixel_threshold_300dpi
686,768,358,0.00633247,0.42013129,red_pixel_threshold_300dpi
687,768,359,0.00633247,0.41750547,red_pixel_threshold_300dpi
688,768,360,0.00633247,0.41487965,red_pixel_threshold_300dpi
689,768,361,0.00633247,0.41225383,red_pixel_threshold_300dpi
690,768,362,0.00633247,0.40962801,red_pixel_threshold_300dpi
691,769,359,0.00634149,0.41750547,red_pixel_threshold_300dpi
692,769,360,0.00634149,0.41487965,red_pixel_threshold_300dpi
693,769,361,0.00634149,0.41225383,red_pixel_threshold_300dpi
694,769,362,0.00634149,0.40962801,red_pixel_threshold_300dpi
695,770,361,0.00635052,0.41225383,red_pixel_threshold_300dpi
696,770,362,0.00635052,0.40962801,red_pixel_threshold_300dpi
697,771,372,0.00635954,0.38336980,red_pixel_threshold_300dpi
698,771,373,0.00635954,0.38074398,red_pixel_threshold_300dpi
699,771,374,0.00635954,0.37811816,red_pixel_threshold_300dpi
700,772,372,0.00636856,0.38336980,red_pixel_threshold_300dpi
701,772,373,0.00636856,0.38074398,red_pixel_threshold_300dpi
702,772,374,0.00636856,0.37811816,red_pixel_threshold_300dpi
703,772,375,0.00636856,0.37549234,red_pixel_threshold_300dpi
704,772,376,0.00636856,0.37286652,red_pixel_threshold_300dpi
705,772,377,0.00636856,0.37024070,red_pixel_threshold_300dpi
706,773,373,0.00637758,0.38074398,red_pixel_threshold_300dpi
707,773,374,0.00637758,0.37811816,red_pixel_threshold_300dpi
708,773,375,0.00637758,0.37549234,red_pixel_threshold_300dpi
709,773,376,0.00637758,0.37286652,red_pixel_threshold_300dpi
710,773,377,0.00637758,0.37024070,red_pixel_threshold_300dpi
711,773,378,0.00637758,0.36761488,red_pixel_threshold_300dpi
712,773,379,0.00637758,0.36498906,red_pixel_threshold_300dpi
713,773,380,0.00637758,0.36236324,red_pixel_threshold_300dpi
714,773,381,0.00637758,0.35973742,red_pixel_threshold_300dpi
715,774,376,0.00638660,0.37286652,red_pixel_threshold_300dpi
716,774,377,0.00638660,0.37024070,red_pixel_threshold_300dpi
717,774,378,0.00638660,0.36761488,red_pixel_threshold_300dpi
718,774,379,0.00638660,0.36498906,red_pixel_threshold_300dpi
719,774,380,0.00638660,0.36236324,red_pixel_threshold_300dpi
720,774,381,0.00638660,0.35973742,red_pixel_threshold_300dpi
721,775,381,0.00639562,0.35973742,red_pixel_threshold_300dpi
722,776,391,0.00640464,0.33347921,red_pixel_threshold_300dpi
723,776,392,0.00640464,0.33085339,red_pixel_threshold_300dpi
724,776,393,0.00640464,0.32822757,red_pixel_threshold_300dpi
725,776,394,0.00640464,0.32560175,red_pixel_threshold_300dpi
726,777,391,0.00641366,0.33347921,red_pixel_threshold_300dpi
727,777,392,0.00641366,0.33085339,red_pixel_threshold_300dpi
728,777,393,0.00641366,0.32822757,red_pixel_threshold_300dpi
729,777,394,0.00641366,0.32560175,red_pixel_threshold_300dpi
730,777,395,0.00641366,0.32297593,red_pixel_threshold_300dpi
731,777,396,0.00641366,0.32035011,red_pixel_threshold_300dpi
732,777,397,0.00641366,0.31772429,red_pixel_threshold_300dpi
733,778,393,0.00642268,0.32822757,red_pixel_threshold_300dpi
734,778,394,0.00642268,0.32560175,red_pixel_threshold_300dpi
735,778,395,0.00642268,0.32297593,red_pixel_threshold_300dpi
736,778,396,0.00642268,0.32035011,red_pixel_threshold_300dpi
737,778,397,0.00642268,0.31772429,red_pixel_threshold_300dpi
738,778,398,0.00642268,0.31509847,red_pixel_threshold_300dpi
739,778,399,0.00642268,0.31247265,red_pixel_threshold_300dpi
740,778,400,0.00642268,0.30984683,red_pixel_threshold_300dpi
741,779,397,0.00643170,0.31772429,red_pixel_threshold_300dpi
742,779,398,0.00643170,0.31509847,red_pixel_threshold_300dpi
743,779,399,0.00643170,0.31247265,red_pixel_threshold_300dpi
744,779,400,0.00643170,0.30984683,red_pixel_threshold_300dpi
745,779,401,0.00643170,0.30722101,red_pixel_threshold_300dpi
746,781,410,0.00644974,0.28358862,red_pixel_threshold_300dpi
747,781,411,0.00644974,0.28096280,red_pixel_threshold_300dpi
748,781,412,0.00644974,0.27833698,red_pixel_threshold_300dpi
749,781,413,0.00644974,0.27571116,red_pixel_threshold_300dpi
750,781,414,0.00644974,0.27308534,red_pixel_threshold_300dpi
751,782,410,0.00645876,0.28358862,red_pixel_threshold_300dpi
752,782,411,0.00645876,0.28096280,red_pixel_threshold_300dpi
753,782,412,0.00645876,0.27833698,red_pixel_threshold_300dpi
754,782,413,0.00645876,0.27571116,red_pixel_threshold_300dpi
755,782,414,0.00645876,0.27308534,red_pixel_threshold_300dpi
756,782,415,0.00645876,0.27045952,red_pixel_threshold_300dpi
757,782,416,0.00645876,0.26783370,red_pixel_threshold_300dpi
758,782,417,0.00645876,0.26520788,red_pixel_threshold_300dpi
759,782,418,0.00645876,0.26258206,red_pixel_threshold_300dpi
760,783,413,0.00646778,0.27571116,red_pixel_threshold_300dpi
761,783,414,0.00646778,0.27308534,red_pixel_threshold_300dpi
762,783,415,0.00646778,0.27045952,red_pixel_threshold_300dpi
763,783,416,0.00646778,0.26783370,red_pixel_threshold_300dpi
764,783,417,0.00646778,0.26520788,red_pixel_threshold_300dpi
765,783,418,0.00646778,0.26258206,red_pixel_threshold_300dpi
766,783,419,0.00646778,0.25995624,red_pixel_threshold_300dpi
767,783,420,0.00646778,0.25733042,red_pixel_threshold_300dpi
768,784,418,0.00647680,0.26258206,red_pixel_threshold_300dpi
769,784,419,0.00647680,0.25995624,red_pixel_threshold_300dpi
770,784,420,0.00647680,0.25733042,red_pixel_threshold_300dpi
771,785,429,0.00648582,0.23369803,red_pixel_threshold_300dpi
772,785,430,0.00648582,0.23107221,red_pixel_threshold_300dpi
773,785,431,0.00648582,0.22844639,red_pixel_threshold_300dpi
774,785,432,0.00648582,0.22582057,red_pixel_threshold_300dpi
775,786,429,0.00649485,0.23369803,red_pixel_threshold_300dpi
776,786,430,0.00649485,0.23107221,red_pixel_threshold_300dpi
777,786,431,0.00649485,0.22844639,red_pixel_threshold_300dpi
778,786,432,0.00649485,0.22582057,red_pixel_threshold_300dpi
779,786,433,0.00649485,0.22319475,red_pixel_threshold_300dpi
780,786,434,0.00649485,0.22056893,red_pixel_threshold_300dpi
781,786,435,0.00649485,0.21794311,red_pixel_threshold_300dpi
782,786,436,0.00649485,0.21531729,red_pixel_threshold_300dpi
783,787,431,0.00650387,0.22844639,red_pixel_threshold_300dpi
784,787,432,0.00650387,0.22582057,red_pixel_threshold_300dpi
785,787,433,0.00650387,0.22319475,red_pixel_threshold_300dpi
786,787,434,0.00650387,0.22056893,red_pixel_threshold_300dpi
787,787,435,0.00650387,0.21794311,red_pixel_threshold_300dpi
788,787,436,0.00650387,0.21531729,red_pixel_threshold_300dpi
789,787,437,0.00650387,0.21269147,red_pixel_threshold_300dpi
790,787,438,0.00650387,0.21006565,red_pixel_threshold_300dpi
791,787,439,0.00650387,0.20743982,red_pixel_threshold_300dpi
792,788,436,0.00651289,0.21531729,red_pixel_threshold_300dpi
793,788,437,0.00651289,0.21269147,red_pixel_threshold_300dpi
794,788,438,0.00651289,0.21006565,red_pixel_threshold_300dpi
795,788,439,0.00651289,0.20743982,red_pixel_threshold_300dpi
796,789,449,0.00652191,0.18118162,red_pixel_threshold_300dpi
797,789,450,0.00652191,0.17855580,red_pixel_threshold_300dpi
798,790,448,0.00653093,0.18380744,red_pixel_threshold_300dpi
799,790,449,0.00653093,0.18118162,red_pixel_threshold_300dpi
800,790,450,0.00653093,0.17855580,red_pixel_threshold_300dpi
801,790,451,0.00653093,0.17592998,red_pixel_threshold_300dpi
802,790,452,0.00653093,0.17330416,red_pixel_threshold_300dpi
803,790,453,0.00653093,0.17067834,red_pixel_threshold_300dpi
804,790,454,0.00653093,0.16805252,red_pixel_threshold_300dpi
805,790,455,0.00653093,0.16542670,red_pixel_threshold_300dpi
806,790,456,0.00653093,0.16280088,red_pixel_threshold_300dpi
807,791,449,0.00653995,0.18118162,red_pixel_threshold_300dpi
808,791,450,0.00653995,0.17855580,red_pixel_threshold_300dpi
809,791,451,0.00653995,0.17592998,red_pixel_threshold_300dpi
810,791,452,0.00653995,0.17330416,red_pixel_threshold_300dpi
811,791,453,0.00653995,0.17067834,red_pixel_threshold_300dpi
812,791,454,0.00653995,0.16805252,red_pixel_threshold_300dpi
813,791,455,0.00653995,0.16542670,red_pixel_threshold_300dpi
814,791,456,0.00653995,0.16280088,red_pixel_threshold_300dpi
815,791,457,0.00653995,0.16017505,red_pixel_threshold_300dpi
816,791,458,0.00653995,0.15754923,red_pixel_threshold_300dpi
817,792,454,0.00654897,0.16805252,red_pixel_threshold_300dpi
818,792,455,0.00654897,0.16542670,red_pixel_threshold_300dpi
819,792,456,0.00654897,0.16280088,red_pixel_threshold_300dpi
820,792,457,0.00654897,0.16017505,red_pixel_threshold_300dpi
821,792,458,0.00654897,0.15754923,red_pixel_threshold_300dpi
822,792,459,0.00654897,0.15492341,red_pixel_threshold_300dpi
823,793,469,0.00655799,0.12866521,red_pixel_threshold_300dpi
824,793,470,0.00655799,0.12603939,red_pixel_threshold_300dpi
825,793,471,0.00655799,0.12341357,red_pixel_threshold_300dpi
826,793,472,0.00655799,0.12078775,red_pixel_threshold_300dpi
827,793,473,0.00655799,0.11816193,red_pixel_threshold_300dpi
828,793,474,0.00655799,0.11553611,red_pixel_threshold_300dpi
829,793,475,0.00655799,0.11291028,red_pixel_threshold_300dpi
830,793,476,0.00655799,0.11028446,red_pixel_threshold_300dpi
831,794,468,0.00656701,0.13129103,red_pixel_threshold_300dpi
832,794,469,0.00656701,0.12866521,red_pixel_threshold_300dpi
833,794,470,0.00656701,0.12603939,red_pixel_threshold_300dpi
834,794,471,0.00656701,0.12341357,red_pixel_threshold_300dpi
835,794,472,0.00656701,0.12078775,red_pixel_threshold_300dpi
836,794,473,0.00656701,0.11816193,red_pixel_threshold_300dpi
837,794,474,0.00656701,0.11553611,red_pixel_threshold_300dpi
838,794,475,0.00656701,0.11291028,red_pixel_threshold_300dpi
839,794,476,0.00656701,0.11028446,red_pixel_threshold_300dpi
840,794,477,0.00656701,0.10765864,red_pixel_threshold_300dpi
841,794,478,0.00656701,0.10503282,red_pixel_threshold_300dpi
842,795,473,0.00657603,0.11816193,red_pixel_threshold_300dpi
843,795,474,0.00657603,0.11553611,red_pixel_threshold_300dpi
844,795,475,0.00657603,0.11291028,red_pixel_threshold_300dpi
845,795,476,0.00657603,0.11028446,red_pixel_threshold_300dpi
846,795,477,0.00657603,0.10765864,red_pixel_threshold_300dpi
847,795,478,0.00657603,0.10503282,red_pixel_threshold_300dpi
848,796,488,0.00658505,0.07877462,red_pixel_threshold_300dpi
849,796,489,0.00658505,0.07614880,red_pixel_threshold_300dpi
850,796,490,0.00658505,0.07352298,red_pixel_threshold_300dpi
851,796,491,0.00658505,0.07089716,red_pixel_threshold_300dpi
852,796,492,0.00658505,0.06827133,red_pixel_threshold_300dpi
853,796,493,0.00658505,0.06564551,red_pixel_threshold_300dpi
854,796,494,0.00658505,0.06301969,red_pixel_threshold_300dpi
855,796,495,0.00658505,0.06039387,red_pixel_threshold_300dpi
856,796,496,0.00658505,0.05776805,red_pixel_threshold_300dpi
857,797,488,0.00659407,0.07877462,red_pixel_threshold_300dpi
858,797,489,0.00659407,0.07614880,red_pixel_threshold_300dpi
859,797,490,0.00659407,0.07352298,red_pixel_threshold_300dpi
860,797,491,0.00659407,0.07089716,red_pixel_threshold_300dpi
861,797,492,0.00659407,0.06827133,red_pixel_threshold_300dpi
862,797,493,0.00659407,0.06564551,red_pixel_threshold_300dpi
863,797,494,0.00659407,0.06301969,red_pixel_threshold_300dpi
864,797,495,0.00659407,0.06039387,red_pixel_threshold_300dpi
865,797,496,0.00659407,0.05776805,red_pixel_threshold_300dpi
866,797,497,0.00659407,0.05514223,red_pixel_threshold_300dpi
867,797,498,0.00659407,0.05251641,red_pixel_threshold_300dpi
868,798,494,0.00660309,0.06301969,red_pixel_threshold_300dpi
869,798,495,0.00660309,0.06039387,red_pixel_threshold_300dpi
870,798,496,0.00660309,0.05776805,red_pixel_threshold_300dpi
871,798,497,0.00660309,0.05514223,red_pixel_threshold_300dpi
872,798,508,0.00660309,0.02625821,red_pixel_threshold_300dpi
873,798,509,0.00660309,0.02363239,red_pixel_threshold_300dpi
874,798,510,0.00660309,0.02100656,red_pixel_threshold_300dpi
875,798,511,0.00660309,0.01838074,red_pixel_threshold_300dpi
876,798,512,0.00660309,0.01575492,red_pixel_threshold_300dpi
877,799,507,0.00661211,0.02888403,red_pixel_threshold_300dpi
878,799,508,0.00661211,0.02625821,red_pixel_threshold_300dpi
879,799,509,0.00661211,0.02363239,red_pixel_threshold_300dpi
880,799,510,0.00661211,0.02100656,red_pixel_threshold_300dpi
881,799,511,0.00661211,0.01838074,red_pixel_threshold_300dpi
882,799,512,0.00661211,0.01575492,red_pixel_threshold_300dpi
883,799,513,0.00661211,0.01312910,red_pixel_threshold_300dpi
884,799,514,0.00661211,0.01050328,red_pixel_threshold_300dpi
885,799,515,0.00661211,0.00787746,red_pixel_threshold_300dpi
886,799,516,0.00661211,0.00525164,red_pixel_threshold_300dpi
887,799,517,0.00661211,0.00262582,red_pixel_threshold_300dpi
888,800,510,0.00662113,0.02100656,red_pixel_threshold_300dpi
889,800,511,0.00662113,0.01838074,red_pixel_threshold_300dpi
890,800,512,0.00662113,0.01575492,red_pixel_threshold_300dpi
891,800,513,0.00662113,0.01312910,red_pixel_threshold_300dpi
892,800,514,0.00662113,0.01050328,red_pixel_threshold_300dpi
893,800,515,0.00662113,0.00787746,red_pixel_threshold_300dpi
894,800,516,0.00662113,0.00525164,red_pixel_threshold_300dpi
895,800,517,0.00662113,0.00262582,red_pixel_threshold_300dpi
