elem_label,vis_elem_label,x,y,sdv15,dist_from_notch_tip,component_id,ligament_spanning,crack_extension,mean_crack_direction_deg
28373,28373,0.09125,-0.047461,1.004876,0.68322,1,False,0.68322,0.0
28596,28596,0.06875,-0.031641,1.004846,0.684557,1,False,0.684557,0.0
28819,28819,0.04625,-0.021094,1.003662,0.690961,1,False,0.690961,0.0
28374,28374,0.09375,-0.047461,1.003114,0.681728,1,False,0.681728,0.0
29044,29044,0.02875,-0.014063,1.002506,0.697379,1,False,0.697379,0.0
28597,28597,0.07125,-0.031641,1.0024,0.682985,1,False,0.682985,0.0
28820,28820,0.04875,-0.021094,1.002051,0.689322,1,False,0.689322,0.0
29961,29961,0.00125,-0.00125,1.001936,0.707109,1,False,0.707109,0.0
28595,28595,0.06625,-0.031641,1.001891,0.686135,1,False,0.686135,0.0
28589,28589,0.05125,-0.031641,1.001798,0.695714,1,False,0.695714,0.0
28365,28365,0.07125,-0.047461,1.001705,0.69537,1,False,0.69537,0.0
28366,28366,0.07375,-0.047461,1.001603,0.693832,1,False,0.693832,0.0
28588,28588,0.04875,-0.031641,1.001602,0.697329,1,False,0.697329,0.0
29271,29271,0.01625,-0.009375,1.001574,0.702479,1,False,0.702479,0.0
28814,28814,0.03375,-0.021094,1.001566,0.699234,1,False,0.699234,0.0
29045,29045,0.03125,-0.014063,1.001525,0.695692,1,False,0.695692,0.0
29730,29730,0.00375,-0.00375,1.001379,0.707127,1,False,0.707127,0.0
29729,29729,0.00125,-0.00375,1.001253,0.708883,1,False,0.708883,0.0
29041,29041,0.02125,-0.014063,1.001189,0.702468,1,False,0.702468,0.0
28813,28813,0.03125,-0.021094,1.001163,0.700903,1,False,0.700903,0.0
29272,29272,0.01875,-0.009375,1.001023,0.70076,1,False,0.70076,0.0
29500,29500,0.00875,-0.00625,1.000914,0.705419,1,False,0.705419,0.0
29499,29499,0.00625,-0.00625,1.000871,0.707162,1,False,0.707162,0.0
28143,28143,0.09625,-0.069453,1.000723,0.698062,1,False,0.698062,0.0
29270,29270,0.01375,-0.009375,1.000714,0.704203,1,False,0.704203,0.0
29040,29040,0.01875,-0.014063,1.000677,0.704175,1,False,0.704175,0.0
28818,28818,0.04375,-0.021094,1.00053,0.692606,1,False,0.692606,0.0
29501,29501,0.01125,-0.00625,1.000486,0.70368,1,False,0.70368,0.0
29269,29269,0.01125,-0.009375,1.000439,0.705932,1,False,0.705932,0.0
29498,29498,0.00375,-0.00625,1.000107,0.70891,1,False,0.70891,0.0
28372,28372,0.08875,-0.047461,0.999868,0.684719,1,False,0.684719,0.0
29043,29043,0.02625,-0.014063,0.999583,0.69907,1,False,0.69907,0.0
29960,29960,-0.00125,-0.00125,0.999547,0.708875,1,False,0.708875,0.0
29042,29042,0.02375,-0.014063,0.999291,0.700767,1,False,0.700767,0.0
28817,28817,0.04125,-0.021094,0.999146,0.694255,1,False,0.694255,0.0
28142,28142,0.09375,-0.069453,0.999089,0.699511,1,False,0.699511,0.0
28594,28594,0.06375,-0.031641,0.998834,0.687718,1,False,0.687718,0.0
28816,28816,0.03875,-0.021094,0.998347,0.69591,1,False,0.69591,0.0
28815,28815,0.03625,-0.021094,0.997795,0.697569,1,False,0.697569,0.0
28150,28150,0.11375,-0.069453,0.997655,0.688089,1,False,0.688089,0.0
28593,28593,0.06125,-0.031641,0.996905,0.689306,1,False,0.689306,0.0
28590,28590,0.05375,-0.031641,0.996275,0.694104,1,False,0.694104,0.0
28592,28592,0.05875,-0.031641,0.995974,0.6909,1,False,0.6909,0.0
28591,28591,0.05625,-0.031641,0.995277,0.6925,1,False,0.6925,0.0
28149,28149,0.11125,-0.069453,0.99485,0.689495,1,False,0.689495,0.0
28371,28371,0.08625,-0.047461,0.994581,0.686223,1,False,0.686223,0.0
28151,28151,0.11625,-0.069453,0.994118,0.686688,1,False,0.686688,0.0
29731,29731,0.00625,-0.00375,0.994074,0.705374,1,False,0.705374,0.0
29268,29268,0.00875,-0.009375,0.993677,0.707665,1,False,0.707665,0.0
29502,29502,0.01375,-0.00625,0.993502,0.701946,1,False,0.701946,0.0
27919,27919,0.11625,-0.094249,0.993321,0.707386,1,False,0.707386,0.0
28367,28367,0.07625,-0.047461,0.99327,0.692299,1,False,0.692299,0.0
27920,27920,0.11875,-0.094249,0.99312,0.706033,1,False,0.706033,0.0
28144,28144,0.09875,-0.069453,0.992823,0.696619,1,False,0.696619,0.0
29273,29273,0.02125,-0.009375,0.992185,0.699045,1,False,0.699045,0.0
29039,29039,0.01625,-0.014063,0.991885,0.705885,1,False,0.705885,0.0
28812,28812,0.02875,-0.021094,0.991543,0.702578,1,False,0.702578,0.0
28587,28587,0.04625,-0.031641,0.991235,0.69895,1,False,0.69895,0.0
28370,28370,0.08375,-0.047461,0.991058,0.687734,1,False,0.687734,0.0
28364,28364,0.06875,-0.047461,0.990121,0.696915,1,False,0.696915,0.0
29046,29046,0.03375,-0.014063,0.989571,0.69401,1,False,0.69401,0.0
28369,28369,0.08125,-0.047461,0.989001,0.68925,1,False,0.68925,0.0
28368,28368,0.07875,-0.047461,0.988237,0.690771,1,False,0.690771,0.0
29497,29497,0.00125,-0.00625,0.987574,0.710662,1,False,0.710662,0.0
29728,29728,-0.00125,-0.00375,0.987255,0.710645,1,False,0.710645,0.0
29962,29962,0.00375,-0.00125,0.986814,0.705348,1,False,0.705348,0.0
28821,28821,0.05125,-0.021094,0.986704,0.687688,1,False,0.687688,0.0
28148,28148,0.10875,-0.069453,0.986703,0.690908,1,False,0.690908,0.0
28375,28375,0.09625,-0.047461,0.985724,0.680241,1,False,0.680241,0.0
28598,28598,0.07375,-0.031641,0.983491,0.681418,1,False,0.681418,0.0
28141,28141,0.09125,-0.069453,0.981877,0.700966,1,False,0.700966,0.0
29732,29732,0.00875,-0.00375,0.981227,0.703627,1,False,0.703627,0.0
28145,28145,0.10125,-0.069453,0.979684,0.695182,1,False,0.695182,0.0
27921,27921,0.12125,-0.094249,0.979536,0.704686,1,False,0.704686,0.0
28147,28147,0.10625,-0.069453,0.979493,0.692326,1,False,0.692326,0.0
29503,29503,0.01625,-0.00625,0.979198,0.700216,1,False,0.700216,0.0
27918,27918,0.11375,-0.094249,0.978581,0.708746,1,False,0.708746,0.0
29267,29267,0.00625,-0.009375,0.978581,0.709403,1,False,0.709403,0.0
29274,29274,0.02375,-0.009375,0.974806,0.697336,1,False,0.697336,0.0
28146,28146,0.10375,-0.069453,0.974167,0.693751,1,False,0.693751,0.0
29038,29038,0.01375,-0.014063,0.973799,0.707601,1,False,0.707601,0.0
28811,28811,0.02625,-0.021094,0.972217,0.704257,1,False,0.704257,0.0
29733,29733,0.01125,-0.00375,0.972189,0.701884,1,False,0.701884,0.0
28152,28152,0.11875,-0.069453,0.971784,0.685294,1,False,0.685294,0.0
28586,28586,0.04375,-0.031641,0.970622,0.700575,1,False,0.700575,0.0
29504,29504,0.01875,-0.00625,0.969161,0.698492,1,False,0.698492,0.0
28363,28363,0.06625,-0.047461,0.967616,0.698464,1,False,0.698464,0.0
29275,29275,0.02625,-0.009375,0.96742,0.695631,1,False,0.695631,0.0
29047,29047,0.03625,-0.014063,0.967047,0.692333,1,False,0.692333,0.0
29266,29266,0.00375,-0.009375,0.963593,0.711145,1,False,0.711145,0.0
29276,29276,0.02875,-0.009375,0.961158,0.69393,1,False,0.69393,0.0
27922,27922,0.12375,-0.094249,0.960638,0.703346,1,False,0.703346,0.0
28822,28822,0.05375,-0.021094,0.95884,0.68606,1,False,0.68606,0.0
29037,29037,0.01125,-0.014063,0.958601,0.709321,1,False,0.709321,0.0
28810,28810,0.02375,-0.021094,0.958242,0.705941,1,False,0.705941,0.0
29048,29048,0.03875,-0.014063,0.956427,0.69066,1,False,0.69066,0.0
29959,29959,-0.00375,-0.00125,0.954036,0.710645,1,False,0.710645,0.0
28585,28585,0.04125,-0.031641,0.953406,0.702206,1,False,0.702206,0.0
28140,28140,0.08875,-0.069453,0.953254,0.702427,1,False,0.702427,0.0
28376,28376,0.09875,-0.047461,0.951968,0.67876,1,False,0.67876,0.0
28599,28599,0.07625,-0.031641,0.950353,0.679857,1,False,0.679857,0.0
27917,27917,0.11125,-0.094249,0.949603,0.710111,1,False,0.710111,0.0
27925,27925,0.13125,-0.094249,0.949555,0.699363,1,False,0.699363,0.0
27924,27924,0.12875,-0.094249,0.949393,0.700684,1,False,0.700684,0.0
29277,29277,0.03125,-0.009375,0.949287,0.692235,1,False,0.692235,0.0
29049,29049,0.04125,-0.014063,0.948999,0.688993,1,False,0.688993,0.0
27926,27926,0.13375,-0.094249,0.946842,0.698048,1,False,0.698048,0.0
28362,28362,0.06375,-0.047461,0.946764,0.70002,1,False,0.70002,0.0
27923,27923,0.12625,-0.094249,0.946756,0.702012,1,False,0.702012,0.0
28809,28809,0.02125,-0.021094,0.946136,0.70763,1,False,0.70763,0.0
29963,29963,0.00625,-0.00125,0.946016,0.703591,1,False,0.703591,0.0
28823,28823,0.05625,-0.021094,0.943431,0.684436,1,False,0.684436,0.0
29050,29050,0.04375,-0.014063,0.942658,0.687331,1,False,0.687331,0.0
29734,29734,0.01375,-0.00375,0.941538,0.700145,1,False,0.700145,0.0
28584,28584,0.03875,-0.031641,0.939385,0.703842,1,False,0.703842,0.0
27927,27927,0.13625,-0.094249,0.936364,0.696739,1,False,0.696739,0.0
29051,29051,0.04625,-0.014063,0.935846,0.685674,1,False,0.685674,0.0
28153,28153,0.12125,-0.069453,0.9331,0.683907,1,False,0.683907,0.0
30193,30193,0.00125,0.00125,0.932985,0.705339,1,False,0.705339,0.0
28824,28824,0.05875,-0.021094,0.932946,0.682818,1,False,0.682818,0.0
29505,29505,0.02125,-0.00625,0.932005,0.696772,1,False,0.696772,0.0
28808,28808,0.01875,-0.021094,0.931306,0.709324,1,False,0.709324,0.0
28361,28361,0.06125,-0.047461,0.929564,0.70158,1,False,0.70158,0.0
28139,28139,0.08625,-0.069453,0.928216,0.703893,1,False,0.703893,0.0
28600,28600,0.07875,-0.031641,0.927937,0.678302,1,False,0.678302,0.0
28583,28583,0.03625,-0.031641,0.927333,0.705483,1,False,0.705483,0.0
29496,29496,-0.00125,-0.00625,0.926841,0.712419,1,False,0.712419,0.0
28825,28825,0.06125,-0.021094,0.924909,0.681205,1,False,0.681205,0.0
29036,29036,0.00875,-0.014063,0.923663,0.711046,1,False,0.711046,0.0
29052,29052,0.04875,-0.014063,0.92067,0.684023,1,False,0.684023,0.0
27916,27916,0.10875,-0.094249,0.919407,0.711483,1,False,0.711483,0.0
28826,28826,0.06375,-0.021094,0.917827,0.679597,1,False,0.679597,0.0
28377,28377,0.10125,-0.047461,0.917801,0.677285,1,False,0.677285,0.0
28582,28582,0.03375,-0.031641,0.91614,0.707129,1,False,0.707129,0.0
28360,28360,0.05875,-0.047461,0.915586,0.703147,1,False,0.703147,0.0
29265,29265,0.00125,-0.009375,0.915127,0.712892,1,False,0.712892,0.0
27928,27928,0.13875,-0.094249,0.913187,0.695437,1,False,0.695437,0.0
28601,28601,0.08125,-0.031641,0.912075,0.676752,1,False,0.676752,0.0
28827,28827,0.06625,-0.021094,0.910395,0.677995,1,False,0.677995,0.0
28138,28138,0.08375,-0.069453,0.907994,0.705366,1,False,0.705366,0.0
30194,30194,0.00375,0.00125,0.905871,0.703573,1,False,0.703573,0.0
29727,29727,-0.00375,-0.00375,0.9048,0.71241,1,False,0.71241,0.0
28359,28359,0.05625,-0.047461,0.903352,0.704718,1,False,0.704718,0.0
29278,29278,0.03375,-0.009375,0.902068,0.690545,1,False,0.690545,0.0
28828,28828,0.06875,-0.021094,0.901213,0.676399,1,False,0.676399,0.0
28581,28581,0.03125,-0.031641,0.900616,0.708779,1,False,0.708779,0.0
28602,28602,0.08375,-0.031641,0.899384,0.675208,1,False,0.675208,0.0
28154,28154,0.12375,-0.069453,0.894058,0.682525,1,False,0.682525,0.0
27915,27915,0.10625,-0.094249,0.893778,0.712861,1,False,0.712861,0.0
29964,29964,0.00875,-0.00125,0.893085,0.701839,1,False,0.701839,0.0
28358,28358,0.05375,-0.047461,0.891998,0.706295,1,False,0.706295,0.0
28378,28378,0.10375,-0.047461,0.891814,0.675816,1,False,0.675816,0.0
28137,28137,0.08125,-0.069453,0.891551,0.706844,1,False,0.706844,0.0
28807,28807,0.01625,-0.021094,0.891093,0.711022,1,False,0.711022,0.0
28603,28603,0.08625,-0.031641,0.887894,0.67367,1,False,0.67367,0.0
29735,29735,0.01625,-0.00375,0.887547,0.698411,1,False,0.698411,0.0
28357,28357,0.05125,-0.047461,0.880662,0.707877,1,False,0.707877,0.0
28829,28829,0.07125,-0.021094,0.879583,0.674808,1,False,0.674808,0.0
28136,28136,0.07875,-0.069453,0.877158,0.708328,1,False,0.708328,0.0
28604,28604,0.08875,-0.031641,0.875633,0.672137,1,False,0.672137,0.0
27929,27929,0.14125,-0.094249,0.875461,0.694142,1,False,0.694142,0.0
27914,27914,0.10375,-0.094249,0.87257,0.714245,1,False,0.714245,0.0
28379,28379,0.10625,-0.047461,0.870001,0.674353,1,False,0.674353,0.0
29506,29506,0.02375,-0.00625,0.868887,0.695056,1,False,0.695056,0.0
30192,30192,-0.00125,0.00125,0.86548,0.707109,1,False,0.707109,0.0
29053,29053,0.05125,-0.014063,0.863607,0.682376,1,False,0.682376,0.0
28135,28135,0.07625,-0.069453,0.863506,0.709818,1,False,0.709818,0.0
28356,28356,0.04875,-0.047461,0.863445,0.709465,1,False,0.709465,0.0
29035,29035,0.00625,-0.014063,0.86163,0.712776,1,False,0.712776,0.0
29965,29965,0.01125,-0.00125,0.861532,0.700092,1,False,0.700092,0.0
28155,28155,0.12625,-0.069453,0.860744,0.68115,1,False,0.68115,0.0
27695,27695,0.13625,-0.11884,0.860097,0.717828,1,False,0.717828,0.0
27694,27694,0.13375,-0.11884,0.859707,0.719098,1,False,0.719098,0.0
28605,28605,0.09125,-0.031641,0.859162,0.67061,1,False,0.67061,0.0
28580,28580,0.02875,-0.031641,0.858826,0.710435,1,False,0.710435,0.0
29736,29736,0.01875,-0.00375,0.855807,0.696682,1,False,0.696682,0.0
27913,27913,0.10125,-0.094249,0.853589,0.715635,1,False,0.715635,0.0
27696,27696,0.13875,-0.11884,0.852334,0.716564,1,False,0.716564,0.0
27693,27693,0.13125,-0.11884,0.852181,0.720374,1,False,0.720374,0.0
28134,28134,0.07375,-0.069453,0.849122,0.711313,1,False,0.711313,0.0
28380,28380,0.10875,-0.047461,0.848734,0.672897,1,False,0.672897,0.0
27692,27692,0.12875,-0.11884,0.839984,0.721657,1,False,0.721657,0.0
29507,29507,0.02625,-0.00625,0.835286,0.693346,1,False,0.693346,0.0
27912,27912,0.09875,-0.094249,0.834236,0.717031,1,False,0.717031,0.0
30195,30195,0.00625,0.00125,0.830667,0.701812,1,False,0.701812,0.0
28156,28156,0.12875,-0.069453,0.830254,0.679782,1,False,0.679782,0.0
27697,27697,0.14125,-0.11884,0.829827,0.715307,1,False,0.715307,0.0
29966,29966,0.01375,-0.00125,0.829304,0.698348,1,False,0.698348,0.0
28606,28606,0.09375,-0.031641,0.828152,0.66909,1,False,0.66909,0.0
28133,28133,0.07125,-0.069453,0.827596,0.712814,1,False,0.712814,0.0
27930,27930,0.14375,-0.094249,0.826801,0.692853,1,False,0.692853,0.0
29279,29279,0.03625,-0.009375,0.825519,0.688859,1,False,0.688859,0.0
27691,27691,0.12625,-0.11884,0.825391,0.722946,1,False,0.722946,0.0
28381,28381,0.11125,-0.047461,0.824256,0.671446,1,False,0.671446,0.0
28806,28806,0.01375,-0.021094,0.823829,0.712726,1,False,0.712726,0.0
29737,29737,0.02125,-0.00375,0.820929,0.694957,1,False,0.694957,0.0
28355,28355,0.04625,-0.047461,0.819795,0.711057,1,False,0.711057,0.0
29264,29264,-0.00125,-0.009375,0.814393,0.714643,1,False,0.714643,0.0
28830,28830,0.07375,-0.021094,0.814128,0.673222,1,False,0.673222,0.0
27911,27911,0.09625,-0.094249,0.811231,0.718433,1,False,0.718433,0.0
29508,29508,0.02875,-0.00625,0.808476,0.69164,1,False,0.69164,0.0
27690,27690,0.12375,-0.11884,0.80823,0.724242,1,False,0.724242,0.0
29495,29495,-0.00375,-0.00625,0.806222,0.71418,1,False,0.71418,0.0
29034,29034,0.00375,-0.014063,0.805455,0.71451,1,False,0.71451,0.0
28157,28157,0.13125,-0.069453,0.799457,0.67842,1,False,0.67842,0.0
29967,29967,0.01625,-0.00125,0.795158,0.69661,1,False,0.69661,0.0
27698,27698,0.14375,-0.11884,0.795117,0.714056,1,False,0.714056,0.0
30196,30196,0.00875,0.00125,0.793591,0.700056,1,False,0.700056,0.0
28382,28382,0.11375,-0.047461,0.791531,0.670002,1,False,0.670002,0.0
28579,28579,0.02625,-0.031641,0.791197,0.712096,1,False,0.712096,0.0
27689,27689,0.12125,-0.11884,0.786792,0.725544,1,False,0.725544,0.0
29738,29738,0.02375,-0.00375,0.783679,0.693237,1,False,0.693237,0.0
29280,29280,0.03875,-0.009375,0.78073,0.687179,1,False,0.687179,0.0
28132,28132,0.06875,-0.069453,0.779679,0.71432,1,False,0.71432,0.0
29509,29509,0.03125,-0.00625,0.778568,0.689939,1,False,0.689939,0.0
27910,27910,0.09375,-0.094249,0.777022,0.719841,1,False,0.719841,0.0
29054,29054,0.05375,-0.014063,0.77649,0.680734,1,False,0.680734,0.0
27931,27931,0.14625,-0.094249,0.773162,0.691571,1,False,0.691571,0.0
28805,28805,0.01125,-0.021094,0.768643,0.714434,1,False,0.714434,0.0
28158,28158,0.13375,-0.069453,0.765823,0.677064,1,False,0.677064,0.0
28607,28607,0.09625,-0.031641,0.765573,0.667575,1,False,0.667575,0.0
30197,30197,0.01125,0.00125,0.761028,0.698304,1,False,0.698304,0.0
29968,29968,0.01875,-0.00125,0.760751,0.694876,1,False,0.694876,0.0
29958,29958,-0.00625,-0.00125,0.760282,0.712419,1,False,0.712419,0.0
27688,27688,0.11875,-0.11884,0.757933,0.726852,1,False,0.726852,0.0
27699,27699,0.14625,-0.11884,0.75342,0.712812,1,False,0.712812,0.0
28354,28354,0.04375,-0.047461,0.7504,0.712655,1,False,0.712655,0.0
29281,29281,0.04125,-0.009375,0.749566,0.685503,1,False,0.685503,0.0
29739,29739,0.02625,-0.00375,0.748351,0.691522,1,False,0.691522,0.0
29033,29033,0.00125,-0.014063,0.745782,0.716248,1,False,0.716248,0.0
29510,29510,0.03375,-0.00625,0.744169,0.688243,1,False,0.688243,0.0
28383,28383,0.11625,-0.047461,0.743941,0.668564,1,False,0.668564,0.0
29726,29726,-0.00625,-0.00375,0.73755,0.71418,1,False,0.71418,0.0
28578,28578,0.02375,-0.031641,0.734957,0.713762,1,False,0.713762,0.0
30198,30198,0.01375,0.00125,0.731753,0.696556,1,False,0.696556,0.0
29969,29969,0.02125,-0.00125,0.728757,0.693147,1,False,0.693147,0.0
28159,28159,0.13625,-0.069453,0.727847,0.675715,1,False,0.675715,0.0
30426,30426,0.00375,0.00375,0.72513,0.701803,1,False,0.701803,0.0
29282,29282,0.04375,-0.009375,0.723813,0.683833,1,False,0.683833,0.0
29263,29263,-0.00375,-0.009375,0.723694,0.716399,1,False,0.716399,0.0
28831,28831,0.07625,-0.021094,0.723,0.671642,1,False,0.671642,0.0
28804,28804,0.00875,-0.021094,0.719066,0.716146,1,False,0.716146,0.0
29055,29055,0.05625,-0.014063,0.718993,0.679098,1,False,0.679098,0.0
27932,27932,0.14875,-0.094249,0.718984,0.690296,1,False,0.690296,0.0
29740,29740,0.02875,-0.00375,0.71803,0.689812,1,False,0.689812,0.0
27687,27687,0.11625,-0.11884,0.717183,0.728167,1,False,0.728167,0.0
27909,27909,0.09125,-0.094249,0.716858,0.721254,1,False,0.721254,0.0
30425,30425,0.00125,0.00375,0.714817,0.703573,1,False,0.703573,0.0
30427,30427,0.00625,0.00375,0.713681,0.700038,1,False,0.700038,0.0
27700,27700,0.14875,-0.11884,0.708879,0.711575,1,False,0.711575,0.0
29511,29511,0.03625,-0.00625,0.708713,0.686552,1,False,0.686552,0.0
28131,28131,0.06625,-0.069453,0.707723,0.715832,1,False,0.715832,0.0
30199,30199,0.01625,0.00125,0.702715,0.694813,1,False,0.694813,0.0
29283,29283,0.04625,-0.009375,0.697893,0.682167,1,False,0.682167,0.0
29970,29970,0.02375,-0.00125,0.69716,0.691423,1,False,0.691423,0.0
29494,29494,-0.00625,-0.00625,0.691168,0.715946,1,False,0.715946,0.0
30428,30428,0.00875,0.00375,0.689051,0.698277,1,False,0.698277,0.0
29741,29741,0.03125,-0.00375,0.688659,0.688107,1,False,0.688107,0.0
28353,28353,0.04125,-0.047461,0.68836,0.714258,1,False,0.714258,0.0
28577,28577,0.02125,-0.031641,0.686284,0.715432,1,False,0.715432,0.0
28160,28160,0.13875,-0.069453,0.685649,0.674373,1,False,0.674373,0.0
28608,28608,0.09875,-0.031641,0.683459,0.666066,1,False,0.666066,0.0
29032,29032,-0.00125,-0.014063,0.682276,0.717992,1,False,0.717992,0.0
28384,28384,0.11875,-0.047461,0.67956,0.667132,1,False,0.667132,0.0
29056,29056,0.05875,-0.014063,0.678129,0.677467,1,False,0.677467,0.0
30200,30200,0.01875,0.00125,0.673916,0.693075,1,False,0.693075,0.0
28803,28803,0.00625,-0.021094,0.672712,0.717863,1,False,0.717863,0.0
29512,29512,0.03875,-0.00625,0.671497,0.684865,1,False,0.684865,0.0
29284,29284,0.04875,-0.009375,0.667264,0.680507,1,False,0.680507,0.0
29971,29971,0.02625,-0.00125,0.666791,0.689703,1,False,0.689703,0.0
27933,27933,0.15125,-0.094249,0.666536,0.689027,1,False,0.689027,0.0
30429,30429,0.01125,0.00375,0.665428,0.69652,1,False,0.69652,0.0
27701,27701,0.15125,-0.11884,0.663808,0.710344,1,False,0.710344,0.0
27686,27686,0.11375,-0.11884,0.66031,0.729487,1,False,0.729487,0.0
29742,29742,0.03375,-0.00375,0.658602,0.686406,1,False,0.686406,0.0
28832,28832,0.07875,-0.021094,0.655033,0.670067,1,False,0.670067,0.0
29057,29057,0.06125,-0.014063,0.646588,0.675842,1,False,0.675842,0.0
30424,30424,-0.00125,0.00375,0.646565,0.705348,1,False,0.705348,0.0
30201,30201,0.02125,0.00125,0.645693,0.691342,1,False,0.691342,0.0
30430,30430,0.01375,0.00375,0.641726,0.694768,1,False,0.694768,0.0
28576,28576,0.01875,-0.031641,0.641546,0.717108,1,False,0.717108,0.0
28161,28161,0.14125,-0.069453,0.640855,0.673037,1,False,0.673037,0.0
28130,28130,0.06375,-0.069453,0.640474,0.71735,1,False,0.71735,0.0
27908,27908,0.08875,-0.094249,0.640323,0.722674,1,False,0.722674,0.0
29513,29513,0.04125,-0.00625,0.639847,0.683184,1,False,0.683184,0.0
29972,29972,0.02875,-0.00125,0.638102,0.687988,1,False,0.687988,0.0
29285,29285,0.05125,-0.009375,0.636225,0.678852,1,False,0.678852,0.0
28352,28352,0.03875,-0.047461,0.635331,0.715867,1,False,0.715867,0.0
29262,29262,-0.00625,-0.009375,0.629451,0.718159,1,False,0.718159,0.0
29743,29743,0.03625,-0.00375,0.627906,0.68471,1,False,0.68471,0.0
28802,28802,0.00375,-0.021094,0.623842,0.719585,1,False,0.719585,0.0
29058,29058,0.06375,-0.014063,0.619947,0.674221,1,False,0.674221,0.0
27702,27702,0.15375,-0.11884,0.619383,0.70912,1,False,0.70912,0.0
30202,30202,0.02375,0.00125,0.618342,0.689613,1,False,0.689613,0.0
29957,29957,-0.00875,-0.00125,0.61808,0.714198,1,False,0.714198,0.0
30431,30431,0.01625,0.00375,0.617982,0.693021,1,False,0.693021,0.0
27934,27934,0.15375,-0.094249,0.616744,0.687765,1,False,0.687765,0.0
29514,29514,0.04375,-0.00625,0.611958,0.681508,1,False,0.681508,0.0
29031,29031,-0.00375,-0.014063,0.611918,0.719739,1,False,0.719739,0.0
28385,28385,0.12125,-0.047461,0.611613,0.665706,1,False,0.665706,0.0
28609,28609,0.10125,-0.031641,0.611152,0.664563,1,False,0.664563,0.0
29973,29973,0.03125,-0.00125,0.61071,0.686278,1,False,0.686278,0.0
29725,29725,-0.00875,-0.00375,0.606582,0.715954,1,False,0.715954,0.0
29286,29286,0.05375,-0.009375,0.606162,0.677202,1,False,0.677202,0.0
28833,28833,0.08125,-0.021094,0.602548,0.668499,1,False,0.668499,0.0
28575,28575,0.01625,-0.031641,0.602309,0.718788,1,False,0.718788,0.0
29744,29744,0.03875,-0.00375,0.598008,0.683019,1,False,0.683019,0.0
30659,30659,0.00625,0.00625,0.597932,0.698268,1,False,0.698268,0.0
30658,30658,0.00375,0.00625,0.596052,0.700038,1,False,0.700038,0.0
28162,28162,0.14375,-0.069453,0.595582,0.671707,1,False,0.671707,0.0
29059,29059,0.06625,-0.014063,0.594908,0.672606,1,False,0.672606,0.0
30432,30432,0.01875,0.00375,0.594134,0.691278,1,False,0.691278,0.0
27685,27685,0.11125,-0.11884,0.593778,0.730814,1,False,0.730814,0.0
30203,30203,0.02625,0.00125,0.591871,0.687889,1,False,0.687889,0.0
30660,30660,0.00875,0.00625,0.590748,0.696502,1,False,0.696502,0.0
28351,28351,0.03625,-0.047461,0.588929,0.71748,1,False,0.71748,0.0
29515,29515,0.04625,-0.00625,0.585623,0.679837,1,False,0.679837,0.0
29974,29974,0.03375,-0.00125,0.583804,0.684573,1,False,0.684573,0.0
28129,28129,0.06125,-0.069453,0.581792,0.718873,1,False,0.718873,0.0
29493,29493,-0.00875,-0.00625,0.58031,0.717716,1,False,0.717716,0.0
30661,30661,0.01125,0.00625,0.576498,0.694741,1,False,0.694741,0.0
27703,27703,0.15625,-0.11884,0.576232,0.707903,1,False,0.707903,0.0
30657,30657,0.00125,0.00625,0.575324,0.701812,1,False,0.701812,0.0
28801,28801,0.00125,-0.021094,0.57487,0.721311,1,False,0.721311,0.0
30191,30191,-0.00375,0.00125,0.572762,0.708883,1,False,0.708883,0.0
29287,29287,0.05625,-0.009375,0.571115,0.675557,1,False,0.675557,0.0
30433,30433,0.02125,0.00375,0.570428,0.68954,1,False,0.68954,0.0
27907,27907,0.08625,-0.094249,0.569963,0.7241,1,False,0.7241,0.0
27935,27935,0.15625,-0.094249,0.569905,0.68651,1,False,0.68651,0.0
29745,29745,0.04125,-0.00375,0.569843,0.681334,1,False,0.681334,0.0
29060,29060,0.06875,-0.014063,0.568157,0.670997,1,False,0.670997,0.0
28574,28574,0.01375,-0.031641,0.568071,0.720473,1,False,0.720473,0.0
30204,30204,0.02875,0.00125,0.566408,0.686169,1,False,0.686169,0.0
28834,28834,0.08375,-0.021094,0.560137,0.666935,1,False,0.666935,0.0
29516,29516,0.04875,-0.00625,0.559956,0.678171,1,False,0.678171,0.0
30662,30662,0.01375,0.00625,0.559535,0.692985,1,False,0.692985,0.0
29975,29975,0.03625,-0.00125,0.55728,0.682873,1,False,0.682873,0.0
28386,28386,0.12375,-0.047461,0.551554,0.664287,1,False,0.664287,0.0
28163,28163,0.14625,-0.069453,0.551505,0.670385,1,False,0.670385,0.0
28610,28610,0.10375,-0.031641,0.550751,0.663065,1,False,0.663065,0.0
30434,30434,0.02375,0.00375,0.5471,0.687807,1,False,0.687807,0.0
28350,28350,0.03375,-0.047461,0.54672,0.719098,1,False,0.719098,0.0
29746,29746,0.04375,-0.00375,0.543913,0.679653,1,False,0.679653,0.0
29030,29030,-0.00625,-0.014063,0.542404,0.721491,1,False,0.721491,0.0
30205,30205,0.03125,0.00125,0.541857,0.684455,1,False,0.684455,0.0
30663,30663,0.01625,0.00625,0.541159,0.691233,1,False,0.691233,0.0
29261,29261,-0.00875,-0.009375,0.540415,0.719923,1,False,0.719923,0.0
29288,29288,0.05875,-0.009375,0.53892,0.673917,1,False,0.673917,0.0
29061,29061,0.07125,-0.014063,0.53864,0.669393,1,False,0.669393,0.0
27704,27704,0.15875,-0.11884,0.534736,0.706692,1,False,0.706692,0.0
29517,29517,0.05125,-0.00625,0.534089,0.67651,1,False,0.67651,0.0
28573,28573,0.01125,-0.031641,0.532061,0.722162,1,False,0.722162,0.0
30423,30423,-0.00375,0.00375,0.531627,0.707127,1,False,0.707127,0.0
29976,29976,0.03875,-0.00125,0.531494,0.681178,1,False,0.681178,0.0
28128,28128,0.05875,-0.069453,0.530978,0.720402,1,False,0.720402,0.0
27684,27684,0.10875,-0.11884,0.529186,0.732147,1,False,0.732147,0.0
27936,27936,0.15875,-0.094249,0.526054,0.685261,1,False,0.685261,0.0
28800,28800,-0.00125,-0.021094,0.525903,0.723042,1,False,0.723042,0.0
30656,30656,-0.00125,0.00625,0.524944,0.703591,1,False,0.703591,0.0
30435,30435,0.02625,0.00375,0.524326,0.686078,1,False,0.686078,0.0
28835,28835,0.08625,-0.021094,0.524001,0.665378,1,False,0.665378,0.0
30664,30664,0.01875,0.00625,0.522042,0.689486,1,False,0.689486,0.0
29747,29747,0.04625,-0.00375,0.519554,0.677977,1,False,0.677977,0.0
30206,30206,0.03375,0.00125,0.51803,0.682745,1,False,0.682745,0.0
29062,29062,0.07375,-0.014063,0.513314,0.667794,1,False,0.667794,0.0
29289,29289,0.06125,-0.009375,0.510524,0.672283,1,False,0.672283,0.0
28164,28164,0.14875,-0.069453,0.50964,0.669069,1,False,0.669069,0.0
29956,29956,-0.01125,-0.00125,0.509183,0.715981,1,False,0.715981,0.0
27906,27906,0.08375,-0.094249,0.508361,0.725531,1,False,0.725531,0.0
28349,28349,0.03125,-0.047461,0.507896,0.720722,1,False,0.720722,0.0
29518,29518,0.05375,-0.00625,0.50782,0.674854,1,False,0.674854,0.0
29977,29977,0.04125,-0.00125,0.506902,0.679487,1,False,0.679487,0.0
30665,30665,0.02125,0.00625,0.502593,0.687743,1,False,0.687743,0.0
29724,29724,-0.01125,-0.00375,0.502404,0.717733,1,False,0.717733,0.0
30436,30436,0.02875,0.00375,0.502188,0.684354,1,False,0.684354,0.0
