repository_path,source_cluster_path,size_bytes,sha256,copied_at_utc,job_id,task_id,source_revision
runs/hpc/stage_f/h2_u020_compiler_datacheck_smoke/evidence/1379939.mmaster02/abaqus_stdout.log,/scratch/pr21vyci/adaptive-remeshing/runs/stage_f5/F5CMP_20260730_113544_e8a1d32/h2_compiler_datacheck/abaqus_stdout.log,2524,4785df0b73cce6b5a52ce0c0d44b2311354b098e7418ab40d63b91990e4f533d,2026-07-30T11:58:00Z,1379939.mmaster02,F5-H2-COMPILER-DATACHECK-SMOKE-EXECUTE,e8a1d32210261745413c12bfe5e378f7fcc14498
runs/hpc/stage_f/h2_u020_compiler_datacheck_smoke/evidence/1379939.mmaster02/COMPILER_ENVIRONMENT.txt,/scratch/pr21vyci/adaptive-remeshing/runs/stage_f5/F5CMP_20260730_113544_e8a1d32/h2_compiler_datacheck/COMPILER_ENVIRONMENT.txt,1718,04888041cde38c9b3e7933f71e6039a758a40c7e2e6c45f745b3690a8e2aeb43,2026-07-30T11:58:00Z,1379939.mmaster02,F5-H2-COMPILER-DATACHECK-SMOKE-EXECUTE,e8a1d32210261745413c12bfe5e378f7fcc14498
runs/hpc/stage_f/h2_u020_compiler_datacheck_smoke/evidence/1379939.mmaster02/COMPILER_STATUS.json,/scratch/pr21vyci/adaptive-remeshing/runs/stage_f5/F5CMP_20260730_113544_e8a1d32/h2_compiler_datacheck/COMPILER_STATUS.json,272,db5b6b126258e67a5802bf897c4e9ce5ef364db393b6d79d19e0bba80ab37858,2026-07-30T11:58:00Z,1379939.mmaster02,F5-H2-COMPILER-DATACHECK-SMOKE-EXECUTE,e8a1d32210261745413c12bfe5e378f7fcc14498
runs/hpc/stage_f/h2_u020_compiler_datacheck_smoke/evidence/1379939.mmaster02/input_hash_check.txt,/scratch/pr21vyci/adaptive-remeshing/runs/stage_f5/F5CMP_20260730_113544_e8a1d32/h2_compiler_datacheck/input_hash_check.txt,109,2ec8718a50b6856a5147615110a52f1a51ce35ff771c5e18962e366db37b2c7d,2026-07-30T11:58:00Z,1379939.mmaster02,F5-H2-COMPILER-DATACHECK-SMOKE-EXECUTE,e8a1d32210261745413c12bfe5e378f7fcc14498
runs/hpc/stage_f/h2_u020_compiler_datacheck_smoke/evidence/1379939.mmaster02/M2H2CMP1.com,/scratch/pr21vyci/adaptive-remeshing/runs/stage_f5/F5CMP_20260730_113544_e8a1d32/h2_compiler_datacheck/M2H2CMP1.com,2988,0b4576b82b05128effeae3f701c0739fe4540b4563364777b4e79ac1d78022e9,2026-07-30T11:58:00Z,1379939.mmaster02,F5-H2-COMPILER-DATACHECK-SMOKE-EXECUTE,e8a1d32210261745413c12bfe5e378f7fcc14498
runs/hpc/stage_f/h2_u020_compiler_datacheck_smoke/evidence/1379939.mmaster02/M2H2CMP1.dat,/scratch/pr21vyci/adaptive-remeshing/runs/stage_f5/F5CMP_20260730_113544_e8a1d32/h2_compiler_datacheck/M2H2CMP1.dat,12115,cd308e314277dee89aabd781acd8192ca7e053c46b6299304fc8a4b89d819fad,2026-07-30T11:58:00Z,1379939.mmaster02,F5-H2-COMPILER-DATACHECK-SMOKE-EXECUTE,e8a1d32210261745413c12bfe5e378f7fcc14498
runs/hpc/stage_f/h2_u020_compiler_datacheck_smoke/evidence/1379939.mmaster02/M2H2CMP1.msg,/scratch/pr21vyci/adaptive-remeshing/runs/stage_f5/F5CMP_20260730_113544_e8a1d32/h2_compiler_datacheck/M2H2CMP1.msg,1274,079f15fd32ab249ee74938c56b20aeef87525085615a808b8167650257ab0502,2026-07-30T11:58:00Z,1379939.mmaster02,F5-H2-COMPILER-DATACHECK-SMOKE-EXECUTE,e8a1d32210261745413c12bfe5e378f7fcc14498
runs/hpc/stage_f/h2_u020_compiler_datacheck_smoke/evidence/1379939.mmaster02/M2H2CMP1.o1379939,/scratch/pr21vyci/adaptive-remeshing/runs/stage_f5/F5CMP_20260730_113544_e8a1d32/h2_compiler_datacheck/M2H2CMP1.o1379939,0,e3b0c44298fc1c149afbf4c8996fb92427ae41e4649b934ca495991b7852b855,2026-07-30T11:58:00Z,1379939.mmaster02,F5-H2-COMPILER-DATACHECK-SMOKE-EXECUTE,e8a1d32210261745413c12bfe5e378f7fcc14498
runs/hpc/stage_f/h2_u020_compiler_datacheck_smoke/evidence/1379939.mmaster02/M2H2CMP1.prt,/scratch/pr21vyci/adaptive-remeshing/runs/stage_f5/F5CMP_20260730_113544_e8a1d32/h2_compiler_datacheck/M2H2CMP1.prt,1813,916bb4c7739b53186c44dcd2fbf061727fa623bf8881ac80dff713052d70fe12,2026-07-30T11:58:00Z,1379939.mmaster02,F5-H2-COMPILER-DATACHECK-SMOKE-EXECUTE,e8a1d32210261745413c12bfe5e378f7fcc14498
runs/hpc/stage_f/h2_u020_compiler_datacheck_smoke/evidence/1379939.mmaster02/PACKAGE_MANIFEST.json,/scratch/pr21vyci/adaptive-remeshing/runs/stage_f5/F5CMP_20260730_113544_e8a1d32/h2_compiler_datacheck/PACKAGE_MANIFEST.json,995,1de8c30a90adf76f5fe80764cefcf22d39ba3e3581ff798782f36be74a5023f2,2026-07-30T11:58:00Z,1379939.mmaster02,F5-H2-COMPILER-DATACHECK-SMOKE-EXECUTE,e8a1d32210261745413c12bfe5e378f7fcc14498
runs/hpc/stage_f/h2_u020_compiler_datacheck_smoke/evidence/1379939.mmaster02/QSTAT_FINAL.txt,/scratch/pr21vyci/adaptive-remeshing/runs/stage_f5/F5CMP_20260730_113544_e8a1d32/h2_compiler_datacheck/QSTAT_FINAL.txt,2545,a352bd3d48a451523054db5ea8d3a3a32829dedb331a6978897350ef2057be38,2026-07-30T11:58:00Z,1379939.mmaster02,F5-H2-COMPILER-DATACHECK-SMOKE-EXECUTE,e8a1d32210261745413c12bfe5e378f7fcc14498
runs/hpc/stage_f/h2_u020_compiler_datacheck_smoke/evidence/1379939.mmaster02/RUNTIME_MANIFEST.json,/scratch/pr21vyci/adaptive-remeshing/runs/stage_f5/F5CMP_20260730_113544_e8a1d32/h2_compiler_datacheck/RUNTIME_MANIFEST.json,983,1f89cc291dc8b29dfd74debaec31a6b68f000e56ec96ab0464b4b7498df396ef,2026-07-30T11:58:00Z,1379939.mmaster02,F5-H2-COMPILER-DATACHECK-SMOKE-EXECUTE,e8a1d32210261745413c12bfe5e378f7fcc14498
runs/hpc/stage_f/h2_u020_compiler_datacheck_smoke/evidence/1379939.mmaster02/SHA256SUMS,/scratch/pr21vyci/adaptive-remeshing/runs/stage_f5/F5CMP_20260730_113544_e8a1d32/h2_compiler_datacheck/SHA256SUMS,357,8e236acc0161549a47f29f3a093b6e78f3470fc562f120f6670ca6760f06bcb8,2026-07-30T11:58:00Z,1379939.mmaster02,F5-H2-COMPILER-DATACHECK-SMOKE-EXECUTE,e8a1d32210261745413c12bfe5e378f7fcc14498
runs/hpc/stage_f/h2_u020_compiler_datacheck_smoke/evidence/1379939.mmaster02/STATUS.json,/scratch/pr21vyci/adaptive-remeshing/runs/stage_f5/F5CMP_20260730_113544_e8a1d32/h2_compiler_datacheck/STATUS.json,1238,8a6c492ab1b4582cec0a76a1ad90b0702f931844123d56f161386e2d7b49dc56,2026-07-30T11:58:00Z,1379939.mmaster02,F5-H2-COMPILER-DATACHECK-SMOKE-EXECUTE,e8a1d32210261745413c12bfe5e378f7fcc14498
runs/hpc/stage_f/h2_u020_compiler_datacheck_smoke/evidence/1379939.mmaster02/TRACEJOB.txt,/scratch/pr21vyci/adaptive-remeshing/runs/stage_f5/F5CMP_20260730_113544_e8a1d32/h2_compiler_datacheck/TRACEJOB.txt,73,4a6b2cdfcb150c92c369d940216aa639350dad4ec6693eb76c00dc0cc5c3d27a,2026-07-30T11:58:00Z,1379939.mmaster02,F5-H2-COMPILER-DATACHECK-SMOKE-EXECUTE,e8a1d32210261745413c12bfe5e378f7fcc14498
