event_index,previous_global_frame,current_global_frame,odb_element,odb_integration_point,mapped_physical_element,previous_sdv16,current_sdv16,sdv16_signed_change,sdv16_decrease_gt_tolerance
1,189,190,84131,3,16427,232.453857421875,232.453857421875,0,false
2,185,186,84132,3,16428,268.68121337890625,268.68121337890625,0,false
3,188,189,84131,3,16427,232.453857421875,232.453857421875,0,false
4,191,192,84131,3,16427,232.453857421875,232.453857421875,0,false
5,185,186,84131,4,16427,220.88490295410156,220.88490295410156,0,false
6,189,190,84130,4,16426,150.66653442382812,150.66653442382812,0,false
7,191,192,84130,4,16426,150.66653442382812,150.66653442382812,0,false
8,183,184,84132,3,16428,268.68121337890625,268.68121337890625,0,false
9,188,189,84130,4,16426,150.66653442382812,150.66653442382812,0,false
10,192,193,84131,3,16427,232.453857421875,232.453857421875,0,false
11,186,187,84131,4,16427,220.88490295410156,220.88490295410156,0,false
12,192,193,84130,4,16426,150.66653442382812,150.66653442382812,0,false
13,183,184,84132,4,16428,257.94308471679688,257.94308471679688,0,false
14,186,187,84132,3,16428,268.68121337890625,268.68121337890625,0,false
15,193,194,84131,3,16427,232.453857421875,232.453857421875,0,false
16,186,187,84131,3,16427,232.453857421875,232.453857421875,0,false
17,183,184,84133,3,16429,209.57473754882812,209.57473754882812,0,false
18,185,186,84132,4,16428,257.94308471679688,257.94308471679688,0,false
19,193,194,84130,4,16426,150.66653442382812,150.66653442382812,0,false
20,183,184,84133,4,16429,207.03047180175781,207.03047180175781,0,false
21,183,184,84131,4,16427,220.88490295410156,220.88490295410156,0,false
22,183,184,84134,3,16430,204.5533447265625,204.5533447265625,0,false
23,185,186,84134,3,16430,204.5533447265625,204.5533447265625,0,false
24,185,186,84133,4,16429,207.03047180175781,207.03047180175781,0,false
25,195,196,84131,3,16427,232.453857421875,232.453857421875,0,false
26,185,186,84135,4,16431,202.06367492675781,202.06367492675781,0,false
27,185,186,84134,4,16430,203.03425598144531,203.03425598144531,0,false
28,185,186,84135,3,16431,202.22296142578125,202.22296142578125,0,false
29,185,186,84133,3,16429,209.57473754882812,209.57473754882812,0,false
30,185,186,84136,3,16432,201.05180358886719,201.05180358886719,0,false
31,182,183,84132,3,16428,268.68121337890625,268.68121337890625,0,false
32,195,196,84130,4,16426,150.66653442382812,150.66653442382812,0,false
33,184,185,84132,3,16428,268.68121337890625,268.68121337890625,0,false
34,196,197,84131,3,16427,232.453857421875,232.453857421875,0,false
35,185,186,84136,4,16432,201.35389709472656,201.35389709472656,0,false
36,186,187,84137,4,16433,201.32418823242188,201.32418823242188,0,false
37,190,191,84131,3,16427,232.453857421875,232.453857421875,0,false
38,183,184,84134,4,16430,203.03425598144531,203.03425598144531,0,false
39,188,189,84131,4,16427,220.88490295410156,220.88490295410156,0,false
40,186,187,84138,3,16434,201.57673645019531,201.57673645019531,0,false
41,186,187,84137,3,16433,201.17720031738281,201.17720031738281,0,false
42,196,197,84130,4,16426,150.66653442382812,150.66653442382812,0,false
43,186,187,84130,4,16426,150.66653442382812,150.66653442382812,0,false
44,186,187,84136,4,16432,201.35389709472656,201.35389709472656,0,false
45,185,186,84137,3,16433,201.17720031738281,201.17720031738281,0,false
46,190,191,84130,4,16426,150.66653442382812,150.66653442382812,0,false
47,198,199,84131,3,16427,232.453857421875,232.453857421875,0,false
48,188,189,84140,4,16436,201.89346313476562,201.89346313476562,0,false
49,186,187,84138,4,16434,201.40493774414062,201.40493774414062,0,false
50,188,189,84140,3,16436,202.16455078125,202.16455078125,0,false
51,192,193,84677,1,16973,1019.4296875,1116.45703125,97.02734375,false
52,188,189,84141,3,16437,202.16667175292969,202.16667175292969,0,false
53,193,194,84677,1,16973,1116.45703125,1204.7142333984375,88.2572021484375,false
54,187,188,84131,3,16427,232.453857421875,232.453857421875,0,false
55,189,190,84142,4,16438,201.68635559082031,201.68635559082031,0,false
56,188,189,84139,4,16435,201.52493286132812,201.52493286132812,0,false
57,183,184,84135,3,16431,202.22296142578125,202.22296142578125,0,false
58,184,185,84131,4,16427,220.88490295410156,220.88490295410156,0,false
59,189,190,84142,3,16438,201.95980834960938,201.95980834960938,0,false
60,186,187,84136,3,16432,201.05180358886719,201.05180358886719,0,false
61,199,200,84131,3,16427,232.453857421875,232.453857421875,0,false
62,182,183,84132,4,16428,257.94308471679688,257.94308471679688,0,false
63,198,199,84130,4,16426,150.66653442382812,150.66653442382812,0,false
64,189,190,84143,3,16439,201.6207275390625,201.6207275390625,0,false
65,189,190,84141,4,16437,201.84580993652344,201.84580993652344,0,false
66,191,192,84145,4,16441,200.09696960449219,200.09696960449219,0,false
67,184,185,84132,4,16428,257.94308471679688,257.94308471679688,0,false
68,191,192,84145,3,16441,200.65788269042969,200.65788269042969,0,false
69,191,192,84146,3,16442,200.05628967285156,200.05628967285156,0,false
70,192,193,84147,4,16443,199.17453002929688,199.17453002929688,0,false
71,186,187,84139,3,16435,202.00167846679688,202.00167846679688,0,false
72,191,192,84677,1,16973,912.62103271484375,1019.4296875,106.80865478515625,false
73,192,193,84148,3,16444,199.46234130859375,199.46234130859375,0,false
74,193,194,84149,4,16445,199.93708801269531,199.93708801269531,0,false
75,199,200,84130,4,16426,150.66653442382812,150.66653442382812,0,false
76,186,187,84135,4,16431,202.06367492675781,202.06367492675781,0,false
77,196,197,84701,1,16997,197.03854370117188,197.03854370117188,0,false
78,192,193,84147,3,16443,199.681640625,199.681640625,0,false
79,195,196,84677,1,16973,1246.6710205078125,1326.252197265625,79.5811767578125,false
80,188,189,84141,4,16437,201.84580993652344,201.84580993652344,0,false
81,191,192,84144,4,16440,200.74501037597656,200.74501037597656,0,false
82,196,197,84701,2,16997,192.02128601074219,192.02128601074219,0,false
83,188,189,84139,3,16435,202.00167846679688,202.00167846679688,0,false
84,195,196,84151,4,16447,205.09544372558594,205.09544372558594,0,false
85,186,187,84132,4,16428,257.94308471679688,257.94308471679688,0,false
86,193,194,84149,3,16445,199.65434265136719,199.65434265136719,0,false
87,193,194,84150,3,16446,200.54454040527344,200.54454040527344,0,false
88,189,190,84131,4,16427,220.88490295410156,220.88490295410156,0,false
89,185,186,84137,4,16433,201.32418823242188,201.32418823242188,0,false
90,196,197,84702,1,16998,188.8824462890625,188.8824462890625,0,false
91,196,197,84702,2,16998,185.27032470703125,185.27032470703125,0,false
92,196,197,84703,1,16999,182.79682922363281,182.79682922363281,0,false
93,189,190,84143,4,16439,201.2158203125,201.2158203125,0,false
94,189,190,84141,3,16437,202.16667175292969,202.16667175292969,0,false
95,192,193,84146,4,16442,199.54803466796875,199.54803466796875,0,false
96,191,192,84146,4,16442,199.54803466796875,199.54803466796875,0,false
97,185,186,84131,3,16427,232.453857421875,232.453857421875,0,false
98,196,197,84703,2,16999,179.57609558105469,179.57609558105469,0,false
99,196,197,84677,1,16973,1326.252197265625,1402.890625,76.638427734375,false
100,192,193,84148,4,16444,199.30021667480469,199.30021667480469,0,false
101,182,183,84133,3,16429,209.57473754882812,209.57473754882812,0,false
102,186,187,84678,1,16974,970.1663818359375,1184.9124755859375,214.74609375,false
103,193,194,84148,4,16444,199.30021667480469,199.30021667480469,0,false
104,184,185,84133,3,16429,209.57473754882812,209.57473754882812,0,false
105,196,197,84704,1,17000,177.920654296875,177.920654296875,0,false
106,198,199,84707,2,17003,168.27008056640625,168.27008056640625,0,false
107,198,199,84708,1,17004,170.177734375,170.177734375,0,false
108,184,185,84133,4,16429,207.03047180175781,207.03047180175781,0,false
109,191,192,84144,3,16440,201.16105651855469,201.16105651855469,0,false
110,186,187,84135,3,16431,202.22296142578125,202.22296142578125,0,false
111,195,196,84152,3,16448,208.39920043945312,208.39920043945312,0,false
112,188,189,84138,4,16434,201.40493774414062,201.40493774414062,0,false
113,188,189,84142,3,16438,201.95980834960938,201.95980834960938,0,false
114,199,200,84710,2,17006,165.88113403320312,165.88113403320312,0,false
115,198,199,84707,1,17003,170.42758178710938,170.42758178710938,0,false
116,199,200,84710,1,17006,170.86392211914062,170.86392211914062,0,false
117,187,188,84130,4,16426,150.66653442382812,150.66653442382812,0,false
118,195,196,84151,3,16447,202.69166564941406,202.69166564941406,0,false
119,184,185,84134,3,16430,204.5533447265625,204.5533447265625,0,false
120,189,190,84140,4,16436,201.89346313476562,201.89346313476562,0,false
121,196,197,84704,2,17000,175.920654296875,175.920654296875,0,false
122,198,199,84677,1,16973,1440.254638671875,1515.01708984375,74.762451171875,false
123,198,199,84708,2,17004,166.87815856933594,166.87815856933594,0,false
124,189,190,84144,3,16440,201.16105651855469,201.16105651855469,0,false
125,191,192,84147,3,16443,199.681640625,199.681640625,0,false
126,186,187,84134,3,16430,204.5533447265625,204.5533447265625,0,false
127,199,200,84709,2,17005,166.13581848144531,166.13581848144531,0,false
128,186,187,84134,4,16430,203.03425598144531,203.03425598144531,0,false
129,193,194,84150,4,16446,201.81407165527344,201.81407165527344,0,false
130,192,193,84146,3,16442,200.05628967285156,200.05628967285156,0,false
131,196,197,84700,2,16996,201.78329467773438,201.78329467773438,0,false
132,198,199,84706,2,17002,170.25126647949219,170.25126647949219,0,false
133,199,200,84711,1,17007,171.29556274414062,171.29556274414062,0,false
134,192,193,84149,3,16445,199.65434265136719,199.65434265136719,0,false
135,199,200,84677,1,16973,1515.01708984375,1589.4234619140625,74.4063720703125,false
136,181,182,84132,3,16428,268.68121337890625,268.68121337890625,0,false
137,183,184,84135,4,16431,202.06367492675781,202.06367492675781,0,false
138,191,192,84143,4,16439,201.2158203125,201.2158203125,0,false
139,186,187,84133,4,16429,207.03047180175781,207.03047180175781,0,false
140,193,194,84148,3,16444,199.46234130859375,199.46234130859375,0,false
141,186,187,84139,4,16435,201.52493286132812,201.52493286132812,0,false
142,182,183,84133,4,16429,207.03047180175781,207.03047180175781,0,false
143,196,197,84705,1,17001,174.6923828125,174.6923828125,0,false
144,198,199,84709,1,17005,170.50572204589844,170.50572204589844,0,false
145,184,185,84134,4,16430,203.03425598144531,203.03425598144531,0,false
146,194,195,84131,3,16427,232.453857421875,232.453857421875,0,false
147,185,186,84138,3,16434,201.57673645019531,201.57673645019531,0,false
148,187,188,84131,4,16427,220.88490295410156,220.88490295410156,0,false
149,199,200,84709,1,17005,170.50572204589844,170.50572204589844,0,false
150,198,199,84706,1,17002,171.89523315429688,171.89523315429688,0,false
151,195,196,84150,4,16446,201.81407165527344,201.81407165527344,0,false
152,192,193,84145,4,16441,200.09696960449219,200.09696960449219,0,false
153,196,197,84152,3,16448,208.39920043945312,208.39920043945312,0,false
154,199,200,84711,2,17007,166.05282592773438,166.05282592773438,0,false
155,188,189,84138,3,16434,201.57673645019531,201.57673645019531,0,false
156,184,185,84135,3,16431,202.22296142578125,202.22296142578125,0,false
157,194,195,84130,4,16426,150.66653442382812,150.66653442382812,0,false
158,198,199,84705,2,17001,172.22897338867188,172.22897338867188,0,false
159,199,200,84708,2,17004,166.87815856933594,166.87815856933594,0,false
160,193,194,84147,4,16443,199.17453002929688,199.17453002929688,0,false
161,189,190,84140,3,16436,202.16455078125,202.16455078125,0,false
162,196,197,84152,4,16448,213.85627746582031,213.85627746582031,0,false
163,188,189,84132,3,16428,268.68121337890625,268.68121337890625,0,false
164,193,194,84151,3,16447,202.69166564941406,202.69166564941406,0,false
165,196,197,84705,2,17001,172.22897338867188,172.22897338867188,0,false
166,196,197,84151,4,16447,205.09544372558594,205.09544372558594,0,false
167,186,187,84133,3,16429,209.57473754882812,209.57473754882812,0,false
168,191,192,84143,3,16439,201.6207275390625,201.6207275390625,0,false
169,188,189,84142,4,16438,201.68635559082031,201.68635559082031,0,false
170,191,192,84147,4,16443,199.17453002929688,199.17453002929688,0,false
171,191,192,84131,4,16427,220.88490295410156,220.88490295410156,0,false
172,189,190,84144,4,16440,200.74501037597656,200.74501037597656,0,false
173,182,183,84134,3,16430,204.5533447265625,204.5533447265625,0,false
174,198,199,84709,2,17005,166.13581848144531,166.13581848144531,0,false
175,198,199,84705,1,17001,174.6923828125,174.6923828125,0,false
176,192,193,84145,3,16441,200.65788269042969,200.65788269042969,0,false
177,192,193,84149,4,16445,199.93708801269531,199.93708801269531,0,false
178,188,189,84137,4,16433,201.32418823242188,201.32418823242188,0,false
179,199,200,84712,1,17008,171.70074462890625,171.70074462890625,0,false
180,199,200,84708,1,17004,170.177734375,170.177734375,0,false
181,186,187,84140,3,16436,202.16455078125,202.16455078125,0,false
182,184,185,84135,4,16431,202.06367492675781,202.06367492675781,0,false
183,189,190,84139,4,16435,201.52493286132812,201.52493286132812,0,false
184,198,199,84704,2,17000,175.920654296875,175.920654296875,0,false
185,185,186,84678,1,16974,712.0478515625,970.1663818359375,258.1185302734375,false
186,183,184,84136,3,16432,201.05180358886719,201.05180358886719,0,false
187,195,196,84150,3,16446,200.54454040527344,200.54454040527344,0,false
188,191,192,84142,4,16438,201.68635559082031,201.68635559082031,0,false
189,193,194,84147,3,16443,199.681640625,199.681640625,0,false
190,195,196,84701,2,16997,192.02128601074219,192.02128601074219,0,false
191,196,197,84706,1,17002,171.89523315429688,171.89523315429688,0,false
192,195,196,84702,1,16998,188.8824462890625,188.8824462890625,0,false
193,187,188,84139,3,16435,202.00167846679688,202.00167846679688,0,false
194,188,189,84678,1,16974,1262.5372314453125,1366.3177490234375,103.780517578125,false
195,198,199,84700,2,16996,201.78329467773438,201.78329467773438,0,false
196,199,200,84707,2,17003,168.27008056640625,168.27008056640625,0,false
197,187,188,84138,4,16434,201.40493774414062,201.40493774414062,0,false
198,198,199,84701,1,16997,197.03854370117188,197.03854370117188,0,false
199,197,198,84131,3,16427,232.453857421875,232.453857421875,0,false
200,195,196,84701,1,16997,197.03854370117188,197.03854370117188,0,false
201,198,199,84704,1,17000,177.920654296875,177.920654296875,0,false
202,192,193,84144,4,16440,200.74501037597656,200.74501037597656,0,false
203,187,188,84139,4,16435,201.52493286132812,201.52493286132812,0,false
204,198,199,84710,1,17006,170.86392211914062,170.86392211914062,0,false
205,187,188,84132,3,16428,268.68121337890625,268.68121337890625,0,false
206,192,193,84131,4,16427,220.88490295410156,220.88490295410156,0,false
207,191,192,84148,3,16444,199.46234130859375,199.46234130859375,0,false
208,182,183,84131,4,16427,220.88490295410156,220.88490295410156,0,false
209,195,196,84702,2,16998,185.27032470703125,185.27032470703125,0,false
210,188,189,84143,3,16439,201.6207275390625,201.6207275390625,0,false
211,184,185,84136,3,16432,201.05180358886719,201.05180358886719,0,false
212,189,190,84145,3,16441,200.65788269042969,200.65788269042969,0,false
213,198,199,84703,2,16999,179.57609558105469,179.57609558105469,0,false
214,195,196,84152,4,16448,213.85627746582031,213.85627746582031,0,false
215,185,186,84138,4,16434,201.40493774414062,201.40493774414062,0,false
216,187,188,84138,3,16434,201.57673645019531,201.57673645019531,0,false
217,188,189,84137,3,16433,201.17720031738281,201.17720031738281,0,false
218,197,198,84130,4,16426,150.66653442382812,150.66653442382812,0,false
219,193,194,84146,4,16442,199.54803466796875,199.54803466796875,0,false
220,187,188,84140,3,16436,202.16455078125,202.16455078125,0,false
221,195,196,84149,4,16445,199.93708801269531,199.93708801269531,0,false
222,198,199,84700,1,16996,211.63626098632812,211.63626098632812,0,false
223,189,190,84139,3,16435,202.00167846679688,202.00167846679688,0,false
224,198,199,84703,1,16999,182.79682922363281,182.79682922363281,0,false
225,199,200,84707,1,17003,170.42758178710938,170.42758178710938,0,false
226,195,196,84703,1,16999,182.79682922363281,182.79682922363281,0,false
227,190,191,84144,3,16440,201.16105651855469,201.16105651855469,0,false
228,191,192,84142,3,16438,201.95980834960938,201.95980834960938,0,false
229,190,191,84143,4,16439,201.2158203125,201.2158203125,0,false
230,192,193,84150,3,16446,200.54454040527344,200.54454040527344,0,false
231,194,195,84677,1,16973,1204.7142333984375,1246.6710205078125,41.956787109375,false
232,198,199,84702,2,16998,185.27032470703125,185.27032470703125,0,false
233,198,199,84701,2,16997,192.02128601074219,192.02128601074219,0,false
234,187,188,84137,4,16433,201.32418823242188,201.32418823242188,0,false
235,200,201,84131,3,16427,232.453857421875,232.453857421875,0,false
236,190,191,84144,4,16440,200.74501037597656,200.74501037597656,0,false
237,194,195,84150,4,16446,201.81407165527344,201.81407165527344,0,false
238,196,197,84151,3,16447,202.69166564941406,202.69166564941406,0,false
239,192,193,84144,3,16440,201.16105651855469,201.16105651855469,0,false
240,188,189,84136,4,16432,201.35389709472656,201.35389709472656,0,false
241,194,195,84151,3,16447,202.69166564941406,202.69166564941406,0,false
242,199,200,84712,2,17008,166.55763244628906,166.55763244628906,0,false
243,190,191,84143,3,16439,201.6207275390625,201.6207275390625,0,false
244,193,194,84131,4,16427,220.88490295410156,220.88490295410156,0,false
245,198,199,84702,1,16998,188.8824462890625,188.8824462890625,0,false
246,182,183,84134,4,16430,203.03425598144531,203.03425598144531,0,false
247,196,197,84706,2,17002,170.25126647949219,170.25126647949219,0,false
248,199,200,84706,2,17002,170.25126647949219,170.25126647949219,0,false
249,190,191,84145,3,16441,200.65788269042969,200.65788269042969,0,false
250,195,196,84700,2,16996,201.78329467773438,201.78329467773438,0,false
251,189,190,84138,4,16434,201.40493774414062,201.40493774414062,0,false
252,200,201,84130,4,16426,150.66653442382812,150.66653442382812,0,false
253,197,198,84705,2,17001,172.22897338867188,172.22897338867188,0,false
254,193,194,84146,3,16442,200.05628967285156,200.05628967285156,0,false
255,194,195,84150,3,16446,200.54454040527344,200.54454040527344,0,false
256,191,192,84141,4,16437,201.84580993652344,201.84580993652344,0,false
257,190,191,84142,4,16438,201.68635559082031,201.68635559082031,0,false
258,197,198,84706,1,17002,171.89523315429688,171.89523315429688,0,false
259,197,198,84705,1,17001,174.6923828125,174.6923828125,0,false
260,187,188,84140,4,16436,201.89346313476562,201.89346313476562,0,false
261,193,194,84151,4,16447,205.09544372558594,205.09544372558594,0,false
262,186,187,84140,4,16436,201.89346313476562,201.89346313476562,0,false
263,197,198,84704,2,17000,175.920654296875,175.920654296875,0,false
264,195,196,84703,2,16999,179.57609558105469,179.57609558105469,0,false
265,200,201,84712,1,17008,171.70074462890625,171.70074462890625,0,false
266,187,188,84137,3,16433,201.17720031738281,201.17720031738281,0,false
267,184,185,84136,4,16432,201.35389709472656,201.35389709472656,0,false
268,195,196,84149,3,16445,199.65434265136719,199.65434265136719,0,false
269,197,198,84706,2,17002,170.25126647949219,170.25126647949219,0,false
270,192,193,84143,4,16439,201.2158203125,201.2158203125,0,false
271,197,198,84701,1,16997,197.03854370117188,197.03854370117188,0,false
272,200,201,84712,2,17008,166.55763244628906,166.55763244628906,0,false
273,188,189,84136,3,16432,201.05180358886719,201.05180358886719,0,false
274,200,201,84711,2,17007,166.05282592773438,166.05282592773438,0,false
275,197,198,84677,1,16973,1402.890625,1440.254638671875,37.364013671875,false
276,199,200,84700,1,16996,211.63626098632812,211.63626098632812,0,false
277,199,200,84706,1,17002,171.89523315429688,171.89523315429688,0,false
278,197,198,84704,1,17000,177.920654296875,177.920654296875,0,false
279,196,197,84700,1,16996,211.63626098632812,211.63626098632812,0,false
280,194,195,84149,4,16445,199.93708801269531,199.93708801269531,0,false
281,198,199,84152,4,16448,213.85627746582031,213.85627746582031,0,false
282,194,195,84151,4,16447,205.09544372558594,205.09544372558594,0,false
283,188,189,84132,4,16428,257.94308471679688,257.94308471679688,0,false
284,189,190,84677,2,16973,1127.7802734375,1216.6832275390625,88.9029541015625,false
285,197,198,84703,2,16999,179.57609558105469,179.57609558105469,0,false
286,197,198,84707,1,17003,170.42758178710938,170.42758178710938,0,false
287,181,182,84132,4,16428,257.94308471679688,257.94308471679688,0,false
288,190,191,84145,4,16441,200.09696960449219,200.09696960449219,0,false
289,193,194,84145,4,16441,200.09696960449219,200.09696960449219,0,false
290,200,201,84713,1,17009,172.16026306152344,172.16026306152344,0,false
291,198,199,84710,2,17006,165.88113403320312,165.88113403320312,0,false
292,195,196,84131,4,16427,220.88490295410156,220.88490295410156,0,false
293,185,186,84139,3,16435,202.00167846679688,202.00167846679688,0,false
294,196,197,84150,4,16446,201.81407165527344,201.81407165527344,0,false
295,189,190,84145,4,16441,200.09696960449219,200.09696960449219,0,false
296,190,191,84142,3,16438,201.95980834960938,201.95980834960938,0,false
297,183,184,84136,4,16432,201.35389709472656,201.35389709472656,0,false
298,200,201,84711,1,17007,171.29556274414062,171.29556274414062,0,false
299,188,189,84135,4,16431,202.06367492675781,202.06367492675781,0,false
300,189,190,84138,3,16434,201.57673645019531,201.57673645019531,0,false
301,187,188,84678,1,16974,1184.9124755859375,1262.5372314453125,77.624755859375,false
302,197,198,84700,2,16996,201.78329467773438,201.78329467773438,0,false
303,197,198,84703,1,16999,182.79682922363281,182.79682922363281,0,false
304,191,192,84148,4,16444,199.30021667480469,199.30021667480469,0,false
305,188,189,84143,4,16439,201.2158203125,201.2158203125,0,false
306,190,191,84131,4,16427,220.88490295410156,220.88490295410156,0,false
307,187,188,84136,4,16432,201.35389709472656,201.35389709472656,0,false
308,200,201,84677,1,16973,1589.4234619140625,1626.9276123046875,37.504150390625,false
309,199,200,84705,2,17001,172.22897338867188,172.22897338867188,0,false
310,197,198,84701,2,16997,192.02128601074219,192.02128601074219,0,false
311,188,189,84134,3,16430,204.5533447265625,204.5533447265625,0,false
312,197,198,84702,2,16998,185.27032470703125,185.27032470703125,0,false
313,191,192,84677,2,16973,1253.22705078125,1320.023681640625,66.796630859375,false
314,191,192,84141,3,16437,202.16667175292969,202.16667175292969,0,false
315,187,188,84141,3,16437,202.16667175292969,202.16667175292969,0,false
316,195,196,84148,4,16444,199.30021667480469,199.30021667480469,0,false
317,188,189,84133,4,16429,207.03047180175781,207.03047180175781,0,false
318,188,189,84677,2,16973,1002.5615234375,1127.7802734375,125.21875,false
319,197,198,84702,1,16998,188.8824462890625,188.8824462890625,0,false
320,196,197,84707,1,17003,170.42758178710938,170.42758178710938,0,false
321,195,196,84704,1,17000,177.920654296875,177.920654296875,0,false
322,200,201,84710,2,17006,165.88113403320312,165.88113403320312,0,false
323,192,193,84143,3,16439,201.6207275390625,201.6207275390625,0,false
324,188,189,84135,3,16431,202.22296142578125,202.22296142578125,0,false
325,190,191,84677,1,16973,856.555908203125,912.62103271484375,56.06512451171875,false
326,196,197,84131,4,16427,220.88490295410156,220.88490295410156,0,false
327,189,190,84678,1,16974,1366.3177490234375,1431.13232421875,64.8145751953125,false
328,188,189,84134,4,16430,203.03425598144531,203.03425598144531,0,false
329,198,199,84699,2,16995,234.46279907226562,245.94471740722656,11.481918334960938,false
330,199,200,84700,2,16996,201.78329467773438,201.78329467773438,0,false
331,199,200,84713,1,17009,172.16026306152344,172.16026306152344,0,false
332,189,190,84137,4,16433,201.32418823242188,201.32418823242188,0,false
333,197,198,84707,2,17003,168.27008056640625,168.27008056640625,0,false
334,190,191,84141,4,16437,201.84580993652344,201.84580993652344,0,false
335,182,183,84135,3,16431,202.22296142578125,202.22296142578125,0,false
336,199,200,84705,1,17001,174.6923828125,174.6923828125,0,false
337,190,191,84146,3,16442,200.05628967285156,200.05628967285156,0,false
338,189,190,84132,3,16428,268.68121337890625,268.68121337890625,0,false
339,194,195,84149,3,16445,199.65434265136719,199.65434265136719,0,false
340,193,194,84145,3,16441,200.65788269042969,200.65788269042969,0,false
341,200,201,84713,2,17009,167.05715942382812,167.05715942382812,0,false
342,184,185,84137,3,16433,201.17720031738281,201.17720031738281,0,false
343,198,199,84152,3,16448,208.39920043945312,208.39920043945312,0,false
344,191,192,84140,4,16436,201.89346313476562,201.89346313476562,0,false
345,199,200,84699,2,16995,245.94471740722656,261.83547973632812,15.890762329101562,false
346,192,193,84677,2,16973,1320.023681640625,1383.1883544921875,63.1646728515625,false
347,187,188,84136,3,16432,201.05180358886719,201.05180358886719,0,false
348,199,200,84704,2,17000,175.920654296875,175.920654296875,0,false
349,192,193,84142,4,16438,201.68635559082031,201.68635559082031,0,false
350,196,197,84150,3,16446,200.54454040527344,200.54454040527344,0,false
351,200,201,84710,1,17006,170.86392211914062,170.86392211914062,0,false
352,188,189,84133,3,16429,209.57473754882812,209.57473754882812,0,false
353,194,195,84152,3,16448,208.39920043945312,208.39920043945312,0,false
354,198,199,84131,4,16427,220.88490295410156,220.88490295410156,0,false
355,195,196,84148,3,16444,199.46234130859375,199.46234130859375,0,false
356,189,190,84137,3,16433,201.17720031738281,201.17720031738281,0,false
357,199,200,84701,1,16997,197.03854370117188,197.03854370117188,0,false
358,186,187,84141,3,16437,202.16667175292969,202.16667175292969,0,false
359,189,190,84132,4,16428,257.94308471679688,257.94308471679688,0,false
360,193,194,84144,4,16440,200.74501037597656,200.74501037597656,0,false
361,192,193,84150,4,16446,201.81407165527344,201.81407165527344,0,false
362,196,197,84153,3,16449,223.17848205566406,223.17848205566406,0,false
363,199,200,84704,1,17000,177.920654296875,177.920654296875,0,false
364,197,198,84708,1,17004,170.177734375,170.177734375,0,false
365,194,195,84148,4,16444,199.30021667480469,199.30021667480469,0,false
366,189,190,84133,4,16429,207.03047180175781,207.03047180175781,0,false
367,187,188,84135,4,16431,202.06367492675781,202.06367492675781,0,false
368,199,200,84131,4,16427,220.88490295410156,220.88490295410156,0,false
369,189,190,84133,3,16429,209.57473754882812,209.57473754882812,0,false
370,189,190,84136,4,16432,201.35389709472656,201.35389709472656,0,false
371,191,192,84140,3,16436,202.16455078125,202.16455078125,0,false
372,190,191,84141,3,16437,202.16667175292969,202.16667175292969,0,false
373,189,190,84134,3,16430,204.5533447265625,204.5533447265625,0,false
374,197,198,84152,4,16448,213.85627746582031,213.85627746582031,0,false
375,199,200,84703,2,16999,179.57609558105469,179.57609558105469,0,false
376,193,194,84677,2,16973,1383.1883544921875,1446.05126953125,62.8629150390625,false
377,200,201,84709,2,17005,166.13581848144531,166.13581848144531,0,false
378,185,186,84130,4,16426,150.66653442382812,150.66653442382812,0,false
379,187,188,84132,4,16428,257.94308471679688,257.94308471679688,0,false
380,191,192,84133,3,16429,209.57473754882812,209.57473754882812,0,false
381,189,190,84146,3,16442,200.05628967285156,200.05628967285156,0,false
382,200,201,84714,1,17010,172.63685607910156,172.63685607910156,0,false
383,198,199,84151,4,16447,205.09544372558594,205.09544372558594,0,false
384,192,193,84142,3,16438,201.95980834960938,201.95980834960938,0,false
385,196,197,84149,4,16445,199.93708801269531,199.93708801269531,0,false
386,195,196,84147,4,16443,199.17453002929688,199.17453002929688,0,false
387,199,200,84703,1,16999,182.79682922363281,182.79682922363281,0,false
388,189,190,84136,3,16432,201.05180358886719,201.05180358886719,0,false
389,188,189,84144,3,16440,201.16105651855469,201.16105651855469,0,false
390,187,188,84141,4,16437,201.84580993652344,201.84580993652344,0,false
391,198,199,84711,1,17007,171.29556274414062,171.29556274414062,0,false
392,192,193,84133,3,16429,209.57473754882812,209.57473754882812,0,false
393,191,192,84149,3,16445,199.65434265136719,199.65434265136719,0,false
394,189,190,84134,4,16430,203.03425598144531,203.03425598144531,0,false
395,189,190,84135,4,16431,202.06367492675781,202.06367492675781,0,false
396,199,200,84702,2,16998,185.27032470703125,185.27032470703125,0,false
397,193,194,84152,3,16448,208.39920043945312,208.39920043945312,0,false
398,193,194,84144,3,16440,201.16105651855469,201.16105651855469,0,false
399,191,192,84139,4,16435,201.52493286132812,201.52493286132812,0,false
400,199,200,84701,2,16997,192.02128601074219,192.02128601074219,0,false
401,189,190,84135,3,16431,202.22296142578125,202.22296142578125,0,false
402,187,188,84134,3,16430,204.5533447265625,204.5533447265625,0,false
403,187,188,84135,3,16431,202.22296142578125,202.22296142578125,0,false
404,190,191,84146,4,16442,199.54803466796875,199.54803466796875,0,false
405,192,193,84141,4,16437,201.84580993652344,201.84580993652344,0,false
406,189,190,84677,1,16973,738.54425048828125,856.555908203125,118.01165771484375,false
407,183,184,84137,3,16433,201.17720031738281,201.17720031738281,0,false
408,197,198,84700,1,16996,211.63626098632812,211.63626098632812,0,false
409,193,194,84133,3,16429,209.57473754882812,209.57473754882812,0,false
410,190,191,84140,4,16436,201.89346313476562,201.89346313476562,0,false
411,199,200,84702,1,16998,188.8824462890625,188.8824462890625,0,false
412,195,196,84704,2,17000,175.920654296875,175.920654296875,0,false
413,191,192,84132,4,16428,257.94308471679688,257.94308471679688,0,false
414,187,188,84134,4,16430,203.03425598144531,203.03425598144531,0,false
415,191,192,84133,4,16429,207.03047180175781,207.03047180175781,0,false
416,187,188,84133,4,16429,207.03047180175781,207.03047180175781,0,false
417,197,198,84152,3,16448,208.39920043945312,208.39920043945312,0,false
418,194,195,84148,3,16444,199.46234130859375,199.46234130859375,0,false
419,195,196,84147,3,16443,199.681640625,199.681640625,0,false
420,193,194,84143,4,16439,201.2158203125,201.2158203125,0,false
421,200,201,84709,1,17005,170.50572204589844,170.50572204589844,0,false
422,191,192,84139,3,16435,202.00167846679688,202.00167846679688,0,false
423,196,197,84149,3,16445,199.65434265136719,199.65434265136719,0,false
424,181,182,84133,3,16429,209.57473754882812,209.57473754882812,0,false
425,195,196,84677,2,16973,1478.057861328125,1542.300537109375,64.24267578125,false
426,192,193,84141,3,16437,202.16667175292969,202.16667175292969,0,false
427,191,192,84134,3,16430,204.5533447265625,204.5533447265625,0,false
428,192,193,84132,4,16428,257.94308471679688,257.94308471679688,0,false
429,195,196,84133,3,16429,209.57473754882812,209.57473754882812,0,false
430,191,192,84138,4,16434,201.40493774414062,201.40493774414062,0,false
431,198,199,84153,3,16449,223.17848205566406,223.17848205566406,0,false
432,192,193,84133,4,16429,207.03047180175781,207.03047180175781,0,false
433,195,196,84146,4,16442,199.54803466796875,199.54803466796875,0,false
434,193,194,84143,3,16439,201.6207275390625,201.6207275390625,0,false
435,197,198,84708,2,17004,166.87815856933594,166.87815856933594,0,false
436,191,192,84134,4,16430,203.03425598144531,203.03425598144531,0,false
437,185,186,84139,4,16435,201.52493286132812,201.52493286132812,0,false
438,196,197,84148,4,16444,199.30021667480469,199.30021667480469,0,false
439,192,193,84140,4,16436,201.89346313476562,201.89346313476562,0,false
440,200,201,84708,2,17004,166.87815856933594,166.87815856933594,0,false
441,191,192,84138,3,16434,201.57673645019531,201.57673645019531,0,false
442,184,185,84137,4,16433,201.32418823242188,201.32418823242188,0,false
443,196,197,84133,3,16429,209.57473754882812,209.57473754882812,0,false
444,193,194,84132,4,16428,257.94308471679688,257.94308471679688,0,false
445,191,192,84135,3,16431,202.22296142578125,202.22296142578125,0,false
446,194,195,84147,4,16443,199.17453002929688,199.17453002929688,0,false
447,199,200,84152,4,16448,213.85627746582031,213.85627746582031,0,false
448,191,192,84137,4,16433,201.32418823242188,201.32418823242188,0,false
449,196,197,84677,2,16973,1542.300537109375,1607.6666259765625,65.3660888671875,false
450,194,195,84131,4,16427,220.88490295410156,220.88490295410156,0,false
451,191,192,84135,4,16431,202.06367492675781,202.06367492675781,0,false
452,193,194,84142,4,16438,201.68635559082031,201.68635559082031,0,false
453,198,199,84151,3,16447,202.69166564941406,202.69166564941406,0,false
454,193,194,84133,4,16429,207.03047180175781,207.03047180175781,0,false
455,192,193,84134,3,16430,204.5533447265625,204.5533447265625,0,false
456,196,197,84707,2,17003,168.27008056640625,168.27008056640625,0,false
457,191,192,84136,3,16432,201.05180358886719,201.05180358886719,0,false
458,190,191,84140,3,16436,202.16455078125,202.16455078125,0,false
459,191,192,84137,3,16433,201.17720031738281,201.17720031738281,0,false
460,195,196,84146,3,16442,200.05628967285156,200.05628967285156,0,false
461,191,192,84136,4,16432,201.35389709472656,201.35389709472656,0,false
462,197,198,84151,4,16447,205.09544372558594,205.09544372558594,0,false
463,192,193,84140,3,16436,202.16455078125,202.16455078125,0,false
464,199,200,84152,3,16448,208.39920043945312,208.39920043945312,0,false
465,187,188,84142,3,16438,201.95980834960938,201.95980834960938,0,false
466,192,193,84134,4,16430,203.03425598144531,203.03425598144531,0,false
467,196,197,84148,3,16444,199.46234130859375,199.46234130859375,0,false
468,198,199,84133,3,16429,209.57473754882812,209.57473754882812,0,false
469,187,188,84133,3,16429,209.57473754882812,209.57473754882812,0,false
470,195,196,84132,4,16428,257.94308471679688,257.94308471679688,0,false
471,192,193,84139,4,16435,201.52493286132812,201.52493286132812,0,false
472,190,191,84147,3,16443,199.681640625,199.681640625,0,false
473,192,193,84135,3,16431,202.22296142578125,202.22296142578125,0,false
474,193,194,84142,3,16438,201.95980834960938,201.95980834960938,0,false
475,195,196,84145,4,16441,200.09696960449219,200.09696960449219,0,false
476,182,183,84135,4,16431,202.06367492675781,202.06367492675781,0,false
477,190,191,84677,2,16973,1216.6832275390625,1253.22705078125,36.5438232421875,false
478,193,194,84134,3,16430,204.5533447265625,204.5533447265625,0,false
479,192,193,84135,4,16431,202.06367492675781,202.06367492675781,0,false
480,192,193,84139,3,16435,202.00167846679688,202.00167846679688,0,false
481,199,200,84151,4,16447,205.09544372558594,205.09544372558594,0,false
482,193,194,84141,4,16437,201.84580993652344,201.84580993652344,0,false
483,196,197,84147,4,16443,199.17453002929688,199.17453002929688,0,false
484,200,201,84708,1,17004,170.177734375,170.177734375,0,false
485,199,200,84133,3,16429,209.57473754882812,209.57473754882812,0,false
486,181,182,84133,4,16429,207.03047180175781,207.03047180175781,0,false
487,192,193,84136,3,16432,201.05180358886719,201.05180358886719,0,false
488,192,193,84138,4,16434,201.40493774414062,201.40493774414062,0,false
489,196,197,84132,4,16428,257.94308471679688,257.94308471679688,0,false
490,195,196,84133,4,16429,207.03047180175781,207.03047180175781,0,false
491,193,194,84134,4,16430,203.03425598144531,203.03425598144531,0,false
492,198,199,84677,2,16973,1640.4552001953125,1707.331787109375,66.8765869140625,false
493,192,193,84136,4,16432,201.35389709472656,201.35389709472656,0,false
494,192,193,84138,3,16434,201.57673645019531,201.57673645019531,0,false
495,200,201,84714,2,17010,167.62001037597656,167.62001037597656,0,false
496,192,193,84137,3,16433,201.17720031738281,201.17720031738281,0,false
497,192,193,84137,4,16433,201.32418823242188,201.32418823242188,0,false
498,195,196,84145,3,16441,200.65788269042969,200.65788269042969,0,false
499,180,181,84132,3,16428,266.5902099609375,268.68121337890625,2.09100341796875,false
500,190,191,84139,4,16435,201.52493286132812,201.52493286132812,0,false
501,193,194,84135,3,16431,202.22296142578125,202.22296142578125,0,false
502,193,194,84141,3,16437,202.16667175292969,202.16667175292969,0,false
503,198,199,84150,4,16446,201.81407165527344,201.81407165527344,0,false
504,192,193,84151,3,16447,202.69166564941406,202.69166564941406,0,false
505,196,197,84147,3,16443,199.681640625,199.681640625,0,false
506,195,196,84700,1,16996,211.63626098632812,211.63626098632812,0,false
507,195,196,84144,4,16440,200.74501037597656,200.74501037597656,0,false
508,194,195,84147,3,16443,199.681640625,199.681640625,0,false
509,193,194,84140,4,16436,201.89346313476562,201.89346313476562,0,false
510,193,194,84135,4,16431,202.06367492675781,202.06367492675781,0,false
511,186,187,84678,2,16974,964.09735107421875,1121.134765625,157.03741455078125,false
512,196,197,84133,4,16429,207.03047180175781,207.03047180175781,0,false
513,198,199,84150,3,16446,200.54454040527344,200.54454040527344,0,false
514,193,194,84136,3,16432,201.05180358886719,201.05180358886719,0,false
515,199,200,84677,2,16973,1707.331787109375,1775.1014404296875,67.7696533203125,false
516,198,199,84132,4,16428,257.94308471679688,257.94308471679688,0,false
517,193,194,84140,3,16436,202.16455078125,202.16455078125,0,false
518,196,197,84146,4,16442,199.54803466796875,199.54803466796875,0,false
519,195,196,84134,3,16430,204.5533447265625,204.5533447265625,0,false
520,193,194,84139,4,16435,201.52493286132812,201.52493286132812,0,false
521,195,196,84144,3,16440,201.16105651855469,201.16105651855469,0,false
522,193,194,84136,4,16432,201.35389709472656,201.35389709472656,0,false
523,200,201,84707,2,17003,168.27008056640625,168.27008056640625,0,false
524,198,199,84149,4,16445,199.93708801269531,199.93708801269531,0,false
525,193,194,84137,3,16433,201.17720031738281,201.17720031738281,0,false
526,193,194,84139,3,16435,202.00167846679688,202.00167846679688,0,false
527,193,194,84138,4,16434,201.40493774414062,201.40493774414062,0,false
528,195,196,84705,1,17001,174.6923828125,174.6923828125,0,false
529,193,194,84137,4,16433,201.32418823242188,201.32418823242188,0,false
530,195,196,84134,4,16430,203.03425598144531,203.03425598144531,0,false
531,193,194,84138,3,16434,201.57673645019531,201.57673645019531,0,false
532,199,200,84713,2,17009,167.05715942382812,167.05715942382812,0,false
533,195,196,84143,4,16439,201.2158203125,201.2158203125,0,false
534,196,197,84146,3,16442,200.05628967285156,200.05628967285156,0,false
535,199,200,84132,4,16428,257.94308471679688,257.94308471679688,0,false
536,195,196,84135,3,16431,202.22296142578125,202.22296142578125,0,false
537,186,187,84141,4,16437,201.84580993652344,201.84580993652344,0,false
538,195,196,84143,3,16439,201.6207275390625,201.6207275390625,0,false
539,196,197,84145,4,16441,200.09696960449219,200.09696960449219,0,false
540,198,199,84149,3,16445,199.65434265136719,199.65434265136719,0,false
541,198,199,84133,4,16429,207.03047180175781,207.03047180175781,0,false
542,199,200,84151,3,16447,202.69166564941406,202.69166564941406,0,false
543,196,197,84134,3,16430,204.5533447265625,204.5533447265625,0,false
544,197,198,84709,1,17005,170.50572204589844,170.50572204589844,0,false
545,197,198,84131,4,16427,220.88490295410156,220.88490295410156,0,false
546,195,196,84135,4,16431,202.06367492675781,202.06367492675781,0,false
547,195,196,84142,4,16438,201.68635559082031,201.68635559082031,0,false
548,186,187,84680,1,16976,837.54815673828125,985.95538330078125,148.4072265625,false
549,196,197,84134,4,16430,203.03425598144531,203.03425598144531,0,false
550,196,197,84145,3,16441,200.65788269042969,200.65788269042969,0,false
551,194,195,84146,4,16442,199.54803466796875,199.54803466796875,0,false
552,195,196,84142,3,16438,201.95980834960938,201.95980834960938,0,false
553,195,196,84136,3,16432,201.05180358886719,201.05180358886719,0,false
554,190,191,84139,3,16435,202.00167846679688,202.00167846679688,0,false
555,198,199,84148,4,16444,199.30021667480469,199.30021667480469,0,false
556,195,196,84141,4,16437,201.84580993652344,201.84580993652344,0,false
557,196,197,84135,3,16431,202.22296142578125,202.22296142578125,0,false
558,196,197,84144,4,16440,200.74501037597656,200.74501037597656,0,false
559,195,196,84136,4,16432,201.35389709472656,201.35389709472656,0,false
560,195,196,84141,3,16437,202.16667175292969,202.16667175292969,0,false
561,200,201,84700,1,16996,211.63626098632812,211.63626098632812,0,false
562,195,196,84137,3,16433,201.17720031738281,201.17720031738281,0,false
563,195,196,84140,4,16436,201.89346313476562,201.89346313476562,0,false
564,198,199,84148,3,16444,199.46234130859375,199.46234130859375,0,false
565,199,200,84133,4,16429,207.03047180175781,207.03047180175781,0,false
566,196,197,84144,3,16440,201.16105651855469,201.16105651855469,0,false
567,200,201,84707,1,17003,170.42758178710938,170.42758178710938,0,false
568,195,196,84137,4,16433,201.32418823242188,201.32418823242188,0,false
569,195,196,84140,3,16436,202.16455078125,202.16455078125,0,false
570,189,190,84146,4,16442,199.54803466796875,199.54803466796875,0,false
571,197,198,84153,3,16449,223.17848205566406,223.17848205566406,0,false
572,195,196,84138,3,16434,201.57673645019531,201.57673645019531,0,false
573,195,196,84139,4,16435,201.52493286132812,201.52493286132812,0,false
574,199,200,84150,3,16446,200.54454040527344,200.54454040527344,0,false
575,187,188,84677,2,16973,919.34954833984375,1002.5615234375,83.21197509765625,false
576,196,197,84135,4,16431,202.06367492675781,202.06367492675781,0,false
577,195,196,84138,4,16434,201.40493774414062,201.40493774414062,0,false
578,195,196,84139,3,16435,202.00167846679688,202.00167846679688,0,false
579,196,197,84143,4,16439,201.2158203125,201.2158203125,0,false
580,199,200,84150,4,16446,201.81407165527344,201.81407165527344,0,false
581,198,199,84147,4,16443,199.17453002929688,199.17453002929688,0,false
582,199,200,84149,4,16445,199.93708801269531,199.93708801269531,0,false
583,196,197,84143,3,16439,201.6207275390625,201.6207275390625,0,false
584,196,197,84136,3,16432,201.05180358886719,201.05180358886719,0,false
585,188,189,84144,4,16440,200.74501037597656,200.74501037597656,0,false
586,198,199,84134,3,16430,204.5533447265625,204.5533447265625,0,false
587,196,197,84142,4,16438,201.68635559082031,201.68635559082031,0,false
588,198,199,84147,3,16443,199.681640625,199.681640625,0,false
589,198,199,84134,4,16430,203.03425598144531,203.03425598144531,0,false
590,184,185,84138,3,16434,201.57673645019531,201.57673645019531,0,false
591,196,197,84136,4,16432,201.35389709472656,201.35389709472656,0,false
592,196,197,84142,3,16438,201.95980834960938,201.95980834960938,0,false
593,198,199,84146,4,16442,199.54803466796875,199.54803466796875,0,false
594,199,200,84149,3,16445,199.65434265136719,199.65434265136719,0,false
595,196,197,84141,4,16437,201.84580993652344,201.84580993652344,0,false
596,196,197,84137,3,16433,201.17720031738281,201.17720031738281,0,false
597,198,199,84135,3,16431,202.22296142578125,202.22296142578125,0,false
598,196,197,84141,3,16437,202.16667175292969,202.16667175292969,0,false
599,190,191,84138,4,16434,201.40493774414062,201.40493774414062,0,false
600,198,199,84146,3,16442,200.05628967285156,200.05628967285156,0,false
601,197,198,84151,3,16447,202.69166564941406,202.69166564941406,0,false
602,196,197,84137,4,16433,201.32418823242188,201.32418823242188,0,false
603,196,197,84140,4,16436,201.89346313476562,201.89346313476562,0,false
604,199,200,84148,4,16444,199.30021667480469,199.30021667480469,0,false
605,196,197,84138,3,16434,201.57673645019531,201.57673645019531,0,false
606,196,197,84140,3,16436,202.16455078125,202.16455078125,0,false
607,196,197,84138,4,16434,201.40493774414062,201.40493774414062,0,false
608,196,197,84139,3,16435,202.00167846679688,202.00167846679688,0,false
609,196,197,84139,4,16435,201.52493286132812,201.52493286132812,0,false
610,198,199,84145,4,16441,200.09696960449219,200.09696960449219,0,false
611,200,201,84706,2,17002,170.25126647949219,170.25126647949219,0,false
612,181,182,84134,3,16430,204.5533447265625,204.5533447265625,0,false
613,190,191,84133,3,16429,209.57473754882812,209.57473754882812,0,false
614,199,200,84148,3,16444,199.46234130859375,199.46234130859375,0,false
615,199,200,84134,3,16430,204.5533447265625,204.5533447265625,0,false
616,198,199,84145,3,16441,200.65788269042969,200.65788269042969,0,false
617,194,195,84152,4,16448,213.85627746582031,213.85627746582031,0,false
618,198,199,84135,4,16431,202.06367492675781,202.06367492675781,0,false
619,191,192,84678,1,16974,1456.435546875,1503.0419921875,46.6064453125,false
620,199,200,84134,4,16430,203.03425598144531,203.03425598144531,0,false
621,199,200,84147,4,16443,199.17453002929688,199.17453002929688,0,false
622,198,199,84144,4,16440,200.74501037597656,200.74501037597656,0,false
623,194,195,84146,3,16442,200.05628967285156,200.05628967285156,0,false
624,200,201,84131,4,16427,220.88490295410156,220.88490295410156,0,false
625,199,200,84135,3,16431,202.22296142578125,202.22296142578125,0,false
626,199,200,84147,3,16443,199.681640625,199.681640625,0,false
627,182,183,84132,1,16428,232.14762878417969,232.14762878417969,0,false
628,198,199,84136,3,16432,201.05180358886719,201.05180358886719,0,false
629,198,199,84144,3,16440,201.16105651855469,201.16105651855469,0,false
630,198,199,84143,4,16439,201.2158203125,201.2158203125,0,false
631,186,187,84677,2,16973,719.718994140625,919.34954833984375,199.63055419921875,false
632,199,200,84146,4,16442,199.54803466796875,199.54803466796875,0,false
633,198,199,84136,4,16432,201.35389709472656,201.35389709472656,0,false
634,198,199,84143,3,16439,201.6207275390625,201.6207275390625,0,false
635,198,199,84137,3,16433,201.17720031738281,201.17720031738281,0,false
636,198,199,84142,4,16438,201.68635559082031,201.68635559082031,0,false
637,199,200,84146,3,16442,200.05628967285156,200.05628967285156,0,false
638,199,200,84135,4,16431,202.06367492675781,202.06367492675781,0,false
639,198,199,84142,3,16438,201.95980834960938,201.95980834960938,0,false
640,199,200,84145,4,16441,200.09696960449219,200.09696960449219,0,false
641,190,191,84132,4,16428,257.94308471679688,257.94308471679688,0,false
642,198,199,84137,4,16433,201.32418823242188,201.32418823242188,0,false
643,198,199,84141,4,16437,201.84580993652344,201.84580993652344,0,false
644,186,187,84679,2,16975,854.0596923828125,994.55169677734375,140.49200439453125,false
645,190,191,84138,3,16434,201.57673645019531,201.57673645019531,0,false
646,198,199,84138,3,16434,201.57673645019531,201.57673645019531,0,false
647,198,199,84141,3,16437,202.16667175292969,202.16667175292969,0,false
648,190,191,84133,4,16429,207.03047180175781,207.03047180175781,0,false
649,199,200,84145,3,16441,200.65788269042969,200.65788269042969,0,false
650,198,199,84138,4,16434,201.40493774414062,201.40493774414062,0,false
651,198,199,84139,3,16435,202.00167846679688,202.00167846679688,0,false
652,198,199,84140,4,16436,201.89346313476562,201.89346313476562,0,false
653,200,201,84706,1,17002,171.89523315429688,171.89523315429688,0,false
654,199,200,84136,3,16432,201.05180358886719,201.05180358886719,0,false
655,198,199,84139,4,16435,201.52493286132812,201.52493286132812,0,false
656,198,199,84140,3,16436,202.16455078125,202.16455078125,0,false
657,199,200,84144,4,16440,200.74501037597656,200.74501037597656,0,false
658,191,192,84149,4,16445,199.93708801269531,199.93708801269531,0,false
659,191,192,84132,3,16428,268.68121337890625,268.68121337890625,0,false
660,199,200,84144,3,16440,201.16105651855469,201.16105651855469,0,false
661,184,185,84131,3,16427,232.453857421875,232.453857421875,0,false
662,194,195,84677,2,16973,1446.05126953125,1478.057861328125,32.006591796875,false
663,199,200,84136,4,16432,201.35389709472656,201.35389709472656,0,false
664,194,195,84145,4,16441,200.09696960449219,200.09696960449219,0,false
665,185,186,84140,3,16436,202.16455078125,202.16455078125,0,false
666,199,200,84143,4,16439,201.2158203125,201.2158203125,0,false
667,199,200,84137,3,16433,201.17720031738281,201.17720031738281,0,false
668,199,200,84143,3,16439,201.6207275390625,201.6207275390625,0,false
669,187,188,84142,4,16438,201.68635559082031,201.68635559082031,0,false
670,197,198,84699,2,16995,231.63917541503906,234.46279907226562,2.8236236572265625,false
671,199,200,84142,4,16438,201.68635559082031,201.68635559082031,0,false
672,190,191,84134,3,16430,204.5533447265625,204.5533447265625,0,false
673,199,200,84137,4,16433,201.32418823242188,201.32418823242188,0,false
674,199,200,84142,3,16438,201.95980834960938,201.95980834960938,0,false
675,200,201,84700,2,16996,201.78329467773438,201.78329467773438,0,false
676,199,200,84141,4,16437,201.84580993652344,201.84580993652344,0,false
677,200,201,84699,2,16995,261.83547973632812,270.58367919921875,8.748199462890625,false
678,199,200,84138,3,16434,201.57673645019531,201.57673645019531,0,false
679,190,191,84137,4,16433,201.32418823242188,201.32418823242188,0,false
680,190,191,84147,4,16443,199.17453002929688,199.17453002929688,0,false
681,199,200,84138,4,16434,201.40493774414062,201.40493774414062,0,false
682,199,200,84140,4,16436,201.89346313476562,201.89346313476562,0,false
683,199,200,84141,3,16437,202.16667175292969,202.16667175292969,0,false
684,199,200,84153,3,16449,223.17848205566406,223.17848205566406,0,false
685,200,201,84705,2,17001,172.22897338867188,172.22897338867188,0,false
686,199,200,84139,3,16435,202.00167846679688,202.00167846679688,0,false
687,199,200,84140,3,16436,202.16455078125,202.16455078125,0,false
688,199,200,84139,4,16435,201.52493286132812,201.52493286132812,0,false
689,183,184,84137,4,16433,201.32418823242188,201.32418823242188,0,false
690,200,201,84715,1,17011,173.14070129394531,173.14070129394531,0,false
691,188,189,84680,1,16976,1039.46826171875,1123.130859375,83.66259765625,false
692,194,195,84133,3,16429,209.57473754882812,209.57473754882812,0,false
693,197,198,84150,4,16446,201.81407165527344,201.81407165527344,0,false
694,190,191,84137,3,16433,201.17720031738281,201.17720031738281,0,false
695,190,191,84134,4,16430,203.03425598144531,203.03425598144531,0,false
696,200,201,84705,1,17001,174.6923828125,174.6923828125,0,false
697,194,195,84145,3,16441,200.65788269042969,200.65788269042969,0,false
698,190,191,84136,4,16432,201.35389709472656,201.35389709472656,0,false
699,190,191,84135,3,16431,202.22296142578125,202.22296142578125,0,false
700,190,191,84135,4,16431,202.06367492675781,202.06367492675781,0,false
701,190,191,84136,3,16432,201.05180358886719,201.05180358886719,0,false
702,185,186,84678,2,16974,738.275390625,964.09735107421875,225.82196044921875,false
703,200,201,84704,2,17000,175.920654296875,175.920654296875,0,false
704,190,191,84678,1,16974,1431.13232421875,1456.435546875,25.30322265625,false
705,182,183,84136,3,16432,201.05180358886719,201.05180358886719,0,false
706,200,201,84701,1,16997,197.03854370117188,197.03854370117188,0,false
707,194,195,84144,4,16440,200.74501037597656,200.74501037597656,0,false
708,196,197,84708,1,17004,170.177734375,170.177734375,0,false
709,197,198,84150,3,16446,200.54454040527344,200.54454040527344,0,false
710,200,201,84704,1,17000,177.920654296875,177.920654296875,0,false
711,188,189,84678,2,16974,1175.0242919921875,1254.457275390625,79.4329833984375,false
712,194,195,84132,4,16428,257.94308471679688,257.94308471679688,0,false
713,200,201,84703,2,16999,179.57609558105469,179.57609558105469,0,false
714,197,198,84133,3,16429,209.57473754882812,209.57473754882812,0,false
715,200,201,84703,1,16999,182.79682922363281,182.79682922363281,0,false
716,194,195,84144,3,16440,201.16105651855469,201.16105651855469,0,false
717,186,187,84680,2,16976,802.5849609375,959.58935546875,157.00439453125,false
718,198,199,84711,2,17007,166.05282592773438,166.05282592773438,0,false
719,194,195,84133,4,16429,207.03047180175781,207.03047180175781,0,false
720,197,198,84149,4,16445,199.93708801269531,199.93708801269531,0,false
721,200,201,84702,2,16998,185.27032470703125,185.27032470703125,0,false
722,197,198,84677,2,16973,1607.6666259765625,1640.4552001953125,32.78857421875,false
723,189,190,84680,1,16976,1123.130859375,1194.6826171875,71.5517578125,false
724,190,191,84132,3,16428,268.68121337890625,268.68121337890625,0,false
725,200,201,84701,2,16997,192.02128601074219,192.02128601074219,0,false
726,194,195,84143,4,16439,201.2158203125,201.2158203125,0,false
727,195,196,84679,1,16975,1470.398681640625,1539.632080078125,69.2333984375,false
728,195,196,84153,3,16449,223.17848205566406,223.17848205566406,0,false
729,196,197,84679,1,16975,1539.632080078125,1609.05322265625,69.421142578125,false
730,200,201,84702,1,16998,188.8824462890625,188.8824462890625,0,false
731,193,194,84679,1,16975,1365.88623046875,1435.4349365234375,69.5487060546875,false
732,188,189,84679,2,16975,1045.382568359375,1126.7857666015625,81.4031982421875,false
733,198,199,84679,1,16975,1643.5858154296875,1713.586669921875,70.0008544921875,false
734,200,201,84133,3,16429,209.57473754882812,209.57473754882812,0,false
735,194,195,84143,3,16439,201.6207275390625,201.6207275390625,0,false
736,189,190,84678,2,16974,1254.457275390625,1318.61474609375,64.157470703125,false
737,194,195,84134,3,16430,204.5533447265625,204.5533447265625,0,false
738,197,198,84149,3,16445,199.65434265136719,199.65434265136719,0,false
739,186,187,84142,3,16438,201.95980834960938,201.95980834960938,0,false
740,199,200,84679,1,16975,1713.586669921875,1784.0697021484375,70.4830322265625,false
741,197,198,84132,4,16428,257.94308471679688,257.94308471679688,0,false
742,194,195,84134,4,16430,203.03425598144531,203.03425598144531,0,false
743,194,195,84142,4,16438,201.68635559082031,201.68635559082031,0,false
744,192,193,84132,3,16428,268.68121337890625,268.68121337890625,0,false
745,194,195,84135,3,16431,202.22296142578125,202.22296142578125,0,false
746,197,198,84148,4,16444,199.30021667480469,199.30021667480469,0,false
747,194,195,84142,3,16438,201.95980834960938,201.95980834960938,0,false
748,200,201,84151,4,16447,205.09544372558594,205.09544372558594,0,false
749,191,192,84678,2,16974,1348.365478515625,1407.3983154296875,59.0328369140625,false
750,192,193,84679,1,16975,1295.783203125,1365.88623046875,70.10302734375,false
751,194,195,84135,4,16431,202.06367492675781,202.06367492675781,0,false
752,194,195,84141,4,16437,201.84580993652344,201.84580993652344,0,false
753,189,190,84679,2,16975,1126.7857666015625,1198.9251708984375,72.139404296875,false
754,192,193,84678,2,16974,1407.3983154296875,1466.8763427734375,59.47802734375,false
755,197,198,84133,4,16429,207.03047180175781,207.03047180175781,0,false
756,194,195,84136,3,16432,201.05180358886719,201.05180358886719,0,false
757,194,195,84141,3,16437,202.16667175292969,202.16667175292969,0,false
758,200,201,84677,2,16973,1775.1014404296875,1809.5933837890625,34.491943359375,false
759,197,198,84148,3,16444,199.46234130859375,199.46234130859375,0,false
760,194,195,84136,4,16432,201.35389709472656,201.35389709472656,0,false
761,194,195,84140,4,16436,201.89346313476562,201.89346313476562,0,false
762,194,195,84701,2,16997,192.02128601074219,192.02128601074219,0,false
763,194,195,84137,3,16433,201.17720031738281,201.17720031738281,0,false
764,194,195,84140,3,16436,202.16455078125,202.16455078125,0,false
765,191,192,84679,2,16975,1233.597412109375,1302.902587890625,69.30517578125,false
766,194,195,84139,4,16435,201.52493286132812,201.52493286132812,0,false
767,189,190,84147,3,16443,199.681640625,199.681640625,0,false
768,197,198,84147,4,16443,199.17453002929688,199.17453002929688,0,false
769,200,201,84152,3,16448,208.39920043945312,208.39920043945312,0,false
770,194,195,84137,4,16433,201.32418823242188,201.32418823242188,0,false
771,194,195,84138,3,16434,201.57673645019531,201.57673645019531,0,false
772,193,194,84678,2,16974,1466.8763427734375,1527.8331298828125,60.956787109375,false
773,200,201,84132,4,16428,257.94308471679688,257.94308471679688,0,false
774,194,195,84138,4,16434,201.40493774414062,201.40493774414062,0,false
775,194,195,84139,3,16435,202.00167846679688,202.00167846679688,0,false
776,191,192,84680,1,16976,1228.555908203125,1295.97021484375,67.414306640625,false
777,188,189,84680,2,16976,1015.6654052734375,1101.52490234375,85.8594970703125,false
778,194,195,84701,1,16997,197.03854370117188,197.03854370117188,0,false
779,197,198,84709,2,17005,166.13581848144531,166.13581848144531,0,false
780,193,194,84132,3,16428,268.68121337890625,268.68121337890625,0,false
781,188,189,84145,3,16441,200.65788269042969,200.65788269042969,0,false
782,197,198,84147,3,16443,199.681640625,199.681640625,0,false
783,192,193,84679,2,16975,1302.902587890625,1371.624267578125,68.7216796875,false
784,187,188,84143,3,16439,201.6207275390625,201.6207275390625,0,false
785,195,196,84678,2,16974,1559.230712890625,1622.657470703125,63.4267578125,false
786,195,196,84132,3,16428,268.68121337890625,268.68121337890625,0,false
787,197,198,84146,4,16442,199.54803466796875,199.54803466796875,0,false
788,197,198,84134,3,16430,204.5533447265625,204.5533447265625,0,false
789,190,191,84148,3,16444,199.46234130859375,199.46234130859375,0,false
790,196,197,84132,3,16428,268.68121337890625,268.68121337890625,0,false
791,197,198,84134,4,16430,203.03425598144531,203.03425598144531,0,false
792,197,198,84146,3,16442,200.05628967285156,200.05628967285156,0,false
793,196,197,84678,2,16974,1622.657470703125,1687.4901123046875,64.8326416015625,false
794,193,194,84679,2,16975,1371.624267578125,1440.0296630859375,68.4053955078125,false
795,197,198,84135,3,16431,202.22296142578125,202.22296142578125,0,false
796,197,198,84145,4,16441,200.09696960449219,200.09696960449219,0,false
797,194,195,84702,1,16998,188.8824462890625,188.8824462890625,0,false
798,200,201,84133,4,16429,207.03047180175781,207.03047180175781,0,false
799,200,201,84151,3,16447,202.69166564941406,202.69166564941406,0,false
800,197,198,84145,3,16441,200.65788269042969,200.65788269042969,0,false
801,184,185,84138,4,16434,201.40493774414062,201.40493774414062,0,false
802,198,199,84678,2,16974,1720.06298828125,1786.5406494140625,66.4776611328125,false
803,187,188,84680,1,16976,985.95538330078125,1039.46826171875,53.51287841796875,false
804,197,198,84144,4,16440,200.74501037597656,200.74501037597656,0,false
805,192,193,84680,1,16976,1295.97021484375,1362.9537353515625,66.9835205078125,false
806,197,198,84135,4,16431,202.06367492675781,202.06367492675781,0,false
807,197,198,84144,3,16440,201.16105651855469,201.16105651855469,0,false
808,195,196,84679,2,16975,1474.5091552734375,1542.9217529296875,68.41259765625,false
809,198,199,84132,3,16428,268.68121337890625,268.68121337890625,0,false
810,197,198,84143,4,16439,201.2158203125,201.2158203125,0,false
811,200,201,84150,3,16446,200.54454040527344,200.54454040527344,0,false
812,191,192,84679,1,16975,1225.1300048828125,1295.783203125,70.6531982421875,false
813,188,189,84681,2,16977,966.76861572265625,1064.220703125,97.45208740234375,false
814,188,189,84682,1,16978,941.98406982421875,1047.611328125,105.62725830078125,false
815,197,198,84136,3,16432,201.05180358886719,201.05180358886719,0,false
816,200,201,84149,4,16445,199.93708801269531,199.93708801269531,0,false
817,200,201,84150,4,16446,201.81407165527344,201.81407165527344,0,false
818,199,200,84678,2,16974,1786.5406494140625,1853.91552734375,67.3748779296875,false
819,197,198,84143,3,16439,201.6207275390625,201.6207275390625,0,false
820,192,193,84678,1,16974,1503.0419921875,1550.1473388671875,47.1053466796875,false
821,196,197,84679,2,16975,1542.9217529296875,1611.6500244140625,68.728271484375,false
822,189,190,84680,2,16976,1101.52490234375,1173.588623046875,72.063720703125,false
823,197,198,84136,4,16432,201.35389709472656,201.35389709472656,0,false
824,197,198,84142,4,16438,201.68635559082031,201.68635559082031,0,false
825,200,201,84149,3,16445,199.65434265136719,199.65434265136719,0,false
826,197,198,84137,3,16433,201.17720031738281,201.17720031738281,0,false
827,197,198,84142,3,16438,201.95980834960938,201.95980834960938,0,false
828,197,198,84141,4,16437,201.84580993652344,201.84580993652344,0,false
829,197,198,84137,4,16433,201.32418823242188,201.32418823242188,0,false
830,200,201,84134,3,16430,204.5533447265625,204.5533447265625,0,false
831,197,198,84140,4,16436,201.89346313476562,201.89346313476562,0,false
832,197,198,84141,3,16437,202.16667175292969,202.16667175292969,0,false
833,200,201,84148,4,16444,199.30021667480469,199.30021667480469,0,false
834,193,194,84680,1,16976,1362.9537353515625,1429.981201171875,67.0274658203125,false
835,188,189,84681,1,16977,995.46795654296875,1084.680419921875,89.21246337890625,false
836,200,201,84134,4,16430,203.03425598144531,203.03425598144531,0,false
837,197,198,84138,3,16434,201.57673645019531,201.57673645019531,0,false
838,197,198,84138,4,16434,201.40493774414062,201.40493774414062,0,false
839,197,198,84139,4,16435,201.52493286132812,201.52493286132812,0,false
840,197,198,84140,3,16436,202.16455078125,202.16455078125,0,false
841,199,200,84132,3,16428,268.68121337890625,268.68121337890625,0,false
842,197,198,84139,3,16435,202.00167846679688,202.00167846679688,0,false
843,200,201,84148,3,16444,199.46234130859375,199.46234130859375,0,false
844,187,188,84678,2,16974,1121.134765625,1175.0242919921875,53.8895263671875,false
845,200,201,84135,3,16431,202.22296142578125,202.22296142578125,0,false
846,199,200,84155,3,16451,1020.730712890625,1133.8206787109375,113.0899658203125,false
847,186,187,84681,1,16977,768.76904296875,935.8133544921875,167.0443115234375,false
848,200,201,84147,4,16443,199.17453002929688,199.17453002929688,0,false
849,198,199,84679,2,16975,1645.8699951171875,1715.2852783203125,69.415283203125,false
850,188,189,84682,2,16978,901.18121337890625,1021.41845703125,120.23724365234375,false
851,200,201,84147,3,16443,199.681640625,199.681640625,0,false
852,198,199,84697,2,16993,1050.2391357421875,1153.704345703125,103.4652099609375,false
853,200,201,84146,4,16442,199.54803466796875,199.54803466796875,0,false
854,199,200,84679,2,16975,1715.2852783203125,1785.226806640625,69.9415283203125,false
855,191,192,84680,2,16976,1207.5535888671875,1275.097900390625,67.5443115234375,false
856,200,201,84135,4,16431,202.06367492675781,202.06367492675781,0,false
857,200,201,84146,3,16442,200.05628967285156,200.05628967285156,0,false
858,200,201,84145,4,16441,200.09696960449219,200.09696960449219,0,false
859,195,196,84680,1,16976,1463.8966064453125,1531.3956298828125,67.4990234375,false
860,192,193,84680,2,16976,1275.097900390625,1342.2109375,67.113037109375,false
861,200,201,84136,3,16432,201.05180358886719,201.05180358886719,0,false
862,200,201,84145,3,16441,200.65788269042969,200.65788269042969,0,false
863,193,194,84152,4,16448,213.85627746582031,213.85627746582031,0,false
864,200,201,84136,4,16432,201.35389709472656,201.35389709472656,0,false
865,200,201,84144,4,16440,200.74501037597656,200.74501037597656,0,false
866,193,194,84680,2,16976,1342.2109375,1409.3765869140625,67.1656494140625,false
867,200,201,84144,3,16440,201.16105651855469,201.16105651855469,0,false
868,200,201,84143,4,16439,201.2158203125,201.2158203125,0,false
869,189,190,84681,2,16977,1064.220703125,1140.073974609375,75.853271484375,false
870,200,201,84137,3,16433,201.17720031738281,201.17720031738281,0,false
871,192,193,84151,4,16447,205.09544372558594,205.09544372558594,0,false
872,200,201,84143,3,16439,201.6207275390625,201.6207275390625,0,false
873,200,201,84137,4,16433,201.32418823242188,201.32418823242188,0,false
874,200,201,84142,4,16438,201.68635559082031,201.68635559082031,0,false
875,195,196,84705,2,17001,172.22897338867188,172.22897338867188,0,false
876,200,201,84138,3,16434,201.57673645019531,201.57673645019531,0,false
877,200,201,84142,3,16438,201.95980834960938,201.95980834960938,0,false
878,196,197,84680,1,16976,1531.3956298828125,1599.4063720703125,68.0107421875,false
879,189,190,84681,1,16977,1084.680419921875,1157.7879638671875,73.1075439453125,false
880,189,190,84682,1,16978,1047.611328125,1126.1502685546875,78.5389404296875,false
881,200,201,84141,4,16437,201.84580993652344,201.84580993652344,0,false
882,200,201,84138,4,16434,201.40493774414062,201.40493774414062,0,false
883,200,201,84141,3,16437,202.16667175292969,202.16667175292969,0,false
884,195,196,84680,2,16976,1443.36474609375,1511.010009765625,67.645263671875,false
885,192,193,84681,1,16977,1259.8843994140625,1327.2501220703125,67.36572265625,false
886,188,189,84683,1,16979,866.39483642578125,1000.2042236328125,133.80938720703125,false
887,200,201,84139,3,16435,202.00167846679688,202.00167846679688,0,false
888,200,201,84139,4,16435,201.52493286132812,201.52493286132812,0,false
889,200,201,84140,3,16436,202.16455078125,202.16455078125,0,false
890,200,201,84140,4,16436,201.89346313476562,201.89346313476562,0,false
891,196,197,84680,2,16976,1511.010009765625,1579.169677734375,68.15966796875,false
892,191,192,84681,1,16977,1192.0001220703125,1259.8843994140625,67.88427734375,false
893,191,192,84130,3,16426,47.572231292724609,47.572231292724609,0,false
894,193,194,84681,1,16977,1327.2501220703125,1394.6212158203125,67.37109375,false
895,189,190,84130,3,16426,47.572231292724609,47.572231292724609,0,false
896,181,182,84134,4,16430,203.03425598144531,203.03425598144531,0,false
897,195,196,84681,1,16977,1428.70068359375,1496.5074462890625,67.8067626953125,false
898,198,199,84680,1,16976,1633.3216552734375,1702.1962890625,68.8746337890625,false
899,191,192,84681,2,16977,1174.8192138671875,1243.2088623046875,68.3896484375,false
900,189,190,84682,2,16978,1021.41845703125,1105.4881591796875,84.0697021484375,false
901,194,195,84700,2,16996,201.78329467773438,201.78329467773438,0,false
902,198,199,84680,2,16976,1613.1583251953125,1682.181640625,69.0233154296875,false
903,196,197,84681,1,16977,1496.5074462890625,1564.8116455078125,68.30419921875,false
904,192,193,84681,2,16977,1243.2088623046875,1310.8111572265625,67.602294921875,false
905,199,200,84714,1,17010,172.63685607910156,172.63685607910156,0,false
906,200,201,84152,4,16448,213.85627746582031,213.85627746582031,0,false
907,187,188,84679,2,16975,994.55169677734375,1045.382568359375,50.83087158203125,false
908,193,194,84681,2,16977,1310.8111572265625,1378.3450927734375,67.533935546875,false
909,199,200,84680,1,16976,1702.1962890625,1771.671142578125,69.474853515625,false
910,191,192,84682,1,16978,1161.392333984375,1230.226318359375,68.833984375,false
911,189,190,84683,1,16979,1000.2042236328125,1089.733642578125,89.5294189453125,false
912,191,192,84150,3,16446,200.54454040527344,200.54454040527344,0,false
913,199,200,84680,2,16976,1682.181640625,1751.8031005859375,69.6214599609375,false
914,198,199,84681,1,16977,1598.8671875,1668.0196533203125,69.1524658203125,false
915,192,193,84682,1,16978,1230.226318359375,1298.021728515625,67.79541015625,false
916,189,190,84683,2,16979,966.521240234375,1066.555419921875,100.0341796875,false
917,196,197,84699,2,16995,231.50216674804688,231.63917541503906,0.1370086669921875,false
918,195,196,84681,2,16977,1412.4954833984375,1480.427001953125,67.9315185546875,false
919,199,200,84681,1,16977,1668.0196533203125,1737.7633056640625,69.74365234375,false
920,196,197,84681,2,16977,1480.427001953125,1548.8408203125,68.413818359375,false
921,193,194,84682,1,16978,1298.021728515625,1365.686279296875,67.66455078125,false
922,189,190,84684,1,16980,938.41400146484375,1048.4437255859375,110.02972412109375,false
923,194,195,84702,2,16998,185.27032470703125,185.27032470703125,0,false
924,195,196,84682,1,16978,1399.8941650390625,1467.92822265625,68.0340576171875,false
925,192,193,84130,3,16426,47.572231292724609,47.572231292724609,0,false
926,180,181,84132,4,16428,257.2901611328125,257.94308471679688,0.652923583984375,false
927,198,199,84681,2,16977,1582.9454345703125,1652.1903076171875,69.244873046875,false
928,196,197,84682,1,16978,1467.92822265625,1536.43408203125,68.505859375,false
929,191,192,84682,2,16978,1141.818603515625,1211.62890625,69.810302734375,false
930,192,193,84682,2,16978,1211.62890625,1279.819091796875,68.190185546875,false
931,193,194,84682,2,16978,1279.819091796875,1347.7276611328125,67.9085693359375,false
932,199,200,84697,2,16993,1153.704345703125,1234.3946533203125,80.6903076171875,false
933,199,200,84681,2,16977,1652.1903076171875,1722.017333984375,69.8270263671875,false
934,189,190,84684,2,16980,893.3826904296875,1020.547119140625,127.1644287109375,false
935,187,188,84680,2,16976,959.58935546875,1015.6654052734375,56.0760498046875,false
936,198,199,84682,1,16978,1570.5804443359375,1639.9044189453125,69.323974609375,false
937,195,196,84682,2,16978,1382.039306640625,1450.2569580078125,68.2176513671875,false
938,194,195,84679,1,16975,1435.4349365234375,1470.398681640625,34.9637451171875,false
939,196,197,84682,2,16978,1450.2569580078125,1518.927490234375,68.6705322265625,false
940,191,192,84683,1,16979,1127.1265869140625,1197.8663330078125,70.73974609375,false
941,192,193,84683,1,16979,1197.8663330078125,1266.41357421875,68.5472412109375,false
942,199,200,84682,1,16978,1639.9044189453125,1709.8033447265625,69.89892578125,false
943,193,194,84683,1,16979,1266.41357421875,1334.5330810546875,68.1195068359375,false
944,197,198,84679,1,16975,1609.05322265625,1643.5858154296875,34.5325927734375,false
945,195,196,84683,1,16979,1368.93212890625,1437.302978515625,68.370849609375,false
946,196,197,84683,1,16979,1437.302978515625,1506.1094970703125,68.8065185546875,false
947,188,189,84683,2,16979,811.37127685546875,966.521240234375,155.14996337890625,false
948,188,189,84130,3,16426,47.572231292724609,47.572231292724609,0,false
949,198,199,84682,2,16978,1553.1492919921875,1622.6171875,69.4678955078125,false
950,191,192,84683,2,16979,1106.181396484375,1178.8934326171875,72.7120361328125,false
951,192,193,84683,2,16979,1178.8934326171875,1248.131591796875,69.2381591796875,false
952,200,201,84679,1,16975,1784.0697021484375,1819.808349609375,35.7386474609375,false
953,199,200,84682,2,16978,1622.6171875,1692.6488037109375,70.0316162109375,false
954,193,194,84683,2,16979,1248.131591796875,1316.601318359375,68.4697265625,false
955,198,199,84683,1,16979,1540.393310546875,1609.9788818359375,69.5855712890625,false
956,195,196,84683,2,16979,1351.134765625,1419.7325439453125,68.5977783203125,false
957,196,197,84683,2,16979,1419.7325439453125,1488.7354736328125,69.0029296875,false
958,191,192,84684,1,16980,1090.2303466796875,1164.7987060546875,74.568359375,false
959,183,184,84138,3,16434,201.57673645019531,201.57673645019531,0,false
960,193,194,84130,3,16426,47.572231292724609,47.572231292724609,0,false
961,190,191,84678,2,16974,1318.61474609375,1348.365478515625,29.750732421875,false
962,199,200,84683,1,16979,1609.9788818359375,1680.11865234375,70.1397705078125,false
963,192,193,84684,1,16980,1164.7987060546875,1234.6451416015625,69.846435546875,false
964,193,194,84684,1,16980,1234.6451416015625,1303.4017333984375,68.756591796875,false
965,195,196,84684,1,16980,1338.0418701171875,1406.8177490234375,68.77587890625,false
966,190,191,84680,1,16976,1194.6826171875,1228.555908203125,33.873291015625,false
967,198,199,84683,2,16979,1523.1077880859375,1592.85986328125,69.7520751953125,false
968,196,197,84684,1,16980,1406.8177490234375,1475.9739990234375,69.15625,false
969,191,192,84684,2,16980,1066.55419921875,1144.93603515625,78.3818359375,false
970,191,192,84685,1,16981,1048.0997314453125,1130.109619140625,82.0098876953125,false
971,198,199,84684,1,16980,1510.4154052734375,1580.2972412109375,69.8818359375,false
972,191,192,84685,2,16981,1019.7811279296875,1108.8570556640625,89.075927734375,false
973,198,199,84155,3,16451,837.00872802734375,1020.730712890625,183.72198486328125,false
974,199,200,84683,2,16979,1592.85986328125,1663.151123046875,70.291259765625,false
975,192,193,84684,2,16980,1144.93603515625,1215.9993896484375,71.0633544921875,false
976,193,194,84684,2,16980,1215.9993896484375,1285.2554931640625,69.256103515625,false
977,195,196,84684,2,16980,1320.06298828125,1389.10498046875,69.0419921875,false
978,196,197,84684,2,16980,1389.10498046875,1458.48388671875,69.37890625,false
979,189,190,84685,1,16981,855.81658935546875,998.0841064453125,142.26751708984375,false
980,191,192,84686,1,16982,996.91668701171875,1092.6849365234375,95.76824951171875,false
981,190,191,84679,2,16975,1198.9251708984375,1233.597412109375,34.6722412109375,false
982,187,188,84681,2,16977,899.4063720703125,966.76861572265625,67.36224365234375,false
983,199,200,84684,1,16980,1580.2972412109375,1650.706298828125,70.4090576171875,false
984,196,197,84685,1,16981,1376.1456298828125,1445.6962890625,69.5506591796875,false
985,191,192,84686,2,16982,960.94775390625,1068.741455078125,107.793701171875,false
986,185,186,84140,4,16436,201.89346313476562,201.89346313476562,0,false
987,194,195,84678,2,16974,1527.8331298828125,1559.230712890625,31.3975830078125,false
988,198,199,84684,2,16980,1493.024658203125,1563.0924072265625,70.0677490234375,false
989,192,193,84685,1,16981,1130.109619140625,1202.2784423828125,72.1688232421875,false
990,193,194,84685,1,16981,1202.2784423828125,1271.95458984375,69.6761474609375,false
991,195,196,84685,1,16981,1306.8958740234375,1376.1456298828125,69.249755859375,false
992,185,186,84679,2,16975,651.66912841796875,854.0596923828125,202.39056396484375,false
993,187,188,84681,1,16977,935.8133544921875,995.46795654296875,59.65460205078125,false
994,199,200,84684,2,16980,1563.0924072265625,1633.6697998046875,70.577392578125,false
995,198,199,84685,1,16981,1480.3134765625,1550.524169921875,70.210693359375,false
996,196,197,84685,2,16981,1358.445068359375,1428.243896484375,69.798828125,false
997,194,195,84132,3,16428,268.68121337890625,268.68121337890625,0,false
998,199,200,84685,1,16981,1550.524169921875,1621.2305908203125,70.7064208984375,false
999,192,193,84685,2,16981,1108.8570556640625,1183.264404296875,74.4073486328125,false
1000,193,194,84685,2,16981,1183.264404296875,1253.7186279296875,70.4542236328125,false
1001,195,196,84685,2,16981,1288.8795166015625,1358.445068359375,69.5655517578125,false
1002,198,199,84685,2,16981,1462.969970703125,1533.38232421875,70.412353515625,false
1003,191,192,84687,1,16983,931.49957275390625,1050.1781005859375,118.67852783203125,false
1004,199,200,84685,2,16981,1533.38232421875,1604.27001953125,70.8876953125,false
1005,192,193,84686,1,16982,1092.6849365234375,1169.1798095703125,76.494873046875,false
1006,193,194,84686,1,16982,1169.1798095703125,1240.3148193359375,71.135009765625,false
1007,195,196,84686,1,16982,1275.656005859375,1345.4710693359375,69.8150634765625,false
1008,196,197,84686,1,16982,1345.4710693359375,1415.4613037109375,69.990234375,false
1009,198,199,84686,1,16982,1450.2708740234375,1520.837646484375,70.5667724609375,false
1010,199,200,84699,1,16995,760.00860595703125,871.4656982421875,111.45709228515625,false
1011,194,195,84679,2,16975,1440.0296630859375,1474.5091552734375,34.4794921875,false
1012,187,188,84682,1,16978,867.39129638671875,941.98406982421875,74.5927734375,false
1013,192,193,84686,2,16982,1068.741455078125,1149.356201171875,80.61474609375,false
1014,196,197,84686,2,16982,1327.6746826171875,1397.9468994140625,70.272216796875,false
1015,192,193,84687,1,16983,1050.1781005859375,1134.618408203125,84.4403076171875,false
1016,192,193,84687,2,16983,1022.0142211914062,1113.6065673828125,91.59234619140625,false
1017,181,182,84132,1,16428,232.14762878417969,232.14762878417969,0,false
1018,197,198,84678,2,16974,1687.4901123046875,1720.06298828125,32.5728759765625,false
1019,199,200,84686,1,16982,1520.837646484375,1591.864013671875,71.0263671875,false
1020,195,196,84686,2,16982,1257.462646484375,1327.6746826171875,70.2120361328125,false
1021,198,199,84686,2,16982,1432.87646484375,1503.663330078125,70.786865234375,false
1022,199,200,84686,2,16982,1503.663330078125,1574.8856201171875,71.2222900390625,false
1023,196,197,84687,1,16983,1314.6885986328125,1385.1756591796875,70.487060546875,false
1024,197,198,84132,3,16428,268.68121337890625,268.68121337890625,0,false
1025,193,194,84686,2,16982,1149.356201171875,1221.8057861328125,72.4495849609375,false
1026,195,196,84687,1,16983,1244.1610107421875,1314.6885986328125,70.527587890625,false
1027,198,199,84687,1,16983,1420.1956787109375,1491.147705078125,70.9520263671875,false
1028,199,200,84687,1,16983,1491.147705078125,1562.516845703125,71.369140625,false
1029,196,197,84687,2,16983,1296.9552001953125,1367.76123046875,70.8060302734375,false
1030,198,199,84687,2,16983,1402.910400390625,1474.09423828125,71.183837890625,false
1031,192,193,84688,1,16984,999.52777099609375,1097.70947265625,98.18170166015625,false
1032,186,187,84681,2,16977,715.15484619140625,899.4063720703125,184.25152587890625,false
1033,193,194,84687,1,16983,1134.618408203125,1208.239501953125,73.62109375,false
1034,199,200,84687,2,16983,1474.09423828125,1545.6673583984375,71.5731201171875,false
1035,198,199,84688,1,16984,1390.2763671875,1461.63525390625,71.35888671875,false
1036,192,193,84688,2,16984,964.61004638671875,1074.3463134765625,109.73626708984375,false
1037,197,198,84697,2,16993,978.33349609375,1050.2391357421875,71.9056396484375,false
1038,195,196,84130,3,16426,47.572231292724609,47.572231292724609,0,false
1039,200,201,84678,2,16974,1853.91552734375,1888.2022705078125,34.2867431640625,false
1040,193,194,84687,2,16983,1113.6065673828125,1189.4979248046875,75.891357421875,false
1041,195,196,84687,2,16983,1225.90380859375,1296.9552001953125,71.0513916015625,false
1042,193,194,84688,1,16984,1097.70947265625,1175.66650390625,77.95703125,false
1043,195,196,84688,1,16984,1212.493408203125,1283.975830078125,71.482421875,false
1044,196,197,84688,1,16984,1283.975830078125,1355.0291748046875,71.0533447265625,false
1045,199,200,84688,1,16984,1461.63525390625,1533.36181640625,71.7265625,false
1046,198,199,84688,2,16984,1372.9617919921875,1444.5712890625,71.6094970703125,false
1047,199,200,84688,2,16984,1444.5712890625,1516.5145263671875,71.9432373046875,false
1048,184,185,84139,3,16435,202.00167846679688,202.00167846679688,0,false
1049,193,194,84688,2,16984,1074.3463134765625,1156.2567138671875,81.910400390625,false
1050,195,196,84688,2,16984,1193.8843994140625,1266.1309814453125,72.24658203125,false
1051,196,197,84688,2,16984,1266.1309814453125,1337.5704345703125,71.439453125,false
1052,198,199,84689,1,16985,1360.2994384765625,1432.0982666015625,71.798828125,false
1053,199,200,84689,1,16985,1432.0982666015625,1504.204345703125,72.1060791015625,false
1054,199,200,84689,2,16985,1415.0399169921875,1487.3753662109375,72.33544921875,false
1055,193,194,84678,1,16974,1550.1473388671875,1600.9796142578125,50.832275390625,false
1056,197,198,84679,2,16975,1611.6500244140625,1645.8699951171875,34.219970703125,false
1057,191,192,84687,2,16983,885.75213623046875,1022.0142211914062,136.2620849609375,false
1058,192,193,84689,1,16985,936.2847900390625,1056.30810546875,120.0233154296875,false
1059,193,194,84689,1,16985,1056.30810546875,1141.8223876953125,85.5142822265625,false
1060,195,196,84689,1,16985,1180.159912109375,1253.053955078125,72.89404296875,false
1061,196,197,84689,1,16985,1253.053955078125,1324.798095703125,71.744140625,false
1062,193,194,84689,2,16985,1029.111328125,1121.273193359375,92.161865234375,false
1063,196,197,84689,2,16985,1235.058349609375,1307.3011474609375,72.2427978515625,false
1064,198,199,84689,2,16985,1342.9678955078125,1415.0399169921875,72.072021484375,false
1065,198,199,84690,1,16986,1330.2738037109375,1402.5531005859375,72.279296875,false
1066,199,200,84690,1,16986,1402.5531005859375,1475.06103515625,72.5079345703125,false
1067,199,200,84690,2,16986,1385.39697265625,1458.1524658203125,72.7554931640625,false
1068,190,191,84680,2,16976,1173.588623046875,1207.5535888671875,33.9649658203125,false
1069,193,194,84690,1,16986,1007.577880859375,1105.782958984375,98.205078125,false
1070,194,195,84680,1,16976,1429.981201171875,1463.8966064453125,33.9154052734375,false
1071,195,196,84689,2,16985,1160.968505859375,1235.058349609375,74.08984375,false
1072,195,196,84690,1,16986,1146.7025146484375,1221.83251953125,75.1300048828125,false
1073,196,197,84690,1,16986,1221.83251953125,1294.4791259765625,72.6466064453125,false
1074,193,194,84690,2,16986,974.26141357421875,1083.1009521484375,108.83953857421875,false
1075,198,199,84690,2,16986,1312.808349609375,1385.39697265625,72.588623046875,false
1076,198,199,84691,1,16987,1300.0130615234375,1372.837890625,72.8248291015625,false
1077,199,200,84691,1,16987,1372.837890625,1445.7796630859375,72.9417724609375,false
1078,198,199,84691,2,16987,1282.386962890625,1355.5772705078125,73.1903076171875,false
1079,199,200,84691,2,16987,1355.5772705078125,1428.7900390625,73.2127685546875,false
1080,200,201,84132,3,16428,268.68121337890625,268.68121337890625,0,false
1081,196,197,84130,3,16426,47.572231292724609,47.572231292724609,0,false
1082,195,196,84690,2,16986,1126.345947265625,1203.457763671875,77.11181640625,false
1083,196,197,84690,2,16986,1203.457763671875,1276.8109130859375,73.3531494140625,false
1084,196,197,84691,1,16987,1189.91552734375,1263.85595703125,73.9404296875,false
1085,198,199,84692,1,16988,1269.367431640625,1342.8448486328125,73.4774169921875,false
1086,199,200,84692,1,16988,1342.8448486328125,1416.2659912109375,73.421142578125,false
1087,199,200,84692,2,16988,1325.2918701171875,1399.024658203125,73.7327880859375,false
1088,200,201,84715,2,17011,168.18605041503906,168.18605041503906,0,false
1089,200,201,84679,2,16975,1785.226806640625,1820.7064208984375,35.4796142578125,false
1090,195,196,84691,1,16987,1111.0482177734375,1189.91552734375,78.8673095703125,false
1091,195,196,84691,2,16987,1088.69384765625,1170.9332275390625,82.2393798828125,false
1092,196,197,84692,1,16988,1156.761474609375,1232.72412109375,75.962646484375,false
1093,198,199,84692,2,16988,1251.3416748046875,1325.2918701171875,73.9501953125,false
1094,198,199,84693,1,16989,1238.050048828125,1312.369873046875,74.31982421875,false
1095,199,200,84693,1,16989,1312.369873046875,1386.3385009765625,73.9686279296875,false
1096,199,200,84693,2,16989,1294.4390869140625,1368.7789306640625,74.33984375,false
1097,199,200,84694,1,16990,1281.14404296875,1355.7801513671875,74.6361083984375,false
1098,198,199,84695,2,16991,1149.399658203125,1228.9814453125,79.581787109375,false
1099,199,200,84698,1,16994,1129.45751953125,1227.2933349609375,97.8358154296875,false
1100,194,195,84680,2,16976,1409.3765869140625,1443.36474609375,33.9881591796875,false
1101,193,194,84691,1,16987,947.38848876953125,1065.6981201171875,118.30963134765625,false
1102,196,197,84691,2,16987,1170.9332275390625,1245.9617919921875,75.028564453125,false
1103,195,196,84692,2,16988,1045.421875,1136.52099609375,91.09912109375,false
1104,198,199,84693,2,16989,1219.4510498046875,1294.4390869140625,74.988037109375,false
1105,199,200,84695,1,16991,1248.6849365234375,1324.1861572265625,75.501220703125,false
1106,199,200,84695,2,16991,1228.9814453125,1305.1865234375,76.205078125,false
1107,194,195,84703,1,16999,182.79682922363281,182.79682922363281,0,false
1108,195,196,84692,1,16988,1071.4759521484375,1156.761474609375,85.2855224609375,false
1109,196,197,84692,2,16988,1136.52099609375,1214.302978515625,77.781982421875,false
1110,196,197,84693,1,16989,1121.3115234375,1200.6854248046875,79.3739013671875,false
1111,198,199,84694,1,16990,1205.606689453125,1281.14404296875,75.537353515625,false
1112,199,200,84694,2,16990,1262.5311279296875,1337.6854248046875,75.154296875,false
1113,190,191,84130,3,16426,47.572231292724609,47.572231292724609,0,false
1114,187,188,84143,4,16439,201.2158203125,201.2158203125,0,false
1115,200,201,84155,3,16451,1133.8206787109375,1177.8033447265625,43.982666015625,false
1116,190,191,84678,3,16974,1353.7626953125,1382.2247314453125,28.4620361328125,false
1117,194,195,84681,1,16977,1394.6212158203125,1428.70068359375,34.0794677734375,false
1118,192,193,84689,2,16985,892.55364990234375,1029.111328125,136.55767822265625,false
1119,195,196,84693,1,16989,1024.912109375,1121.3115234375,96.3994140625,false
1120,196,197,84693,2,16989,1098.830078125,1181.4395751953125,82.6094970703125,false
1121,196,197,84694,1,16990,1081.5078125,1167.043212890625,85.535400390625,false
1122,198,199,84694,2,16990,1185.8646240234375,1262.5311279296875,76.66650390625,false
1123,198,199,84695,1,16991,1171.1505126953125,1248.6849365234375,77.534423828125,false
1124,196,197,84695,2,16991,997.01043701171875,1106.15185546875,109.14141845703125,false
1125,199,200,84696,1,16992,1214.1865234375,1291.0538330078125,76.8673095703125,false
1126,198,199,84697,1,16993,1089.4287109375,1179.8951416015625,90.4664306640625,false
1127,197,198,84680,1,16976,1599.4063720703125,1633.3216552734375,33.915283203125,false
1128,190,191,84681,1,16977,1157.7879638671875,1192.0001220703125,34.212158203125,false
1129,190,191,84681,2,16977,1140.073974609375,1174.8192138671875,34.7452392578125,false
1130,195,196,84693,2,16989,992.53326416015625,1098.830078125,106.29681396484375,false
1131,196,197,84694,2,16990,1054.4913330078125,1146.1024169921875,91.611083984375,false
1132,196,197,84695,1,16991,1032.947265625,1130.3338623046875,97.3865966796875,false
1133,199,200,84697,1,16993,1179.8951416015625,1257.967529296875,78.0723876953125,false
1134,198,199,84130,3,16426,47.572231292724609,47.572231292724609,0,false
1135,197,198,84680,2,16976,1579.169677734375,1613.1583251953125,33.9886474609375,false
1136,198,199,84696,1,16992,1132.8179931640625,1214.1865234375,81.3685302734375,false
1137,197,198,84681,1,16977,1564.8116455078125,1598.8671875,34.0555419921875,false
1138,194,195,84681,2,16977,1378.3450927734375,1412.4954833984375,34.150390625,false
1139,190,191,84682,1,16978,1126.1502685546875,1161.392333984375,35.2420654296875,false
1140,195,196,84694,1,16990,966.0103759765625,1081.5078125,115.4974365234375,false
1141,199,200,84130,3,16426,47.572231292724609,47.572231292724609,0,false
1142,200,201,84680,2,16976,1751.8031005859375,1787.1431884765625,35.340087890625,false
1143,193,194,84691,2,16987,905.61602783203125,1039.455078125,133.83905029296875,false
1144,198,199,84698,1,16994,992.26715087890625,1129.45751953125,137.19036865234375,false
1145,200,201,84680,1,16976,1771.671142578125,1806.9375,35.266357421875,false
1146,200,201,84681,1,16977,1737.7633056640625,1773.1632080078125,35.39990234375,false
1147,194,195,84682,1,16978,1365.686279296875,1399.8941650390625,34.2078857421875,false
1148,187,188,84682,2,16978,815.68310546875,901.18121337890625,85.49810791015625,false
1149,191,192,84688,1,16984,848.4163818359375,999.52777099609375,151.11138916015625,false
1150,196,197,84696,1,16992,966.80291748046875,1087.39599609375,120.59307861328125,false
1151,190,191,84679,1,16975,1190.03759765625,1225.1300048828125,35.0924072265625,false
1152,197,198,84681,2,16977,1548.8408203125,1582.9454345703125,34.1046142578125,false
1153,190,191,84682,2,16978,1105.4881591796875,1141.818603515625,36.3304443359375,false
1154,190,191,84683,1,16979,1089.733642578125,1127.1265869140625,37.3929443359375,false
1155,200,201,84697,2,16993,1234.3946533203125,1272.9788818359375,38.584228515625,false
1156,190,191,84148,4,16444,199.30021667480469,199.30021667480469,0,false
1157,197,198,84710,1,17006,170.86392211914062,170.86392211914062,0,false
1158,185,186,84680,1,16976,630.1771240234375,837.54815673828125,207.37103271484375,false
1159,200,201,84681,2,16977,1722.017333984375,1757.456787109375,35.439453125,false
1160,194,195,84682,2,16978,1347.7276611328125,1382.039306640625,34.3116455078125,false
1161,189,190,84685,2,16981,798.02215576171875,962.61962890625,164.59747314453125,false
1162,197,198,84682,1,16978,1536.43408203125,1570.5804443359375,34.1463623046875,false
1163,194,195,84683,1,16979,1334.5330810546875,1368.93212890625,34.3990478515625,false
1164,190,191,84683,2,16979,1066.555419921875,1106.181396484375,39.6259765625,false
1165,188,189,84684,1,16980,765.9737548828125,938.41400146484375,172.44024658203125,false
1166,190,191,84684,1,16980,1048.4437255859375,1090.2303466796875,41.78662109375,false
1167,195,196,84694,2,16990,922.7156982421875,1054.4913330078125,131.775634765625,false
1168,200,201,84153,3,16449,223.17848205566406,236.14646911621094,12.967987060546875,false
1169,200,201,84682,1,16978,1709.8033447265625,1745.2772216796875,35.473876953125,false
1170,197,198,84682,2,16978,1518.927490234375,1553.1492919921875,34.2218017578125,false
1171,190,191,84684,2,16980,1020.547119140625,1066.55419921875,46.007080078125,false
1172,199,200,84696,2,16992,1192.220703125,1270.9344482421875,78.7137451171875,false
1173,200,201,84682,2,16978,1692.6488037109375,1728.1865234375,35.5377197265625,false
1174,197,198,84683,1,16979,1506.1094970703125,1540.393310546875,34.2838134765625,false
1175,194,195,84683,2,16979,1316.601318359375,1351.134765625,34.533447265625,false
1176,190,191,84685,1,16981,998.0841064453125,1048.0997314453125,50.015625,false
1177,190,191,84685,2,16981,962.61962890625,1019.7811279296875,57.1614990234375,false
1178,199,200,84155,4,16451,1009.0714111328125,1117.4710693359375,108.399658203125,false
1179,200,201,84683,1,16979,1680.11865234375,1715.708251953125,35.589599609375,false
1180,197,198,84683,2,16979,1488.7354736328125,1523.1077880859375,34.372314453125,false
1181,194,195,84684,1,16980,1303.4017333984375,1338.0418701171875,34.64013671875,false
1182,189,190,84679,1,16975,1118.405029296875,1190.03759765625,71.632568359375,false
1183,200,201,84683,2,16979,1663.151123046875,1698.8128662109375,35.6617431640625,false
1184,194,195,84684,2,16980,1285.2554931640625,1320.06298828125,34.8074951171875,false
1185,192,193,84690,1,16986,857.07794189453125,1007.577880859375,150.49993896484375,false
1186,182,183,84136,4,16432,201.35389709472656,201.35389709472656,0,false
1187,197,198,84684,1,16980,1475.9739990234375,1510.4154052734375,34.44140625,false
1188,200,201,84684,1,16980,1650.706298828125,1686.4241943359375,35.7178955078125,false
1189,197,198,84684,2,16980,1458.48388671875,1493.024658203125,34.540771484375,false
1190,194,195,84685,1,16981,1271.95458984375,1306.8958740234375,34.9412841796875,false
1191,190,191,84686,1,16982,933.22296142578125,996.91668701171875,63.6937255859375,false
1192,200,201,84684,2,16980,1633.6697998046875,1669.4676513671875,35.7978515625,false
1193,197,198,84685,1,16981,1445.6962890625,1480.3134765625,34.6171875,false
1194,200,201,84685,1,16981,1621.2305908203125,1657.0897216796875,35.859130859375,false
1195,194,195,84685,2,16981,1253.7186279296875,1288.8795166015625,35.160888671875,false
1196,194,195,84130,3,16426,47.572231292724609,47.572231292724609,0,false
1197,197,198,84685,2,16981,1428.243896484375,1462.969970703125,34.72607421875,false
1198,194,195,84686,1,16982,1240.3148193359375,1275.656005859375,35.3411865234375,false
1199,197,198,84686,1,16982,1415.4613037109375,1450.2708740234375,34.8095703125,false
1200,200,201,84686,1,16982,1591.864013671875,1627.8741455078125,36.0101318359375,false
1201,194,195,84686,2,16982,1221.8057861328125,1257.462646484375,35.6568603515625,false
1202,193,194,84692,1,16988,871.49517822265625,1018.6912841796875,147.19610595703125,false
1203,198,199,84696,2,16992,1105.676025390625,1192.220703125,86.544677734375,false
1204,199,200,84154,4,16450,964.698486328125,1105.603759765625,140.9052734375,false
1205,200,201,84685,2,16981,1604.27001953125,1640.2147216796875,35.9447021484375,false
1206,197,198,84686,2,16982,1397.9468994140625,1432.87646484375,34.9295654296875,false
1207,200,201,84686,2,16982,1574.8856201171875,1610.9879150390625,36.102294921875,false
1208,194,195,84687,1,16983,1208.239501953125,1244.1610107421875,35.9215087890625,false
1209,197,198,84687,1,16983,1385.1756591796875,1420.1956787109375,35.02001953125,false
1210,200,201,84687,1,16983,1562.516845703125,1598.688232421875,36.17138671875,false
1211,186,187,84142,4,16438,201.68635559082031,201.68635559082031,0,false
1212,194,195,84687,2,16983,1189.4979248046875,1225.90380859375,36.4058837890625,false
1213,197,198,84687,2,16983,1367.76123046875,1402.910400390625,35.149169921875,false
1214,200,201,84687,2,16983,1545.6673583984375,1581.9342041015625,36.266845703125,false
1215,197,198,84688,1,16984,1355.0291748046875,1390.2763671875,35.2471923828125,false
1216,200,201,84688,1,16984,1533.36181640625,1569.700439453125,36.338623046875,false
1217,200,201,84689,1,16985,1504.204345703125,1540.71923828125,36.514892578125,false
1218,190,191,84686,2,16982,886.91436767578125,960.94775390625,74.03338623046875,false
1219,194,195,84688,1,16984,1175.66650390625,1212.493408203125,36.826904296875,false
1220,197,198,84688,2,16984,1337.5704345703125,1372.9617919921875,35.391357421875,false
1221,200,201,84688,2,16984,1516.5145263671875,1552.953857421875,36.4393310546875,false
1222,197,198,84689,1,16985,1324.798095703125,1360.2994384765625,35.5013427734375,false
1223,200,201,84691,1,16987,1445.7796630859375,1482.6761474609375,36.896484375,false
1224,195,196,84695,1,16991,886.11199951171875,1032.947265625,146.83526611328125,false
1225,194,195,84688,2,16984,1156.2567138671875,1193.8843994140625,37.627685546875,false
1226,194,195,84689,1,16985,1141.8223876953125,1180.159912109375,38.3375244140625,false
1227,194,195,84689,2,16985,1121.273193359375,1160.968505859375,39.6953125,false
1228,197,198,84689,2,16985,1307.3011474609375,1342.9678955078125,35.666748046875,false
1229,200,201,84689,2,16985,1487.3753662109375,1523.9957275390625,36.620361328125,false
1230,197,198,84690,1,16986,1294.4791259765625,1330.2738037109375,35.794677734375,false
1231,200,201,84690,1,16986,1475.06103515625,1511.7607421875,36.69970703125,false
1232,197,198,84690,2,16986,1276.8109130859375,1312.808349609375,35.9974365234375,false
1233,200,201,84690,2,16986,1458.1524658203125,1494.9644775390625,36.81201171875,false
1234,200,201,84692,1,16988,1416.2659912109375,1453.3748779296875,37.10888671875,false
1235,200,201,84154,4,16450,1105.603759765625,1162.2080078125,56.604248046875,false
1236,199,200,84157,3,16453,963.05224609375,1075.0208740234375,111.9686279296875,false
1237,194,195,84690,1,16986,1105.782958984375,1146.7025146484375,40.9195556640625,false
1238,194,195,84690,2,16986,1083.1009521484375,1126.345947265625,43.2449951171875,false
1239,194,195,84691,1,16987,1065.6981201171875,1111.0482177734375,45.35009765625,false
1240,197,198,84691,1,16987,1263.85595703125,1300.0130615234375,36.1571044921875,false
1241,197,198,84691,2,16987,1245.9617919921875,1282.386962890625,36.4251708984375,false
1242,200,201,84691,2,16987,1428.7900390625,1465.806884765625,37.016845703125,false
1243,194,195,84692,1,16988,1018.6912841796875,1071.4759521484375,52.78466796875,false
1244,200,201,84692,2,16988,1399.024658203125,1436.26708984375,37.242431640625,false
1245,200,201,84693,1,16989,1386.3385009765625,1423.681640625,37.3431396484375,false
1246,200,201,84695,2,16991,1305.1865234375,1343.3306884765625,38.1441650390625,false
1247,196,197,84696,2,16992,912.50958251953125,1054.8427734375,142.33319091796875,false
1248,187,188,84130,3,16426,47.572231292724609,47.572231292724609,0,false
1249,199,200,84156,4,16452,975.73883056640625,1085.9910888671875,110.25225830078125,false
1250,194,195,84691,2,16987,1039.455078125,1088.69384765625,49.23876953125,false
1251,197,198,84692,1,16988,1232.72412109375,1269.367431640625,36.643310546875,false
1252,197,198,84692,2,16988,1214.302978515625,1251.3416748046875,37.0386962890625,false
1253,200,201,84693,2,16989,1368.7789306640625,1406.2718505859375,37.492919921875,false
1254,200,201,84694,1,16990,1355.7801513671875,1393.39111328125,37.6109619140625,false
1255,200,201,84694,2,16990,1337.6854248046875,1375.4833984375,37.7979736328125,false
1256,200,201,84695,1,16991,1324.1861572265625,1362.1123046875,37.9261474609375,false
1257,200,201,84696,1,16992,1291.0538330078125,1329.4161376953125,38.3623046875,false
1258,197,198,84697,1,16993,1031.767333984375,1089.4287109375,57.661376953125,false
1259,200,201,84697,1,16993,1257.967529296875,1296.352783203125,38.38525390625,false
1260,200,201,84698,1,16994,1227.2933349609375,1270.109130859375,42.8157958984375,false
1261,197,198,84130,3,16426,47.572231292724609,47.572231292724609,0,false
1262,194,195,84692,2,16988,986.35980224609375,1045.421875,59.06207275390625,false
1263,197,198,84693,1,16989,1200.6854248046875,1238.050048828125,37.3646240234375,false
1264,197,198,84693,2,16989,1181.4395751953125,1219.4510498046875,38.011474609375,false
1265,197,198,84695,2,16991,1106.15185546875,1149.399658203125,43.247802734375,false
1266,194,195,84693,1,16989,960.1812744140625,1024.912109375,64.7308349609375,false
1267,197,198,84694,1,16990,1167.043212890625,1205.606689453125,38.5634765625,false
1268,197,198,84694,2,16990,1146.1024169921875,1185.8646240234375,39.76220703125,false
1269,197,198,84695,1,16991,1130.3338623046875,1171.1505126953125,40.816650390625,false
1270,197,198,84696,1,16992,1087.39599609375,1132.8179931640625,45.4219970703125,false
1271,200,201,84130,3,16426,47.572231292724609,47.572231292724609,0,false
1272,200,201,84696,2,16992,1270.9344482421875,1309.7769775390625,38.842529296875,false
1273,196,197,84697,1,16993,863.09576416015625,1031.767333984375,168.67156982421875,false
1274,200,201,84155,4,16451,1117.4710693359375,1161.3721923828125,43.901123046875,false
1275,200,201,84157,3,16453,1075.0208740234375,1120.6376953125,45.6168212890625,false
1276,190,191,84687,1,16983,848.9678955078125,931.49957275390625,82.53167724609375,false
1277,194,195,84693,2,16989,918.450439453125,992.53326416015625,74.08282470703125,false
1278,196,197,84697,2,16993,771.85870361328125,978.33349609375,206.47479248046875,false
1279,200,201,84156,4,16452,1085.9910888671875,1131.2918701171875,45.30078125,false
1280,187,188,84683,1,16979,772.2232666015625,866.39483642578125,94.17156982421875,false
1281,188,189,84145,4,16441,200.09696960449219,200.09696960449219,0,false
1282,199,200,84157,4,16453,942.94342041015625,1058.35107421875,115.40765380859375,false
1283,194,195,84678,1,16974,1600.9796142578125,1628.1875,27.2078857421875,false
1284,195,196,84678,1,16974,1628.1875,1684.8287353515625,56.6412353515625,false
1285,197,198,84696,2,16992,1054.8427734375,1105.676025390625,50.833251953125,false
1286,200,201,84157,4,16453,1058.35107421875,1104.72802734375,46.376953125,false
1287,189,190,84147,4,16443,199.17453002929688,199.17453002929688,0,false
1288,191,192,84678,3,16974,1382.2247314453125,1435.02685546875,52.8021240234375,false
1289,186,187,84130,3,16426,47.572231292724609,47.572231292724609,0,false
1290,199,200,84156,3,16452,990.0517578125,1099.5413818359375,109.4896240234375,false
1291,200,201,84156,3,16452,1099.5413818359375,1144.7880859375,45.2467041015625,false
1292,200,201,84158,3,16454,1045.20947265625,1092.33837890625,47.12890625,false
1293,200,201,84158,4,16454,1025.8062744140625,1074.3548583984375,48.548583984375,false
1294,191,192,84688,2,16984,792.37054443359375,964.61004638671875,172.239501953125,false
1295,184,185,84129,4,16425,0.42517545819282532,0.42517545819282532,0,false
1296,200,201,84159,3,16455,1011.0294189453125,1060.8367919921875,49.807373046875,false
1297,200,201,84699,1,16995,871.4656982421875,916.35321044921875,44.88751220703125,false
