"repository_path","source_cluster_path","size_bytes","sha256","copied_at_utc","job_id","task_id","source_revision"
"runs/hpc/stage_f/f19_f18_failure_closeout_and_three_job_repair_preparation/evidence/1381758.mmaster02/harness_compile.stderr","/scratch/pr21vyci/f19_evidence_c81906a/control/harness_compile.stderr","379","ac076cf6e43890d0a10a585ce2096007834f06057e18fcedb0e70efbfd88d20a","2026-08-03T09:48:00Z","1381758.mmaster02","F19-AUTHORIZED-THREE-JOB-EXECUTION","c81906a27b4f11028e3818c62da272d7f4a41cae"
"runs/hpc/stage_f/f19_f18_failure_closeout_and_three_job_repair_preparation/evidence/1381758.mmaster02/harness_compile.stdout","/scratch/pr21vyci/f19_evidence_c81906a/control/harness_compile.stdout","0","e3b0c44298fc1c149afbf4c8996fb92427ae41e4649b934ca495991b7852b855","2026-08-03T09:48:00Z","1381758.mmaster02","F19-AUTHORIZED-THREE-JOB-EXECUTION","c81906a27b4f11028e3818c62da272d7f4a41cae"
"runs/hpc/stage_f/f19_f18_failure_closeout_and_three_job_repair_preparation/evidence/1381758.mmaster02/harness_run.stderr","/scratch/pr21vyci/f19_evidence_c81906a/control/harness_run.stderr","0","e3b0c44298fc1c149afbf4c8996fb92427ae41e4649b934ca495991b7852b855","2026-08-03T09:48:00Z","1381758.mmaster02","F19-AUTHORIZED-THREE-JOB-EXECUTION","c81906a27b4f11028e3818c62da272d7f4a41cae"
"runs/hpc/stage_f/f19_f18_failure_closeout_and_three_job_repair_preparation/evidence/1381758.mmaster02/harness_run.stdout","/scratch/pr21vyci/f19_evidence_c81906a/control/harness_run.stdout","42","78420d8981da23334985fff647f824b1c651829238578e4a968851d26ce42a8f","2026-08-03T09:48:00Z","1381758.mmaster02","F19-AUTHORIZED-THREE-JOB-EXECUTION","c81906a27b4f11028e3818c62da272d7f4a41cae"
"runs/hpc/stage_f/f19_f18_failure_closeout_and_three_job_repair_preparation/evidence/1381758.mmaster02/M2IRRROLLCTL5.dat","/scratch/pr21vyci/f19_evidence_c81906a/control/M2IRRROLLCTL5.dat","15075","80bd61344dd4428d3bc8f033a2362479c0aaf23bbd166d5234f620c3136ee0f4","2026-08-03T09:48:00Z","1381758.mmaster02","F19-AUTHORIZED-THREE-JOB-EXECUTION","c81906a27b4f11028e3818c62da272d7f4a41cae"
"runs/hpc/stage_f/f19_f18_failure_closeout_and_three_job_repair_preparation/evidence/1381758.mmaster02/M2IRRROLLCTL5.msg","/scratch/pr21vyci/f19_evidence_c81906a/control/M2IRRROLLCTL5.msg","194575","4acc4c370a437264492bdaf095b35784c6b999384278995903e7eb7de86f287b","2026-08-03T09:48:00Z","1381758.mmaster02","F19-AUTHORIZED-THREE-JOB-EXECUTION","c81906a27b4f11028e3818c62da272d7f4a41cae"
"runs/hpc/stage_f/f19_f18_failure_closeout_and_three_job_repair_preparation/evidence/1381758.mmaster02/M2IRRROLLCTL5.sta","/scratch/pr21vyci/f19_evidence_c81906a/control/M2IRRROLLCTL5.sta","7068","d4a9e0dbcff4a8c11036487708e1123a60f61445c4ba1fda5a4d3b64ee79ed66","2026-08-03T09:48:00Z","1381758.mmaster02","F19-AUTHORIZED-THREE-JOB-EXECUTION","c81906a27b4f11028e3818c62da272d7f4a41cae"
"runs/hpc/stage_f/f19_f18_failure_closeout_and_three_job_repair_preparation/evidence/1381758.mmaster02/M2IRRROLLCTL5_f19_cutback_state.flag","/scratch/pr21vyci/f19_evidence_c81906a/control/M2IRRROLLCTL5_f19_cutback_state.flag","2","9a271f2a916b0b6ee6cecb2426f0b3206ef074578be55d9bc94f6f3fe3ab86aa","2026-08-03T09:48:00Z","1381758.mmaster02","F19-AUTHORIZED-THREE-JOB-EXECUTION","c81906a27b4f11028e3818c62da272d7f4a41cae"
"runs/hpc/stage_f/f19_f18_failure_closeout_and_three_job_repair_preparation/evidence/1381758.mmaster02/M2IRRROLLCTL5_f19_force_mode.flag","/scratch/pr21vyci/f19_evidence_c81906a/control/M2IRRROLLCTL5_f19_force_mode.flag","2","9a271f2a916b0b6ee6cecb2426f0b3206ef074578be55d9bc94f6f3fe3ab86aa","2026-08-03T09:48:00Z","1381758.mmaster02","F19-AUTHORIZED-THREE-JOB-EXECUTION","c81906a27b4f11028e3818c62da272d7f4a41cae"
"runs/hpc/stage_f/f19_f18_failure_closeout_and_three_job_repair_preparation/evidence/1381758.mmaster02/NOTIFICATION_START_TELEGRAM.json","/scratch/pr21vyci/f19_evidence_c81906a/control/NOTIFICATION_START_TELEGRAM.json","386","e692acca0efa81da0b68d5dd138ed519169e3eb9d6443e6183ba763f961198c3","2026-08-03T09:48:00Z","1381758.mmaster02","F19-AUTHORIZED-THREE-JOB-EXECUTION","c81906a27b4f11028e3818c62da272d7f4a41cae"
"runs/hpc/stage_f/f19_f18_failure_closeout_and_three_job_repair_preparation/evidence/1381758.mmaster02/NOTIFICATION_TERMINAL_TELEGRAM.json","/scratch/pr21vyci/f19_evidence_c81906a/control/NOTIFICATION_TERMINAL_TELEGRAM.json","386","6fc799f577d58abc03eb1d79447a0836779bf2e49b09b509397b33b6cb12f85c","2026-08-03T09:48:00Z","1381758.mmaster02","F19-AUTHORIZED-THREE-JOB-EXECUTION","c81906a27b4f11028e3818c62da272d7f4a41cae"
"runs/hpc/stage_f/f19_f18_failure_closeout_and_three_job_repair_preparation/evidence/1381758.mmaster02/QSTAT_FINAL.txt","/scratch/pr21vyci/f19_evidence_c81906a/control/QSTAT_FINAL.txt","2779","f179f9144af82b6ad32224b99bf6cb4f44e69017a42567bf702a5c4fc62299f9","2026-08-03T09:48:00Z","1381758.mmaster02","F19-AUTHORIZED-THREE-JOB-EXECUTION","c81906a27b4f11028e3818c62da272d7f4a41cae"
"runs/hpc/stage_f/f19_f18_failure_closeout_and_three_job_repair_preparation/evidence/1381758.mmaster02/STATUS.json","/scratch/pr21vyci/f19_evidence_c81906a/control/STATUS.json","1209","9025b45cc23954c6f4d45d7a50a3d89ee06549f947ca804719d27589896ca6e3","2026-08-03T09:48:00Z","1381758.mmaster02","F19-AUTHORIZED-THREE-JOB-EXECUTION","c81906a27b4f11028e3818c62da272d7f4a41cae"
"runs/hpc/stage_f/f19_f18_failure_closeout_and_three_job_repair_preparation/evidence/1381758.mmaster02/TRACEJOB.txt","/scratch/pr21vyci/f19_evidence_c81906a/control/TRACEJOB.txt","73","57b9315f5f4182b884f7951087abb11d0b711c38767a905c0e88e1e4dc3834c0","2026-08-03T09:48:00Z","1381758.mmaster02","F19-AUTHORIZED-THREE-JOB-EXECUTION","c81906a27b4f11028e3818c62da272d7f4a41cae"
"runs/hpc/stage_f/f19_f18_failure_closeout_and_three_job_repair_preparation/evidence/1381758.mmaster02/extracted/diagnostic_energy_history.csv","/scratch/pr21vyci/f19_evidence_c81906a/control/diagnostic_energy_history.csv","23190","4c6c0ce4113335d056958a7d64411c45ae2558198861d95c46b06c7b13aaec73","2026-08-03T09:48:00Z","1381758.mmaster02","F19-AUTHORIZED-THREE-JOB-EXECUTION","c81906a27b4f11028e3818c62da272d7f4a41cae"
"runs/hpc/stage_f/f19_f18_failure_closeout_and_three_job_repair_preparation/evidence/1381758.mmaster02/extracted/fixed_point_history.csv","/scratch/pr21vyci/f19_evidence_c81906a/control/fixed_point_history.csv","1690601","e152c9f186e8581a48fbc09ef50f0dde233e518b862d51f0d72e611aa555307b","2026-08-03T09:48:00Z","1381758.mmaster02","F19-AUTHORIZED-THREE-JOB-EXECUTION","c81906a27b4f11028e3818c62da272d7f4a41cae"
"runs/hpc/stage_f/f19_f18_failure_closeout_and_three_job_repair_preparation/evidence/1381758.mmaster02/extracted/rf_u_work_history.csv","/scratch/pr21vyci/f19_evidence_c81906a/control/rf_u_work_history.csv","10121","ff5d766d18dea5687a9f1f03763de9d52ecc79d7a7edfce7394cbef0a4e4fcf4","2026-08-03T09:48:00Z","1381758.mmaster02","F19-AUTHORIZED-THREE-JOB-EXECUTION","c81906a27b4f11028e3818c62da272d7f4a41cae"
"runs/hpc/stage_f/f19_f18_failure_closeout_and_three_job_repair_preparation/evidence/1381758.mmaster02/extracted/SUMMARY.json","/scratch/pr21vyci/f19_evidence_c81906a/control/SUMMARY.json","514","9acd6302d879ed8dbc98f36f74f241dc2990eb6b9e6ce09ff7bcc9ccf929e5c7","2026-08-03T09:48:00Z","1381758.mmaster02","F19-AUTHORIZED-THREE-JOB-EXECUTION","c81906a27b4f11028e3818c62da272d7f4a41cae"
"runs/hpc/stage_f/f19_f18_failure_closeout_and_three_job_repair_preparation/evidence/1381759.mmaster02/harness_compile.stderr","/scratch/pr21vyci/f19_evidence_c81906a/forced/harness_compile.stderr","379","ac076cf6e43890d0a10a585ce2096007834f06057e18fcedb0e70efbfd88d20a","2026-08-03T09:48:00Z","1381759.mmaster02","F19-AUTHORIZED-THREE-JOB-EXECUTION","c81906a27b4f11028e3818c62da272d7f4a41cae"
"runs/hpc/stage_f/f19_f18_failure_closeout_and_three_job_repair_preparation/evidence/1381759.mmaster02/harness_compile.stdout","/scratch/pr21vyci/f19_evidence_c81906a/forced/harness_compile.stdout","0","e3b0c44298fc1c149afbf4c8996fb92427ae41e4649b934ca495991b7852b855","2026-08-03T09:48:00Z","1381759.mmaster02","F19-AUTHORIZED-THREE-JOB-EXECUTION","c81906a27b4f11028e3818c62da272d7f4a41cae"
"runs/hpc/stage_f/f19_f18_failure_closeout_and_three_job_repair_preparation/evidence/1381759.mmaster02/harness_run.stderr","/scratch/pr21vyci/f19_evidence_c81906a/forced/harness_run.stderr","0","e3b0c44298fc1c149afbf4c8996fb92427ae41e4649b934ca495991b7852b855","2026-08-03T09:48:00Z","1381759.mmaster02","F19-AUTHORIZED-THREE-JOB-EXECUTION","c81906a27b4f11028e3818c62da272d7f4a41cae"
"runs/hpc/stage_f/f19_f18_failure_closeout_and_three_job_repair_preparation/evidence/1381759.mmaster02/harness_run.stdout","/scratch/pr21vyci/f19_evidence_c81906a/forced/harness_run.stdout","42","238589cced6e84fdb8968042dcc6eb0d53935b4def53397c9349f853d27f647b","2026-08-03T09:48:00Z","1381759.mmaster02","F19-AUTHORIZED-THREE-JOB-EXECUTION","c81906a27b4f11028e3818c62da272d7f4a41cae"
"runs/hpc/stage_f/f19_f18_failure_closeout_and_three_job_repair_preparation/evidence/1381759.mmaster02/M2IRRROLLFORCE5.dat","/scratch/pr21vyci/f19_evidence_c81906a/forced/M2IRRROLLFORCE5.dat","15075","f77bbbaaa43fb5f849e60cf9daf49640b7609325bb5548424e0d4d98b53ff99a","2026-08-03T09:48:00Z","1381759.mmaster02","F19-AUTHORIZED-THREE-JOB-EXECUTION","c81906a27b4f11028e3818c62da272d7f4a41cae"
"runs/hpc/stage_f/f19_f18_failure_closeout_and_three_job_repair_preparation/evidence/1381759.mmaster02/M2IRRROLLFORCE5.msg","/scratch/pr21vyci/f19_evidence_c81906a/forced/M2IRRROLLFORCE5.msg","198086","dc3ca28924fbca9dc419327ab3fb8fbe418442861333b569a11dcba1aa169222","2026-08-03T09:48:00Z","1381759.mmaster02","F19-AUTHORIZED-THREE-JOB-EXECUTION","c81906a27b4f11028e3818c62da272d7f4a41cae"
"runs/hpc/stage_f/f19_f18_failure_closeout_and_three_job_repair_preparation/evidence/1381759.mmaster02/M2IRRROLLFORCE5.sta","/scratch/pr21vyci/f19_evidence_c81906a/forced/M2IRRROLLFORCE5.sta","7202","269e4482c702f3f2701b6fdbefe8476107955c7b1d3ee6e00cfcb325558addab","2026-08-03T09:48:00Z","1381759.mmaster02","F19-AUTHORIZED-THREE-JOB-EXECUTION","c81906a27b4f11028e3818c62da272d7f4a41cae"
"runs/hpc/stage_f/f19_f18_failure_closeout_and_three_job_repair_preparation/evidence/1381759.mmaster02/M2IRRROLLFORCE5_f19_cutback_state.flag","/scratch/pr21vyci/f19_evidence_c81906a/forced/M2IRRROLLFORCE5_f19_cutback_state.flag","2","4355a46b19d348dc2f57c046f8ef63d4538ebb936000f3c9ee954a27460dd865","2026-08-03T09:48:00Z","1381759.mmaster02","F19-AUTHORIZED-THREE-JOB-EXECUTION","c81906a27b4f11028e3818c62da272d7f4a41cae"
"runs/hpc/stage_f/f19_f18_failure_closeout_and_three_job_repair_preparation/evidence/1381759.mmaster02/M2IRRROLLFORCE5_f19_force_mode.flag","/scratch/pr21vyci/f19_evidence_c81906a/forced/M2IRRROLLFORCE5_f19_force_mode.flag","2","4355a46b19d348dc2f57c046f8ef63d4538ebb936000f3c9ee954a27460dd865","2026-08-03T09:48:00Z","1381759.mmaster02","F19-AUTHORIZED-THREE-JOB-EXECUTION","c81906a27b4f11028e3818c62da272d7f4a41cae"
"runs/hpc/stage_f/f19_f18_failure_closeout_and_three_job_repair_preparation/evidence/1381759.mmaster02/NOTIFICATION_START_TELEGRAM.json","/scratch/pr21vyci/f19_evidence_c81906a/forced/NOTIFICATION_START_TELEGRAM.json","386","1d155e228b73373503401e887cd37596b5f2bf5e9ac3791d85b078be182c75c1","2026-08-03T09:48:00Z","1381759.mmaster02","F19-AUTHORIZED-THREE-JOB-EXECUTION","c81906a27b4f11028e3818c62da272d7f4a41cae"
"runs/hpc/stage_f/f19_f18_failure_closeout_and_three_job_repair_preparation/evidence/1381759.mmaster02/NOTIFICATION_TERMINAL_TELEGRAM.json","/scratch/pr21vyci/f19_evidence_c81906a/forced/NOTIFICATION_TERMINAL_TELEGRAM.json","386","49e93813cb0300b4fe913bae4334fadfe7190aefc0218924052b020bbf1fd790","2026-08-03T09:48:00Z","1381759.mmaster02","F19-AUTHORIZED-THREE-JOB-EXECUTION","c81906a27b4f11028e3818c62da272d7f4a41cae"
"runs/hpc/stage_f/f19_f18_failure_closeout_and_three_job_repair_preparation/evidence/1381759.mmaster02/QSTAT_FINAL.txt","/scratch/pr21vyci/f19_evidence_c81906a/forced/QSTAT_FINAL.txt","2731","9c4be9872148efc82ff22ecab705d83de262ca04f0a996a4edbf69e2a425e7a7","2026-08-03T09:48:00Z","1381759.mmaster02","F19-AUTHORIZED-THREE-JOB-EXECUTION","c81906a27b4f11028e3818c62da272d7f4a41cae"
"runs/hpc/stage_f/f19_f18_failure_closeout_and_three_job_repair_preparation/evidence/1381759.mmaster02/STATUS.json","/scratch/pr21vyci/f19_evidence_c81906a/forced/STATUS.json","1207","d6790bf80e7a706ae8039d8b6b50f480646fed92c5dcf39046c2a96c723e15e8","2026-08-03T09:48:00Z","1381759.mmaster02","F19-AUTHORIZED-THREE-JOB-EXECUTION","c81906a27b4f11028e3818c62da272d7f4a41cae"
"runs/hpc/stage_f/f19_f18_failure_closeout_and_three_job_repair_preparation/evidence/1381759.mmaster02/TRACEJOB.txt","/scratch/pr21vyci/f19_evidence_c81906a/forced/TRACEJOB.txt","73","a9da541c40096a7deb345fbfd9838dd45910985403b61d09bd7cce5a73ba66ee","2026-08-03T09:48:00Z","1381759.mmaster02","F19-AUTHORIZED-THREE-JOB-EXECUTION","c81906a27b4f11028e3818c62da272d7f4a41cae"
"runs/hpc/stage_f/f19_f18_failure_closeout_and_three_job_repair_preparation/evidence/1381759.mmaster02/extracted/diagnostic_energy_history.csv","/scratch/pr21vyci/f19_evidence_c81906a/forced/diagnostic_energy_history.csv","23434","330789d29fb506811fef6a464b273e8e164bf8513646b633245a40a42a9c7e94","2026-08-03T09:48:00Z","1381759.mmaster02","F19-AUTHORIZED-THREE-JOB-EXECUTION","c81906a27b4f11028e3818c62da272d7f4a41cae"
"runs/hpc/stage_f/f19_f18_failure_closeout_and_three_job_repair_preparation/evidence/1381759.mmaster02/extracted/fixed_point_history.csv","/scratch/pr21vyci/f19_evidence_c81906a/forced/fixed_point_history.csv","1706062","60bebdab92c15afdb7ef5648d87e4a25dafaa8dc9c6a90eae46c357e91fbaeeb","2026-08-03T09:48:00Z","1381759.mmaster02","F19-AUTHORIZED-THREE-JOB-EXECUTION","c81906a27b4f11028e3818c62da272d7f4a41cae"
"runs/hpc/stage_f/f19_f18_failure_closeout_and_three_job_repair_preparation/evidence/1381759.mmaster02/extracted/rf_u_work_history.csv","/scratch/pr21vyci/f19_evidence_c81906a/forced/rf_u_work_history.csv","10229","66732e508b68c6b244ff2e94a0b724ebd6ebd0b021c0f0e952ac2b4d0772890c","2026-08-03T09:48:00Z","1381759.mmaster02","F19-AUTHORIZED-THREE-JOB-EXECUTION","c81906a27b4f11028e3818c62da272d7f4a41cae"
"runs/hpc/stage_f/f19_f18_failure_closeout_and_three_job_repair_preparation/evidence/1381759.mmaster02/extracted/SUMMARY.json","/scratch/pr21vyci/f19_evidence_c81906a/forced/SUMMARY.json","514","7057255305955a169f43982a5b5ea5ac2ab375297f1ccb3e7c49ed20fea7ddb6","2026-08-03T09:48:00Z","1381759.mmaster02","F19-AUTHORIZED-THREE-JOB-EXECUTION","c81906a27b4f11028e3818c62da272d7f4a41cae"
"runs/hpc/stage_f/f19_f18_failure_closeout_and_three_job_repair_preparation/evidence/1381760.mmaster02/ABAQUS_PYTHON_COMPATIBILITY.json","/scratch/pr21vyci/f19_evidence_c81906a/adaptive/ABAQUS_PYTHON_COMPATIBILITY.json","151","b4a1aac2dfa5aaaef35565394fa4fba4276264acc5ec9f5f41d2afd9e3458ebd","2026-08-03T09:48:00Z","1381760.mmaster02","F19-AUTHORIZED-THREE-JOB-EXECUTION","c81906a27b4f11028e3818c62da272d7f4a41cae"
"runs/hpc/stage_f/f19_f18_failure_closeout_and_three_job_repair_preparation/evidence/1381760.mmaster02/cae.returncode","/scratch/pr21vyci/f19_evidence_c81906a/adaptive/cae.returncode","2","4355a46b19d348dc2f57c046f8ef63d4538ebb936000f3c9ee954a27460dd865","2026-08-03T09:48:00Z","1381760.mmaster02","F19-AUTHORIZED-THREE-JOB-EXECUTION","c81906a27b4f11028e3818c62da272d7f4a41cae"
"runs/hpc/stage_f/f19_f18_failure_closeout_and_three_job_repair_preparation/evidence/1381760.mmaster02/cae.stderr","/scratch/pr21vyci/f19_evidence_c81906a/adaptive/cae.stderr","167","1c14d1de8ea61f130e33fd59f4962b57c4a70bc423052ed641c4bd892c460884","2026-08-03T09:48:00Z","1381760.mmaster02","F19-AUTHORIZED-THREE-JOB-EXECUTION","c81906a27b4f11028e3818c62da272d7f4a41cae"
"runs/hpc/stage_f/f19_f18_failure_closeout_and_three_job_repair_preparation/evidence/1381760.mmaster02/cae.stdout","/scratch/pr21vyci/f19_evidence_c81906a/adaptive/cae.stdout","40","ecc75c231e795e2f6daa68a900517a10852b5cd1369b97668bf526ee274a7e5c","2026-08-03T09:48:00Z","1381760.mmaster02","F19-AUTHORIZED-THREE-JOB-EXECUTION","c81906a27b4f11028e3818c62da272d7f4a41cae"
"runs/hpc/stage_f/f19_f18_failure_closeout_and_three_job_repair_preparation/evidence/1381760.mmaster02/compatibility.returncode","/scratch/pr21vyci/f19_evidence_c81906a/adaptive/compatibility.returncode","2","9a271f2a916b0b6ee6cecb2426f0b3206ef074578be55d9bc94f6f3fe3ab86aa","2026-08-03T09:48:00Z","1381760.mmaster02","F19-AUTHORIZED-THREE-JOB-EXECUTION","c81906a27b4f11028e3818c62da272d7f4a41cae"
"runs/hpc/stage_f/f19_f18_failure_closeout_and_three_job_repair_preparation/evidence/1381760.mmaster02/compatibility.stderr","/scratch/pr21vyci/f19_evidence_c81906a/adaptive/compatibility.stderr","0","e3b0c44298fc1c149afbf4c8996fb92427ae41e4649b934ca495991b7852b855","2026-08-03T09:48:00Z","1381760.mmaster02","F19-AUTHORIZED-THREE-JOB-EXECUTION","c81906a27b4f11028e3818c62da272d7f4a41cae"
"runs/hpc/stage_f/f19_f18_failure_closeout_and_three_job_repair_preparation/evidence/1381760.mmaster02/compatibility.stdout","/scratch/pr21vyci/f19_evidence_c81906a/adaptive/compatibility.stdout","0","e3b0c44298fc1c149afbf4c8996fb92427ae41e4649b934ca495991b7852b855","2026-08-03T09:48:00Z","1381760.mmaster02","F19-AUTHORIZED-THREE-JOB-EXECUTION","c81906a27b4f11028e3818c62da272d7f4a41cae"
"runs/hpc/stage_f/f19_f18_failure_closeout_and_three_job_repair_preparation/evidence/1381760.mmaster02/ENVIRONMENT_CONTRACT_AUDIT.json","/scratch/pr21vyci/f19_evidence_c81906a/adaptive/ENVIRONMENT_CONTRACT_AUDIT.json","273","a76e56e1ba34b4b7c1048e7c0a4c3b1a794085452d7573142d8e586d97f23b0d","2026-08-03T09:48:00Z","1381760.mmaster02","F19-AUTHORIZED-THREE-JOB-EXECUTION","c81906a27b4f11028e3818c62da272d7f4a41cae"
"runs/hpc/stage_f/f19_f18_failure_closeout_and_three_job_repair_preparation/evidence/1381760.mmaster02/MISSING_EVIDENCE_REPORT.json","/scratch/pr21vyci/f19_evidence_c81906a/adaptive/MISSING_EVIDENCE_REPORT.json","1183","8a17f66f0effddf89d5d1803f4a9925b544527d5b20dbdccb3a6d0f2cbeda12e","2026-08-03T09:48:00Z","1381760.mmaster02","F19-AUTHORIZED-THREE-JOB-EXECUTION","c81906a27b4f11028e3818c62da272d7f4a41cae"
"runs/hpc/stage_f/f19_f18_failure_closeout_and_three_job_repair_preparation/evidence/1381760.mmaster02/NOTIFICATION_START_TELEGRAM.json","/scratch/pr21vyci/f19_evidence_c81906a/adaptive/NOTIFICATION_START_TELEGRAM.json","386","6ed58b737673bcb6e54dcc42ad91c74c0e7105286540ec8fd541956886c93968","2026-08-03T09:48:00Z","1381760.mmaster02","F19-AUTHORIZED-THREE-JOB-EXECUTION","c81906a27b4f11028e3818c62da272d7f4a41cae"
"runs/hpc/stage_f/f19_f18_failure_closeout_and_three_job_repair_preparation/evidence/1381760.mmaster02/NOTIFICATION_TERMINAL_TELEGRAM.json","/scratch/pr21vyci/f19_evidence_c81906a/adaptive/NOTIFICATION_TERMINAL_TELEGRAM.json","386","03b387df94da5cf6a80b818171f82fba6b2b6545f4b74b63bc0aaa7d12b11649","2026-08-03T09:48:00Z","1381760.mmaster02","F19-AUTHORIZED-THREE-JOB-EXECUTION","c81906a27b4f11028e3818c62da272d7f4a41cae"
"runs/hpc/stage_f/f19_f18_failure_closeout_and_three_job_repair_preparation/evidence/1381760.mmaster02/NO_EXECUTION_AUDIT.json","/scratch/pr21vyci/f19_evidence_c81906a/adaptive/NO_EXECUTION_AUDIT.json","543","d4e13a2d6cfcc6a2fb2376bec8b47737b2148dc4210cf702d3e3efb6c0da3623","2026-08-03T09:48:00Z","1381760.mmaster02","F19-AUTHORIZED-THREE-JOB-EXECUTION","c81906a27b4f11028e3818c62da272d7f4a41cae"
"runs/hpc/stage_f/f19_f18_failure_closeout_and_three_job_repair_preparation/evidence/1381760.mmaster02/QSTAT_FINAL.txt","/scratch/pr21vyci/f19_evidence_c81906a/adaptive/QSTAT_FINAL.txt","2623","850e9c13fa465190716616728cf6fca32b3ea0125aca9fc0961e181cf23146d2","2026-08-03T09:48:00Z","1381760.mmaster02","F19-AUTHORIZED-THREE-JOB-EXECUTION","c81906a27b4f11028e3818c62da272d7f4a41cae"
"runs/hpc/stage_f/f19_f18_failure_closeout_and_three_job_repair_preparation/evidence/1381760.mmaster02/STATUS.json","/scratch/pr21vyci/f19_evidence_c81906a/adaptive/STATUS.json","543","d4e13a2d6cfcc6a2fb2376bec8b47737b2148dc4210cf702d3e3efb6c0da3623","2026-08-03T09:48:00Z","1381760.mmaster02","F19-AUTHORIZED-THREE-JOB-EXECUTION","c81906a27b4f11028e3818c62da272d7f4a41cae"
"runs/hpc/stage_f/f19_f18_failure_closeout_and_three_job_repair_preparation/evidence/1381760.mmaster02/TRACEJOB.txt","/scratch/pr21vyci/f19_evidence_c81906a/adaptive/TRACEJOB.txt","73","a6457ae6933c52fb8bf9461827318d83dd3466c99303d9c516fe48b4454acfa5","2026-08-03T09:48:00Z","1381760.mmaster02","F19-AUTHORIZED-THREE-JOB-EXECUTION","c81906a27b4f11028e3818c62da272d7f4a41cae"
"runs/hpc/stage_f/f19_f18_failure_closeout_and_three_job_repair_preparation/evidence/1381760.mmaster02/WORK_EVIDENCE_INVENTORY.json","/scratch/pr21vyci/f19_evidence_c81906a/adaptive/WORK_EVIDENCE_INVENTORY.json","1419","adea48f9b853bd0ecd18e637125fe63a30827c276a9e68ad76ab5ac7ac46994f","2026-08-03T09:48:00Z","1381760.mmaster02","F19-AUTHORIZED-THREE-JOB-EXECUTION","c81906a27b4f11028e3818c62da272d7f4a41cae"
