element,n1,n2,n3,n4
1,10,397,450,9
2,350,14,15,393
3,263,1352,1291,1901
4,1740,1775,293,1739
5,164,1739,1741,163
6,1738,1777,324,1737
7,161,1737,1736,160
8,1742,159,160,1736
9,158,1803,157,5
10,387,22,23,386
11,1217,1141,1288,1146
12,278,1902,1634,1915
13,293,1775,1726,1710
14,308,1704,1699,1931
15,1786,1820,324,1777
16,1820,1865,1798,324
17,1736,1798,349,1742
18,155,1751,1750,154
19,1751,155,156,1831
20,1750,1751,1776,1779
21,121,122,1810,1745
22,122,3,123,1810
23,120,121,1745,1747
24,1745,1802,235,1747
25,251,1840,1891,1841
26,1858,1929,1860,1924
27,1879,283,282,1943
28,299,1882,1956,1878
29,315,1853,1938,1827
30,1825,331,1856,330
31,1789,1748,346,332
32,146,346,1748,145
33,1792,147,148,1749
34,1824,1792,1749,1787
35,1787,1877,334,1867
36,1846,319,1830,1849
37,303,1976,1757,1708
38,1698,288,1999,1701
39,1635,1633,272,1613
40,1610,1632,1619,2008
41,1164,1169,1238,1237
42,431,357,495,488
43,421,85,86,420
44,421,420,512,489
45,407,97,98,406
46,1155,1341,1224,1150
47,1498,1984,1551,1570
48,271,1596,1572,1525
49,302,1690,1680,1972
50,1970,1734,1782,1959
51,1959,1847,1814,1970
52,332,1824,333,1871
53,438,353,524,529
54,431,72,73,357
55,1249,1244,1307,1309
56,1562,1565,1582,1580
57,1657,275,1689,1679
58,292,1677,1769,1693
59,1697,1769,1673,1686
60,1945,1673,1769,1677
61,1574,1588,1629,1616
62,1298,1233,1231,1299
63,437,60,61,362
64,1310,1254,1246,1308
65,483,491,402,407
66,449,547,492,448
67,1144,1067,1220,1140
68,1469,1434,1499,1525
69,287,1618,1598,1973
70,1691,1765,1972,1973
71,1765,301,1773,1960
72,1847,1833,1871,1814
73,1833,1789,332,1871
74,108,448,408,107
75,644,550,1293,241
76,1351,1292,1149,1350
77,254,1435,1395,1898
78,1576,1599,1766,286
79,1856,331,1848,316
80,1396,240,1884,112
81,113,1768,1396,112
82,1790,1728,1730,1655
83,1728,1804,1638,254
84,269,1770,285,1925
85,1881,1821,284,1882
86,1864,1853,1863,1881
87,1863,1853,315,1869
88,1655,1396,1768,239
89,239,1768,1744,1788
90,1788,1904,1834,239
91,1816,1818,268,1804
92,283,284,1854,1957
93,299,1864,1881,1882
94,1882,284,283,1956
95,1828,115,116,1743
96,238,1828,1743,1839
97,1862,1839,237,252
98,1862,1866,1850,253
99,1866,266,1874,1955
100,1957,1874,282,283
101,1746,1743,1886,1885
102,1743,1746,237,1839
103,1860,1784,251,1924
104,266,252,1860,1929
105,118,119,1829,1885
106,119,120,1747,1829
107,1840,251,1784,236
108,1799,249,1802,1888
109,123,124,1888,1810
110,1807,250,249,264
111,1841,1837,281,1858
112,1943,1870,1868,297
113,328,1947,1852,1826
114,1928,313,1947,328
115,1827,1812,330,315
116,145,1748,1809,144
117,1764,1799,125,126
118,279,265,1807,264
119,1851,281,1837,280
120,1859,297,1868,296
121,328,1835,329,1928
122,1812,1755,345,330
123,144,1809,345,143
124,126,127,1760,1764
125,264,1764,1760,279
126,279,1842,280,265
127,296,295,1838,311
128,1948,312,1875,1949
129,1826,1813,1835,328
130,1808,344,1835,343
131,142,1755,1808,141
132,127,128,1800,1760
133,1760,1800,1890,279
134,295,1842,1805,1838
135,310,1911,1838,1805
136,1910,1857,1911,326
137,1813,1752,343,1835
138,343,140,141,1808
139,1887,1800,128,129
140,1887,1761,1892,294
141,310,1805,1892,309
142,1795,138,139,1752
143,1752,139,140,343
144,1762,1761,130,131
145,1843,1907,325,1806
146,1811,1753,341,1836
147,341,137,138,1795
148,1761,1762,309,1892
149,1762,1763,325,309
150,1796,135,136,1753
151,1753,136,137,341
152,133,339,1763,132
153,134,339,133,4
154,339,134,135,1796
155,149,347,1749,148
156,347,149,150,1793
157,1861,1877,1823,1880
158,1817,319,1846,1861
159,1778,1819,304,1757
160,1711,1707,2001,2005
161,1672,1684,1681,1683
162,1579,1611,1630,1621
163,1244,1245,1334,1307
164,151,1754,1793,150
165,1823,1793,1754,1783
166,1783,1876,336,1873
167,321,1725,1729,1781
168,1724,305,1733,1725
169,1702,1709,1700,1694
170,1669,1674,1658,1641
171,1600,1622,1627,1602
172,152,348,1754,151
173,153,1794,348,152
174,1872,1855,1822,1779
175,1767,1774,322,1756
176,1721,1722,307,1719
177,1686,1667,1688,1697
178,1822,1794,1750,1779
179,1930,338,1844,1815
180,1815,322,1774,337
181,1756,322,1801,1759
182,1931,1699,1705,1942
183,1803,158,159,1742
184,1737,161,162,1738
185,1738,162,163,1741
186,1739,164,165,1740
187,1740,165,166,1352
188,167,1291,1352,166
189,237,1746,236,1784
190,1790,1655,239,1834
191,1916,1926,1913,1066
192,1169,1187,1250,1238
193,1226,1229,1294,1225
194,376,375,459,525
195,1281,1212,1280,1332
196,376,34,35,375
197,381,380,461,526
198,1522,1550,1553,262
199,1282,1344,1215,1216
200,368,47,48,443
201,1298,1300,1241,1233
202,249,250,235,1802
203,1790,1834,1804,1728
204,1395,1435,1639,1500
205,255,1467,1431,1392
206,1577,1601,1578,1560
207,1594,1583,1603,1625
208,261,2004,1586,1609
209,1575,1433,1543,1593
210,1899,1837,1841,1891
211,270,1599,1576,1554
212,1554,1618,271,1552
213,1675,1676,2017,1661
214,1613,1637,2000,1635
215,1605,1628,1630,1611
216,1666,1710,1726,1771
217,1858,281,1870,1929
218,1821,285,1770,284
219,1832,1766,285,1821
220,1973,1598,1576,286
221,303,1708,1701,1995
222,1994,1995,1991,1665
223,1695,1681,1684,1696
224,1672,1683,1669,1659
225,292,1699,1704,1710
226,1805,1842,294,1892
227,1851,295,296,1868
228,1859,1948,1949,297
229,1946,301,1772,1832
230,1780,318,1830,1778
231,1780,1734,1970,318
232,1707,1711,1714,1983
233,1707,1712,1702,2001
234,1785,1786,1758,308
235,1907,310,309,325
236,1843,1911,310,1907
237,1948,311,1857,312
238,1826,1852,312,327
239,314,1878,313,1928
240,1830,318,1845,1849
241,1814,1845,318,1970
242,304,1819,1732,1985
243,1723,1724,1725,321
244,306,1722,1721,1715
245,1759,1801,323,1785
246,1836,1910,326,1811
247,1813,1826,327,342
248,329,1927,1827,1938
249,335,1817,1861,1880
250,1733,1954,1729,1725
251,321,1774,1767,1723
252,1815,337,1872,1930
253,1865,1776,349,1798
254,1806,339,1796,340
255,1753,1811,340,1796
256,1836,341,1795,342
257,1752,1813,342,1795
258,1755,1812,344,1808
259,345,1809,1825,330
260,347,1793,1823,1877
261,348,1794,1822,1876
262,543,527,442,366
263,449,2,109,451
264,107,408,409,106
265,552,1905,492,547
266,410,105,106,409
267,104,411,412,103
268,403,101,102,413
269,101,403,404,100
270,404,403,482,500
271,96,402,414,95
272,402,96,97,407
273,399,94,95,414
274,94,399,415,93
275,400,91,92,416
276,91,400,417,90
277,90,417,418,89
278,420,86,87,401
279,401,87,88,419
280,422,83,84,398
281,83,422,423,82
282,355,80,81,424
283,80,355,425,79
284,79,425,426,78
285,78,426,427,77
286,356,75,76,428
287,430,74,75,356
288,357,73,74,430
289,71,352,432,70
290,70,432,358,69
291,69,358,433,68
292,68,433,359,67
293,67,359,434,66
294,66,434,360,65
295,64,435,361,63
296,435,360,521,493
297,63,361,436,62
298,362,61,62,436
299,59,353,438,58
300,58,438,363,57
301,57,363,439,56
302,56,439,364,55
303,55,364,440,54
304,54,440,365,53
305,52,441,366,51
306,50,442,367,49
307,46,429,369,45
308,45,369,444,44
309,44,444,370,43
310,42,445,371,41
311,40,446,372,39
312,447,38,39,372
313,38,447,373,37
314,37,373,374,36
315,36,374,375,35
316,33,354,377,32
317,32,377,378,31
318,31,378,379,30
319,30,379,380,29
320,29,380,381,28
321,28,381,382,27
322,27,382,383,26
323,383,382,454,536
324,384,25,26,383
325,24,385,386,23
326,21,351,388,20
327,20,388,389,19
328,456,528,388,351
329,390,18,19,389
330,17,391,392,16
331,450,467,170,171
332,14,350,394,13
333,350,1893,455,394
334,395,12,13,394
335,11,396,397,10
336,2,449,448,108
337,110,453,451,109
338,1883,550,644,453
339,1744,114,115,1828
340,131,132,1763,1762
341,1831,156,157,1803
342,154,1750,1794,153
343,147,1792,346,146
344,1755,142,143,345
345,171,1,9,450
346,1222,168,169,452
347,393,15,16,392
348,351,21,22,387
349,432,352,518,494
350,352,71,72,431
351,490,524,353,437
352,353,59,60,437
353,377,354,457,534
354,354,33,34,376
355,424,81,82,423
356,428,76,77,427
357,578,558,494,518
358,357,430,517,495
359,519,496,433,358
360,559,575,520,496
361,580,579,529,524
362,65,360,435,64
363,362,436,523,498
364,439,363,477,468
365,530,478,365,440
366,441,365,478,469
367,53,365,441,52
368,479,470,443,367
369,51,366,442,50
370,49,367,443,48
371,429,368,541,531
372,47,368,429,46
373,444,369,480,471
374,445,370,544,532
375,43,370,445,42
376,583,616,472,481
377,41,371,446,40
378,616,626,545,472
379,374,373,458,533
380,533,459,375,374
381,534,460,378,377
382,460,535,379,378
383,535,460,561,555
384,538,463,386,385
385,536,462,384,383
386,385,24,25,384
387,387,386,463,537
388,385,384,462,538
389,528,456,638,639
390,528,639,1908,1896
391,391,17,18,390
392,466,455,640,467
393,390,464,1897,391
394,1909,734,645,641
395,394,455,466,395
396,12,395,396,11
397,397,466,467,450
398,422,398,473,539
399,398,84,85,421
400,93,415,416,92
401,419,88,89,418
402,499,512,420,401
403,99,405,406,98
404,413,102,103,412
405,407,406,501,483
406,100,404,405,99
407,500,484,405,404
408,484,500,620,618
409,1895,502,409,408
410,105,410,411,104
411,410,409,502,503
412,411,410,503,504
413,504,505,412,411
414,414,402,491,485
415,399,414,485,507
416,415,399,507,508
417,416,415,508,509
418,417,400,486,510
419,418,417,510,511
420,419,418,511,487
421,487,499,401,419
422,571,572,539,473
423,474,513,424,423
424,423,422,539,474
425,514,513,556,562
426,426,425,475,540
427,428,427,476,515
428,427,426,540,476
429,470,541,368,443
430,356,428,515,516
431,488,518,352,431
432,494,519,358,432
433,496,520,359,433
434,360,434,497,521
435,436,361,522,523
436,493,522,361,435
437,363,438,529,477
438,468,542,364,439
439,469,543,366,441
440,367,442,527,479
441,369,429,531,480
442,471,544,370,444
443,371,445,532,481
444,372,446,472,545
445,449,451,548,547
446,448,492,1895,408
447,453,110,111,1883
448,547,548,551,552
449,641,645,1889,640
450,169,170,467,452
451,1884,1883,111,112
452,549,548,451,453
453,382,381,526,454
454,462,536,631,635
455,392,465,1894,393
456,392,391,1897,465
457,351,387,537,456
458,354,376,525,457
459,825,824,737,745
460,373,447,546,458
461,615,560,457,525
462,459,533,623,624
463,647,648,636,555
464,555,636,461,535
465,535,461,380,379
466,536,454,634,631
467,463,538,632,633
468,390,389,1896,464
469,641,640,455,1893
470,641,1893,1894,1909
471,466,397,396,395
472,478,530,576,553
473,606,601,531,541
474,481,472,446,371
475,398,421,489,473
476,425,355,514,475
477,686,685,602,604
478,477,529,579,554
479,530,542,581,576
480,617,614,527,543
481,586,585,544,471
482,481,532,584,583
483,403,413,506,482
484,618,619,501,484
485,627,630,650,649
486,406,405,484,501
487,613,621,482,506
488,508,507,563,568
489,400,416,509,486
490,571,605,655,670
491,437,362,498,490
492,789,700,702,816
493,483,501,619,629
494,558,577,519,494
495,570,591,515,476
496,516,515,591,604
497,521,497,590,599
498,497,520,575,590
499,520,497,434,359
500,687,708,598,597
501,487,511,595,607
502,1895,492,1905,564
503,551,643,733,678
504,504,503,565,566
505,413,412,505,506
506,505,504,566,567
507,506,505,567,613
508,485,491,630,627
509,509,508,568,587
510,486,509,587,593
511,510,486,593,594
512,511,510,594,595
513,499,487,607,611
514,355,424,513,514
515,474,539,572,569
516,516,517,430,356
517,488,495,603,592
518,518,488,592,578
519,577,559,496,519
520,599,590,660,684
521,589,580,524,490
522,560,557,534,457
523,543,469,610,617
524,608,606,541,470
525,389,388,528,1896
526,628,638,456,537
527,542,530,440,364
528,661,653,553,576
529,588,586,471,480
530,532,544,585,584
531,458,546,622,625
532,460,534,557,561
533,537,463,633,628
534,635,632,538,462
535,569,556,513,474
536,475,514,562,573
537,681,762,755,658
538,601,588,480,531
539,554,582,468,477
540,553,610,469,478
541,545,546,447,372
542,616,583,651,652
543,548,549,643,551
544,549,453,644,732
545,643,549,732,821
546,1884,1350,550,1883
547,735,1222,452,1889
548,552,551,678,1914
549,1920,1906,564,1914
550,564,1906,502,1895
551,609,614,722,714
552,576,581,667,661
553,648,730,637,636
554,665,663,562,556
555,669,692,557,560
556,861,854,766,768
557,672,675,577,558
558,525,459,624,615
559,560,615,725,669
560,658,657,591,570
561,507,485,627,563
562,649,690,563,627
563,1906,565,503,502
564,566,565,682,683
565,567,566,683,723
566,568,563,690,706
567,473,489,605,571
568,662,666,569,572
569,476,540,574,570
570,602,603,495,517
571,489,512,612,605
572,670,662,572,571
573,540,475,573,574
574,573,562,663,668
575,590,575,659,660
576,578,592,715,674
577,490,498,598,589
578,579,580,676,673
579,498,523,597,598
580,673,664,554,579
581,582,581,542,468
582,671,667,581,582
583,582,554,664,671
584,741,651,698,782
585,584,585,697,698
586,651,741,740,652
587,586,588,703,704
588,705,753,752,679
589,759,704,703,765
590,596,600,522,493
591,597,600,689,687
592,600,597,523,522
593,599,596,493,521
594,604,602,517,516
595,570,574,681,658
596,685,716,603,602
597,594,593,679,680
598,612,611,691,656
599,512,499,611,612
600,688,761,778,689
601,684,688,596,599
602,470,479,609,608
603,713,717,606,608
604,604,591,657,686
605,674,672,558,578
606,479,527,614,609
607,601,606,717,718
608,595,594,680,719
609,608,609,714,713
610,617,610,654,721
611,610,553,653,654
612,749,655,656,754
613,656,655,605,612
614,500,482,621,620
615,748,653,661,771
616,693,726,624,623
617,626,616,652,699
618,626,622,546,545
619,746,650,727,810
620,630,629,727,650
621,620,621,702,700
622,723,724,613,567
623,621,613,724,702
624,625,623,533,458
625,615,624,726,725
626,625,622,695,694
627,701,728,619,618
628,709,729,633,632
629,491,483,629,630
630,736,648,647,737
631,635,631,710,712
632,1935,815,1921,729
633,454,526,637,634
634,631,634,711,710
635,526,461,636,637
636,639,638,646,1922
637,731,734,1909,1917
638,1908,642,464,1896
639,452,467,640,1889
640,1932,820,1934,818
641,1889,645,822,735
642,1919,1897,464,642
643,1932,1923,1922,820
644,644,241,985,732
645,822,645,734,903
646,638,628,1921,646
647,731,818,903,734
648,555,561,696,647
649,730,739,747,711
650,711,747,794,710
651,753,705,706,788
652,700,701,618,620
653,810,727,728,763
654,583,584,698,651
655,750,699,652,740
656,694,693,623,625
657,622,626,699,695
658,834,841,743,748
659,614,617,721,722
660,751,670,655,749
661,611,607,720,691
662,754,656,691,797
663,755,762,849,848
664,658,755,758,657
665,575,559,677,659
666,766,659,677,768
667,757,684,660,760
668,771,661,667,770
669,1099,1107,1023,1020
670,762,681,668,774
671,837,834,748,771
672,666,665,556,569
673,775,666,662,776
674,666,775,769,665
675,653,748,743,654
676,774,668,663,773
677,574,573,668,681
678,745,696,692,744
679,783,664,673,784
680,580,589,707,676
681,671,772,770,667
682,592,603,716,715
683,791,674,715,801
684,659,766,760,660
685,559,577,675,677
686,664,783,772,671
687,733,819,1914,678
688,593,587,705,679
689,679,752,780,680
690,719,720,607,595
691,682,1966,802,683
692,1920,682,565,1906
693,851,852,757,760
694,761,688,684,757
695,657,758,764,686
696,708,707,589,598
697,600,596,688,689
698,649,738,742,690
699,797,691,720,807
700,561,557,692,696
701,781,693,694,812
702,699,750,811,695
703,585,586,704,697
704,782,698,697,786
705,828,836,740,741
706,746,810,846,830
707,763,728,701,787
708,823,808,802,1966
709,588,601,718,703
710,831,828,741,782
711,706,705,587,568
712,800,707,708,798
713,689,778,779,687
714,798,708,687,779
715,632,635,712,709
716,1935,729,709,792
717,824,826,736,737
718,709,712,793,792
719,730,711,634,637
720,739,730,648,736
721,717,796,799,718
722,722,803,809,714
723,801,715,716,795
724,686,764,777,685
725,795,716,685,777
726,680,780,804,719
727,654,743,756,721
728,721,756,803,722
729,802,808,723,683
730,700,789,787,701
731,726,806,814,725
732,693,781,806,726
733,728,727,629,619
734,650,746,738,649
735,729,1921,628,633
736,731,642,1908,1923
737,904,821,732,985
738,733,643,821,1918
739,819,823,1966,1936
740,905,735,822,983
741,1147,1222,735,905
742,737,647,696,745
743,826,824,906,911
744,744,692,669,813
745,742,738,827,833
746,739,736,826,829
747,910,912,828,831
748,704,759,786,697
749,847,844,753,788
750,690,742,788,706
751,914,916,834,837
752,813,669,725,814
753,745,744,832,825
754,830,827,738,746
755,835,874,763,787
756,754,797,866,842
757,751,749,839,843
758,695,811,812,694
759,860,859,775,776
760,670,751,776,662
761,788,742,833,847
762,807,720,719,804
763,842,866,936,923
764,930,934,848,849
765,852,851,935,941
766,848,855,758,755
767,765,703,718,799
768,782,786,865,831
769,768,677,675,767
770,760,766,854,851
771,761,757,852,857
772,665,769,773,663
773,762,774,858,849
774,1072,988,1000,1094
775,764,758,855,863
776,796,717,713,805
777,765,799,878,850
778,767,675,672,785
779,785,672,674,791
780,771,770,869,837
781,784,673,676,790
782,776,751,843,860
783,844,856,752,753
784,806,781,888,899
785,790,676,707,800
786,870,869,770,772
787,872,870,772,783
788,864,861,768,767
789,928,917,865,853
790,816,702,724,817
791,908,907,827,830
792,789,816,898,838
793,875,872,783,784
794,873,864,767,785
795,1953,1935,792,883
796,712,710,794,793
797,793,794,862,1941
798,1969,862,794,747
799,795,777,876,885
800,805,713,714,809
801,842,839,749,754
802,857,871,778,761
803,798,779,879,884
804,799,796,891,878
805,1920,1936,1966,682
806,901,898,816,817
807,756,743,841,877
808,780,752,856,889
809,804,780,889,894
810,893,896,809,803
811,723,808,817,724
812,750,740,836,887
813,812,811,897,892
814,1920,1914,819,1936
815,814,806,899,900
816,845,832,744,813
817,818,1934,980,903
818,815,1935,1953,1933
819,838,835,787,789
820,808,823,840,817
821,1932,818,731,1923
822,819,733,1918,981
823,1933,646,1921,815
824,1952,820,1933,1953
825,898,901,979,913
826,1982,825,832,1981
827,747,739,829,1969
828,833,827,907,919
829,994,910,917,1002
830,911,1969,829,826
831,830,846,920,908
832,850,853,759,765
833,831,865,917,910
834,813,814,900,845
835,832,845,915,1981
836,847,833,919,925
837,999,914,924,1011
838,1007,920,931,1004
839,836,828,912,937
840,811,750,887,897
841,837,869,924,914
842,838,898,913,909
843,843,839,921,926
844,817,840,965,901
845,981,982,823,819
846,841,834,916,929
847,803,756,877,893
848,797,807,890,866
849,1003,921,923,1009
850,860,843,926,939
851,844,847,925,927
852,874,846,810,763
853,1017,930,938,1022
854,774,773,867,858
855,849,858,938,930
856,932,935,851,854
857,935,1016,1018,941
858,786,759,853,865
859,854,861,940,932
860,855,848,934,943
861,777,764,863,876
862,807,804,894,890
863,857,852,941,948
864,779,778,871,879
865,859,868,769,775
866,858,867,942,938
867,861,864,947,940
868,1979,862,1969,911
869,801,795,885,886
870,785,791,881,873
871,923,921,839,842
872,868,867,773,769
873,859,860,939,946
874,869,870,950,924
875,800,798,884,882
876,784,790,880,875
877,791,801,886,881
878,922,909,988,991
879,790,800,882,880
880,875,880,959,952
881,796,805,895,891
882,933,928,853,850
883,952,949,872,875
884,954,947,864,873
885,957,962,884,879
886,883,792,793,1941
887,879,871,953,957
888,876,863,951,955
889,885,876,955,964
890,892,888,781,812
891,973,974,892,897
892,856,844,927,958
893,805,809,896,895
894,945,933,850,878
895,889,856,958,970
896,894,889,970,969
897,971,976,896,893
898,893,877,966,971
899,897,887,972,973
900,968,915,845,900
901,1981,915,998,989
902,913,1000,988,909
903,903,980,983,822
904,1061,821,904,1144
905,1918,821,1061,981
906,1934,902,1062,980
907,904,985,1066,1913
908,1147,905,1068,1223
909,911,906,1982,986
910,824,825,1982,906
911,997,986,1142,1143
912,989,986,1982,1981
913,907,987,993,919
914,909,922,835,838
915,987,907,908,992
916,1075,990,994,1073
917,912,990,996,937
918,887,836,937,972
919,1000,913,979,1053
920,1080,1081,995,999
921,900,899,978,968
922,916,995,1001,929
923,877,841,929,966
924,1002,917,928,1010
925,918,1979,997,1060
926,1941,918,1060,1063
927,846,874,931,920
928,921,1003,1006,926
929,874,835,922,931
930,866,890,961,936
931,1032,936,961,1047
932,870,872,949,950
933,1011,924,950,1027
934,925,1005,1008,927
935,910,994,990,912
936,1095,1101,1014,1017
937,1019,932,940,1024
938,878,891,967,945
939,934,1014,1021,943
940,863,855,943,951
941,1097,1104,1018,1016
942,890,894,969,961
943,1009,1032,1103,1085
944,867,868,944,942
945,1022,938,942,1025
946,930,1017,1014,934
947,932,1019,1016,935
948,871,857,948,953
949,946,944,868,859
950,1020,946,939,1013
951,891,895,975,967
952,1037,945,967,1052
953,1013,939,926,1006
954,873,881,956,954
955,941,1018,1026,948
956,914,999,995,916
957,886,885,964,960
958,880,882,963,959
959,1036,952,959,1044
960,948,1026,1030,953
961,881,886,960,956
962,1038,954,956,1041
963,943,1021,1028,951
964,947,1033,1024,940
965,962,963,882,884
966,949,1029,1027,950
967,954,1038,1033,947
968,1035,957,953,1030
969,1039,962,957,1035
970,952,1036,1029,949
971,1034,955,951,1028
972,1040,964,955,1034
973,823,982,965,840
974,1053,979,901,965
975,895,896,976,975
976,933,1012,1010,928
977,974,977,888,892
978,1054,968,978,1058
979,970,1046,1049,969
980,1015,958,927,1008
981,1046,970,958,1015
982,929,1001,1031,966
983,937,996,1045,972
984,1050,973,972,1045
985,1056,974,973,1050
986,899,888,977,978
987,945,1037,1012,933
988,1048,971,966,1031
989,971,1048,1051,976
990,1054,998,915,968
991,902,883,984,1062
992,1063,984,883,1941
993,1140,1065,1061,1144
994,1053,965,1059,1138
995,1068,905,983,1064
996,1064,983,980,1062
997,241,1912,1066,985
998,1219,1142,1074,248
999,1070,1071,987,992
1000,992,908,920,1007
1001,1069,991,988,1072
1002,989,1074,1142,986
1003,1073,1079,1154,1152
1004,922,991,1004,931
1005,1004,991,1076,1087
1006,1071,1078,993,987
1007,919,993,1005,925
1008,994,1002,1079,1073
1009,1161,1080,1083,1168
1010,996,990,1075,1088
1011,1064,1217,1146,1068
1012,978,977,1057,1058
1013,998,1054,1136,1091
1014,999,1011,1083,1080
1015,1094,1000,1053,1138
1016,1001,995,1081,1093
1017,1006,1003,1082,1092
1018,1009,923,936,1032
1019,1076,991,1069,1150
1020,1078,1084,1005,993
1021,1084,1090,1008,1005
1022,1047,961,969,1049
1023,1164,1082,1085,1169
1024,1086,1079,1002,1010
1025,1052,967,975,1055
1026,1089,1086,1010,1012
1027,1013,1006,1092,1096
1028,1095,1173,1176,1101
1029,1016,1019,1098,1097
1030,1017,1022,1102,1095
1031,1097,1174,1177,1104
1032,1106,1102,1022,1025
1033,946,1020,1023,944
1034,1021,1014,1101,1109
1035,1025,942,944,1023
1036,1096,1099,1020,1013
1037,1105,1098,1019,1024
1038,1026,1018,1104,1112
1039,1100,1083,1011,1027
1040,1044,959,963,1043
1041,1110,1100,1027,1029
1042,1085,1082,1003,1009
1043,1041,956,960,1042
1044,1113,1105,1024,1033
1045,1042,960,964,1040
1046,1043,963,962,1039
1047,1116,1110,1029,1036
1048,976,1051,1055,975
1049,1108,1089,1012,1037
1050,1038,1041,1125,1119
1051,1035,1030,1115,1118
1052,1039,1035,1118,1121
1053,1109,1114,1028,1021
1054,1119,1113,1033,1038
1055,1040,1034,1117,1120
1056,1042,1040,1120,1122
1057,1043,1039,1121,1126
1058,1090,1111,1015,1008
1059,1093,1127,1031,1001
1060,1046,1015,1111,1129
1061,1049,1046,1129,1128
1062,977,974,1056,1057
1063,1052,1055,1135,1132
1064,1059,965,982,1065
1065,998,1091,1074,989
1066,1051,1048,1131,1133
1067,1055,1051,1133,1135
1068,1088,1130,1045,996
1069,1056,1050,1134,1212
1070,1137,1058,1057,1214
1071,981,1061,1065,982
1072,1217,984,1063,1141
1073,1065,1140,1145,1059
1074,1060,1139,1141,1063
1075,1217,1064,1062,984
1076,1912,1149,1392,1148
1077,1348,1389,1289,1148
1078,1067,1144,904,1913
1079,1223,1068,1146,1290
1080,1072,1155,1150,1069
1081,1159,1077,1087,1076
1082,1071,1070,1151,1226
1083,992,1007,1077,1070
1084,1226,1153,1078,1071
1085,1155,1072,1094,1287
1086,1152,1154,1230,1227
1087,1156,248,1074,1091
1088,2012,1073,1152,1157
1089,1087,1077,1007,1004
1090,1078,1153,1162,1084
1091,1158,1161,1231,1233
1092,1158,1081,1080,1161
1093,1082,1164,1166,1092
1094,1162,1165,1090,1084
1095,1032,1047,1123,1103
1096,1169,1085,1103,1187
1097,1167,1154,1079,1086
1098,1190,2012,1157,1209
1099,1050,1045,1130,1134
1100,1165,1171,1111,1090
1101,1054,1058,1137,1136
1102,1091,1136,1206,1156
1103,1163,1093,1081,1158
1104,1048,1031,1127,1131
1105,1287,1094,1138,1218
1106,1176,1173,1244,1249
1107,1096,1170,1175,1099
1108,1174,1178,1247,1246
1109,1178,1098,1105,1185
1110,1102,1180,1173,1095
1111,1180,1102,1106,1183
1112,1047,1049,1128,1123
1113,1187,1103,1123,1204
1114,1030,1026,1112,1115
1115,1098,1178,1174,1097
1116,1107,1106,1025,1023
1117,1107,1179,1183,1106
1118,1099,1175,1179,1107
1119,1037,1052,1132,1108
1120,1172,1167,1086,1089
1121,1101,1176,1182,1109
1122,1034,1028,1114,1117
1123,1100,1181,1168,1083
1124,1104,1177,1184,1112
1125,1109,1182,1188,1114
1126,1112,1184,1191,1115
1127,1036,1044,1124,1116
1128,1110,1189,1181,1100
1129,1041,1042,1122,1125
1130,1193,1118,1115,1191
1131,1113,1194,1185,1105
1132,1192,1117,1114,1188
1133,1195,1120,1117,1192
1134,1126,1124,1044,1043
1135,1199,1122,1120,1195
1136,1202,1124,1126,1200
1137,1122,1199,1201,1125
1138,1196,1121,1118,1193
1139,1200,1126,1121,1196
1140,1093,1163,1186,1127
1141,1205,1128,1129,1197
1142,1111,1171,1197,1129
1143,1088,2012,1190,1130
1144,1132,1135,1211,1210
1145,1207,1131,1127,1186
1146,1131,1207,1208,1133
1147,1214,1057,1056,1212
1148,1277,1172,1089,1108
1149,1997,1137,1214,1213
1150,1130,1190,1209,1134
1151,1212,1134,1209,1280
1152,242,1145,1140,1220
1153,1060,997,1143,1139
1154,1141,1139,1215,1288
1155,1218,1145,242,1284
1156,1139,1143,1216,1215
1157,1138,1059,1145,1218
1158,1291,1222,1147,1901
1159,263,1901,1731,1575
1160,1221,1283,1220,1067
1161,1293,1149,1912,241
1162,1348,1148,1392,1431
1163,1980,1341,1155,1287
1164,1151,1070,1077,1160
1165,1159,1076,1150,1224
1166,1229,1160,1232,1297
1167,1157,1152,1227,1236
1168,1153,1226,1225,1228
1169,1961,1347,1950,1346
1170,1163,1158,1233,1241
1171,1160,1077,1159,1232
1172,1161,1168,1235,1231
1173,1228,1234,1162,1153
1174,2039,1305,1356,1354
1175,1166,1164,1237,1240
1176,1234,1239,1165,1162
1177,1092,1166,1170,1096
1178,1370,1230,1154,1167
1179,1204,1123,1128,1205
1180,1187,1204,1265,1250
1181,1240,1242,1170,1166
1182,1277,1108,1132,1210
1183,247,1167,1172,1277
1184,1173,1180,1245,1244
1185,1184,1177,1254,1258
1186,1242,1248,1175,1170
1187,1182,1176,1249,1257
1188,1177,1174,1246,1254
1189,1251,1245,1180,1183
1190,1189,1110,1116,1198
1191,1243,1235,1168,1181
1192,1248,1252,1179,1175
1193,1194,1113,1119,1203
1194,1255,1247,1178,1185
1195,1326,1250,1265,1275
1196,1198,1116,1124,1202
1197,1189,1198,1261,1256
1198,1257,1260,1188,1182
1199,1258,1262,1191,1184
1200,1203,1119,1125,1201
1201,1259,1255,1185,1194
1202,1260,1263,1192,1188
1203,1239,1253,1171,1165
1204,1199,1195,1266,1268
1205,1262,1264,1193,1191
1206,1196,1193,1264,1267
1207,1268,1272,1201,1199
1208,1267,1271,1200,1196
1209,1270,1259,1194,1203
1210,1197,1171,1253,1273
1211,1205,1197,1273,1275
1212,1133,1208,1211,1135
1213,1156,1206,1286,1986
1214,1241,1274,1186,1163
1215,1209,1157,1236,1280
1216,1274,1276,1207,1186
1217,1211,1208,1278,1279
1218,1206,1997,1213,1286
1219,1214,1212,1281,1213
1220,1288,1215,1344,1940
1221,1219,1216,1143,1142
1222,248,1338,1285,1219
1223,1951,242,1220,1283
1224,1221,1926,1289,1937
1225,1221,1937,1347,1283
1226,168,1222,1291,167
1227,1223,1290,1349,1731
1228,1350,1149,1293,550
1229,1405,1993,1409,1445
1230,1225,1294,1295,1228
1231,1151,1160,1229,1226
1232,1296,1227,1230,1370
1233,1343,1345,1236,1227
1234,1234,1228,1295,243
1235,1224,1342,1232,1159
1236,1298,1353,1420,1300
1237,1229,1297,1385,1294
1238,1331,1279,1278,1329
1239,1239,1234,243,1304
1240,1337,1235,1243,2033
1241,1240,1302,1303,1242
1242,1237,1301,1302,1240
1243,1356,1305,1314,2028
1244,1242,1303,1306,1248
1245,1256,1243,1181,1189
1246,2033,1243,1256,246
1247,1334,1245,1251,1376
1248,1308,1246,1247,1335
1249,1335,1247,1255,2034
1250,1251,1252,244,1376
1251,1320,1266,1263,1318
1252,1204,1205,1275,1265
1253,1252,1251,1183,1179
1254,244,1252,1248,1306
1255,1321,1267,1264,1319
1256,2034,1255,1259,245
1257,1249,1309,1311,1257
1258,1257,1311,1316,1260
1259,1195,1192,1263,1266
1260,246,1256,1261,1336
1261,1198,1202,1269,1261
1262,1254,1310,1313,1258
1263,1258,1313,1317,1262
1264,1260,1316,1318,1263
1265,1262,1317,1319,1264
1266,1273,1253,1315,1327
1267,1271,1269,1202,1200
1268,1272,1270,1203,1201
1269,1269,1324,1336,1261
1270,245,1259,1270,1340
1271,1323,1271,1267,1321
1272,1322,1268,1266,1320
1273,1272,1325,1340,1270
1274,1253,1239,1304,1315
1275,1241,1300,1312,1274
1276,1208,1207,1276,1278
1277,2041,1417,1314,2040
1278,1210,1211,1279,2025
1279,1274,1312,1328,1276
1280,1276,1328,1329,1278
1281,1286,1213,1281,1333
1282,1333,1281,1332,1387
1283,1338,1339,1282,1285
1284,1339,1963,1344,1282
1285,1388,1967,1430,1384
1286,1338,1986,1380,1339
1287,1285,1282,1216,1219
1288,1286,1333,1380,1986
1289,1287,1218,1284,1980
1290,1290,1146,1288,1940
1291,1347,1937,1391,1950
1292,1940,1394,1349,1290
1293,1395,1292,1351,1898
1294,1292,255,1392,1149
1295,1371,1295,1294,1385
1296,1371,1993,1424,1375
1297,2014,1406,1296,1370
1298,1345,1343,1386,1383
1299,1341,1384,1342,1224
1300,1342,1381,1297,1232
1301,1299,1231,1235,1337
1302,1355,1300,1420,2032
1303,1419,1299,1337,1378
1304,1354,2043,1301,2038
1305,1301,1237,1238,2038
1306,2044,2043,1421,1374
1307,1302,1301,2043,2044
1308,1295,1371,1375,243
1309,1250,2040,2039,1238
1310,1326,2041,2040,1250
1311,1415,1382,1451,2056
1312,1357,1310,1308,1418
1313,1309,2056,1358,1311
1314,1312,1300,1355,1368
1315,1313,1310,1357,1359
1316,1275,1273,1327,1326
1317,1360,1316,1311,1358
1318,1359,1361,1317,1313
1319,1360,1363,1318,1316
1320,1268,1322,1325,1272
1321,1361,1364,1319,1317
1322,1271,1323,1324,1269
1323,1363,1365,1320,1318
1324,1364,2054,1321,1319
1325,1366,1336,1324,1323
1326,1365,1367,1322,1320
1327,2040,1314,1305,2039
1328,1326,1327,1417,2041
1329,1327,1315,1362,1417
1330,1368,1329,1328,1312
1331,1279,1331,1330,2025
1332,2014,1330,1426,1406
1333,1369,1331,1329,1368
1334,1383,1387,1332,1345
1335,1280,1236,1345,1332
1336,1986,1338,248,1156
1337,1376,244,1382,1415
1338,2051,1410,245,1340
1339,1372,246,1336,1366
1340,2049,1372,1423,1378
1341,2049,1378,1337,2033
1342,1339,1380,1390,1963
1343,1344,1963,1394,1940
1344,1325,1373,2051,1340
1345,1284,1962,1388,1980
1346,1370,1167,247,2014
1347,1445,1409,1381,1430
1348,1386,1343,1379,1411
1349,1962,1951,1961,1346
1350,1939,1429,1391,1389
1351,1389,1391,1937,1289
1352,1148,1916,1066,1912
1353,1393,1348,1431,1434
1354,1349,1394,1432,1433
1355,1349,1433,1575,1731
1356,240,1351,1350,1884
1357,1351,240,1730,1898
1358,1740,1352,278,1775
1359,2032,1455,1488,1425
1360,1353,1298,1299,1419
1361,1382,1408,1404,1451
1362,1307,1415,2056,1309
1363,1456,1452,1402,2053
1364,1418,1308,1335,2050
1365,1361,1460,1457,1364
1366,1421,2043,1422,1454
1367,1401,1358,1398,1458
1368,1359,1400,2057,1361
1369,1315,1304,1416,1362
1370,1362,1416,1440,2028
1371,1401,1456,2053,2058
1372,1366,1323,1321,2054
1373,1402,1365,1363,2053
1374,1322,1367,1373,1325
1375,1399,1373,1367,2048
1376,2042,1427,1368,1355
1377,1330,1331,1369,1426
1378,1406,1428,1379,1296
1379,1375,1424,1464,1416
1380,1423,1372,1397,1441
1381,1410,1399,1450,1377
1382,2050,1377,1438,1418
1383,1451,1404,1436,2045
1384,1306,1303,1374,1408
1385,1375,1416,1304,243
1386,1376,1415,1307,1334
1387,1382,244,1306,1408
1388,2034,1377,2050,1335
1389,1413,1412,1383,1386
1390,1343,1227,1296,1379
1391,1407,1390,1380,1333
1392,1384,1430,1381,1342
1393,1409,1385,1297,1381
1394,1388,1384,1341,1980
1395,1413,1386,1411,1447
1396,1432,1390,1407,1466
1397,1407,1333,1387,1466
1398,247,2025,1330,2014
1399,1950,1414,1967,1346
1400,1389,1348,1393,1939
1401,1437,1405,1445,1496
1402,1432,1394,1963,1390
1403,1939,1393,256,1964
1404,1435,254,1638,269
1405,255,1292,1395,1500
1406,1768,113,114,1744
1407,1397,2054,1403,1453
1408,1439,1378,1423,1484
1409,1482,1452,1456,1487
1410,1418,1438,1462,1400
1411,1357,1418,1400,1359
1412,1479,1453,1483,1507
1413,1474,1398,1451,2045
1414,2052,1472,2048,1367
1415,1403,2054,1364,1457
1416,1441,1397,1453,1479
1417,2052,1367,1365,1402
1418,1372,1366,2054,1397
1419,2030,1443,1440,2024
1420,1993,1371,1385,1409
1421,1442,1463,1426,1369
1422,1412,1486,1387,1383
1423,1374,1421,1449,1408
1424,1445,1430,1461,1496
1425,1429,1414,1950,1391
1426,245,1410,1377,2034
1427,1465,1492,1447,1411
1428,1465,1411,1379,1428
1429,1967,1414,1461,1430
1430,1408,1449,1436,1404
1431,2028,1314,1417,1362
1432,1419,1378,1439,1353
1433,1478,1508,1455,1444
1434,1356,1422,2043,1354
1435,1443,1356,2028,1440
1436,1449,1421,1454,1480
1437,1423,1441,1516,1484
1438,1405,1437,2007,1446
1439,1446,1424,1993,1405
1440,1427,1442,1369,1368
1441,1427,2042,1425,1459
1442,1465,1428,1463,1495
1443,1406,1426,1463,1428
1444,1964,1468,1978,1497
1445,1992,1437,1496,1524
1446,1434,1431,1467,1499
1447,1433,1432,1519,1543
1448,256,1393,1434,1469
1449,269,1925,1639,1435
1450,2035,1490,2045,1436
1451,1446,2007,1491,2013
1452,1438,1377,1450,1481
1453,1400,1462,1475,2057
1454,1353,1439,1444,1420
1455,2024,1464,2013,1485
1456,1495,1463,1442,1470
1457,1505,1476,1512,1537
1458,1356,1443,2030,1422
1459,1420,1444,1455,2032
1460,2007,1437,1992,1471
1461,1549,1485,2013,1491
1462,1447,1477,1448,1413
1463,1412,1413,1448,1486
1464,2052,1402,1452,1472
1465,2048,1517,1450,1399
1466,1456,1401,1458,1487
1467,2056,1451,1398,1358
1468,1482,2047,1472,1452
1469,1453,1403,1457,1483
1470,1454,1422,1476,1505
1471,1459,1425,1488,1502
1472,1474,1503,1458,1398
1473,1427,1459,1470,1442
1474,1460,1475,1506,1489
1475,1461,1414,1429,1497
1476,1461,1497,1524,1496
1477,1462,1438,1481,1501
1478,1416,1464,2024,1440
1479,1424,1446,2013,1464
1480,1477,1447,1492,1515
1481,1486,1494,1466,1387
1482,1467,255,1500,1526
1483,1526,1552,1499,1467
1484,1498,256,1469,1984
1485,1988,1978,1523,1540
1486,1495,1470,1520,1513
1487,2035,1436,1449,1480
1488,2045,1490,2055,1474
1489,1489,1483,1457,1460
1490,1475,1460,1361,2057
1491,1493,2030,2024,1485
1492,1537,1512,1529,1557
1493,1522,1494,1486,1448
1494,1444,1439,1484,1478
1495,1488,1455,1508,1531
1496,1518,1484,1516,1546
1497,2029,1532,1504,1473
1498,2035,1480,2029,1473
1499,1481,1450,1517,1528
1500,1509,1482,1487,1533
1501,1472,2047,1517,2048
1502,1489,1506,1535,1510
1503,1516,1441,1479,1530
1504,1522,1448,1477,1550
1505,1503,1533,1487,1458
1506,1488,1531,1534,1502
1507,1501,1506,1475,1462
1508,1590,1507,1510,1562
1509,1504,1514,2046,1473
1510,1490,2046,1544,2055
1511,1511,1491,2007,1471
1512,1549,1491,1511,2003
1513,1465,1495,1513,1492
1514,1515,1492,1513,1547
1515,262,1519,1494,1522
1516,1466,1494,1519,1432
1517,1502,1520,1470,1459
1518,257,1548,1545,2006
1519,1964,1497,1429,1939
1520,1468,1521,1523,1978
1521,256,1498,1468,1964
1522,1525,1499,1552,271
1523,1526,1500,1639,270
1524,1593,1543,1573,1615
1525,1902,278,1352,263
1526,1528,1541,1501,1481
1527,1537,1532,2029,1505
1528,1493,1485,1512,1476
1529,1555,1509,1533,1589
1530,1504,1542,1558,1514
1531,1480,1454,1505,2029
1532,1549,1529,1512,1485
1533,1510,1507,1483,1489
1534,1478,1484,1518,1508
1535,1508,1518,1536,1531
1536,1538,1527,2047,1482
1537,1562,1510,1535,1565
1538,1471,1988,1540,1511
1539,1559,2003,1511,1540
1540,258,1558,1542,1563
1541,2046,1514,1585,1544
1542,1553,1568,1574,1597
1543,1530,1479,1507,1590
1544,1546,1516,1530,1561
1545,1482,1509,1555,1538
1546,1566,1538,1555,1579
1547,1543,1519,262,1573
1548,1534,1539,1520,1502
1549,1520,1539,1547,1513
1550,1498,1570,1521,1468
1551,1523,1521,1545,1548
1552,1477,1515,1968,1550
1553,1540,1523,1548,1559
1554,1525,1551,1984,1469
1555,1551,1525,1572,1591
1556,1526,270,1554,1552
1557,1564,1541,1528,1527
1558,2047,1527,1528,1517
1559,1541,1535,1506,1501
1560,1614,1529,1549,2003
1561,1560,1532,1537,1557
1562,1536,1518,1546,1567
1563,1556,1534,1531,1536
1564,1503,1544,1585,1533
1565,1592,1558,258,1605
1566,1539,1534,1556,1569
1567,1590,1562,1580,2026
1568,2026,1580,1608,1584
1569,1556,1536,1567,1583
1570,2004,1539,1569,1586
1571,1541,1564,1565,1535
1572,1563,1532,1560,1578
1573,1585,1514,1558,1592
1574,1503,1474,2055,1544
1575,1545,1521,1571,2006
1576,1559,1548,257,2009
1577,1546,1561,260,1567
1578,1515,1547,261,1968
1579,1524,1988,1471,1992
1580,1968,261,1609,1568
1581,1550,1968,1568,1553
1582,1586,1569,1594,1607
1583,2016,2015,1619,1577
1584,1577,1560,1557,2016
1585,1587,257,2006,2008
1586,2003,1559,2009,1614
1587,1532,1563,1542,1504
1588,1600,1602,1582,2031
1589,1612,1566,1579,1621
1590,1566,1581,1527,1538
1591,1583,1567,260,1603
1592,1568,1609,1588,1574
1593,1547,1539,2004,261
1594,1591,1595,1570,1551
1595,1521,1570,1595,1571
1596,2006,1571,1610,2008
1597,1595,1617,1610,1571
1598,1618,1554,1576,1598
1599,1591,1572,1613,272
1600,1573,262,1553,1597
1601,1597,1574,1616,1631
1602,1902,263,1575,1593
1603,1599,270,1639,1925
1604,1691,1973,286,1772
1605,1606,1578,1601,1624
1606,258,1563,1578,1606
1607,1592,1605,1611,1589
1608,1581,1566,1612,259
1609,1602,1608,1580,1582
1610,2031,1581,259,1600
1611,1564,1527,1581,2031
1612,2031,1582,1565,1564
1613,1604,1603,260,1584
1614,1584,260,1561,2026
1615,1589,1533,1585,1592
1616,1636,1629,1588,1609
1617,1594,1569,1556,1583
1618,2009,257,1587,2015
1619,1579,1555,1589,1611
1620,1561,1530,1590,2026
1621,1595,1591,272,1617
1622,277,1771,1634,1615
1623,1634,1902,1593,1615
1624,1607,1594,1625,1651
1625,1624,1601,1632,1645
1626,1665,1991,1987,1654
1627,1596,1637,1613,1572
1628,1631,1615,1573,1597
1629,1654,1618,287,1665
1630,1766,1599,1925,285
1631,1622,1600,259,1650
1632,1620,1626,1640,1998
1633,1605,258,1606,1628
1634,1620,2010,2011,1626
1635,1651,1625,1652,1678
1636,1604,1584,1608,2011
1637,1623,1608,1602,1627
1638,1628,2019,1648,1630
1639,1628,1606,1624,2019
1640,276,1629,1636,1649
1641,2027,2022,1623,1627
1642,1586,1607,1636,1609
1643,1614,2016,1557,1529
1644,1653,1631,1616,1664
1645,1617,272,1633,1646
1646,1624,1645,1643,2019
1647,1596,271,1618,1654
1648,1601,1577,1619,1632
1649,1607,1651,1649,1636
1650,1678,1652,2010,1620
1651,2036,1656,1671,2037
1652,1641,1658,1640,2022
1653,1603,1604,1652,1625
1654,1608,1623,1626,2011
1655,2022,2027,1642,1641
1656,1644,1662,1656,2036
1657,277,1615,1631,1653
1658,1664,1616,1629,276
1659,1632,1610,1617,1646
1660,1645,1632,1646,273
1661,1675,1661,1633,1635
1662,1692,1675,1635,2000
1663,1596,1654,1987,1637
1664,1727,1638,1804,268
1665,2010,1652,1604,2011
1666,1647,1642,2027,1627
1667,1641,1642,1659,1669
1668,1627,1622,1650,1647
1669,1630,1648,1644,1621
1670,1650,259,2037,1671
1671,273,2018,1643,1645
1672,1646,1633,1661,273
1673,1647,1650,1671,1660
1674,1662,1668,274,1656
1675,1667,1649,1990,1657
1676,1998,1990,1678,1620
1677,1653,1664,1673,1945
1678,240,1396,1655,1730
1679,1662,1644,1648,1663
1680,1667,1657,1679,1688
1681,275,1998,1640,1658
1682,1660,1659,1642,1647
1683,1669,1683,1682,1674
1684,274,1672,1659,1660
1685,2017,1676,2020,2023
1686,1663,1643,2018,1670
1687,1663,1648,2019,1643
1688,1670,1668,1662,1663
1689,1664,276,1686,1673
1690,1637,1987,288,2000
1691,1665,287,1680,1994
1692,1944,1666,1771,277
1693,292,1710,1666,1677
1694,276,1649,1667,1686
1695,1671,1656,274,1660
1696,1695,1685,1706,2002
1697,1684,1672,274,1668
1698,1769,1697,1965,1693
1699,275,1658,1674,1689
1700,1692,1698,289,1687
1701,1687,1676,1675,1692
1702,1685,1695,1696,2020
1703,1677,1666,1944,1945
1704,1975,1697,1688,1716
1705,1734,1690,302,1782
1706,1683,1681,1694,1682
1707,1700,1720,1682,1694
1708,1694,1681,1695,2002
1709,1668,1670,1696,1684
1710,2021,1703,1685,2020
1711,1685,1703,1713,1706
1712,1687,289,1703,2021
1713,1718,1679,1689,1720
1714,1718,1716,1688,1679
1715,1682,1720,1689,1674
1716,1690,1995,1994,1680
1717,288,1698,1692,2000
1718,1719,307,1735,1977
1719,1693,1705,1699,292
1720,2001,1702,1694,2002
1721,1696,1670,2023,2020
1722,1985,1996,1989,304
1723,1704,308,1758,1791
1724,290,1718,1720,1700
1725,1701,1999,1991,1995
1726,1709,1702,1712,1971
1727,1713,1703,289,1717
1728,1704,1791,293,1710
1729,1705,291,1735,1942
1730,307,1756,1942,1735
1731,1713,1711,2005,1706
1732,305,1724,1971,1712
1733,1701,1708,1989,1698
1734,290,1700,1709,1715
1735,1714,1711,1713,1717
1736,1712,1707,1983,305
1737,1996,289,1698,1989
1738,1985,1732,1714,1717
1739,1719,290,1715,1721
1740,1716,1719,1977,1975
1741,1719,1716,1718,290
1742,1996,1985,1717,289
1743,1722,306,1723,1767
1744,1767,1756,307,1722
1745,1723,306,1971,1724
1746,1915,1634,1771,1726
1747,1770,1727,1854,284
1748,269,1638,1727,1770
1749,1730,1728,254,1898
1750,1781,1729,336,1855
1751,1147,1223,1731,1901
1752,1974,1797,320,1733
1753,1983,1714,1732,1974
1754,305,1983,1974,1733
1755,1690,1734,303,1995
1756,1705,1693,1965,291
1757,1977,1735,291,1975
1758,324,1798,1736,1737
1759,1900,1777,1738,1741
1760,1741,1739,293,1791
1761,1803,1742,349,1831
1762,116,117,1886,1743
1763,1788,1744,1828,238
1764,1885,1829,236,1746
1765,1840,1747,235,1891
1766,236,1829,1747,1840
1767,1825,1809,1748,1789
1768,1787,1749,347,1877
1769,1776,1751,1831,349
1770,1783,1754,348,1876
1771,1772,286,1766,1832
1772,1772,301,1765,1691
1773,1780,1778,1757,1976
1774,1708,1757,304,1989
1775,1786,1785,323,1820
1776,1777,1900,1758,1786
1777,1931,1759,1785,308
1778,1942,1756,1759,1931
1779,129,130,1761,1887
1780,1763,339,1806,325
1781,1764,264,249,1799
1782,302,1972,1765,1960
1783,1774,321,1781,337
1784,1727,268,1818,1854
1785,1944,277,1653,1945
1786,1773,316,317,1960
1787,1960,317,1782,302
1788,337,1781,1855,1872
1789,1775,278,1915,1726
1790,1732,1819,1797,1974
1791,1959,1782,317,1958
1792,1783,1873,1880,1823
1793,252,237,1784,1860
1794,333,1824,1787,1867
1795,238,253,1904,1788
1796,331,1825,1789,1833
1797,1791,1758,1900,1741
1798,1797,1819,319,1817
1799,1865,1820,1844,338
1800,124,125,1799,1888
1801,294,1890,1800,1887
1802,1801,322,1815,1844
1803,1810,1888,1802,1745
1804,1818,1816,1850,267
1805,1843,1806,340,1903
1806,1807,265,1899,250
1807,1903,340,1811,326
1808,1812,1827,1927,344
1809,1816,1804,1834,1904
1810,253,1850,1816,1904
1811,320,1797,1817,335
1812,1818,267,1957,1854
1813,319,1819,1778,1830
1814,1844,1820,323,1801
1815,1946,300,1863,1869
1816,1869,1773,301,1946
1817,300,1821,1881,1863
1818,1822,1855,336,1876
1819,1824,332,346,1792
1820,300,1946,1832,1821
1821,1833,1847,1848,331
1822,329,1835,344,1927
1823,342,327,1910,1836
1824,265,280,1837,1899
1825,253,238,1839,1862
1826,280,1842,295,1851
1827,1842,279,1890,294
1828,1857,311,1838,1911
1829,1871,333,1845,1814
1830,1849,1845,333,1867
1831,1846,1849,1867,334
1832,1861,1846,334,1877
1833,316,1848,1958,317
1834,1958,1848,1847,1959
1835,1954,1873,336,1729
1836,1866,1862,252,266
1837,313,298,1875,1947
1838,312,1852,1947,1875
1839,314,1938,1853,1864
1840,1869,1856,316,1773
1841,315,330,1856,1869
1842,327,312,1857,1910
1843,296,311,1948,1859
1844,1841,1858,1924,251
1845,320,335,1954,1733
1846,1864,299,1878,314
1847,1776,1865,338,1779
1848,282,1874,266,1929
1849,1850,1866,1955,267
1850,1943,297,1949,1879
1851,281,1851,1868,1870
1852,282,1929,1870,1943
1853,1930,1872,1779,338
1854,335,1880,1873,1954
1855,1955,1874,1957,267
1856,298,1879,1949,1875
1857,298,313,1878,1956
1858,283,1879,298,1956
1859,118,1885,1886,117
1860,1891,235,250,1899
1861,1893,350,393,1894
1862,1909,1894,465,1917
1863,564,1905,552,1914
1864,1843,1903,326,1911
1865,1908,639,1922,1923
1866,1919,1917,465,1897
1867,1926,1916,1148,1289
1868,1926,1221,1067,1913
1869,642,731,1917,1919
1870,314,1928,329,1938
1871,1922,646,1933,820
1872,902,1934,820,1952
1873,918,1941,862,1979
1874,1284,242,1951,1962
1875,1283,1347,1961,1951
1876,1952,1953,883,902
1877,1962,1346,1967,1388
1878,1965,1697,1975,291
1879,1971,306,1715,1709
1880,1973,1972,1680,287
1881,1734,1780,1976,303
1882,1524,1497,1978,1988
1883,1649,1651,1678,1990
1884,275,1657,1990,1998
1885,288,1987,1991,1999
1886,997,1979,911,986
1887,1997,1206,1136,1137
1888,2005,2001,2002,1706
1889,2008,1619,2015,1587
1890,2012,1088,1075,1073
1891,1614,2009,2015,2016
1892,2018,2017,2023,1670
1893,273,1661,2017,2018
1894,2021,2020,1676,1687
1895,2022,1640,1626,1623
1896,2025,247,1277,1210
1897,2030,1493,1476,1422
1898,2032,1425,2042,1355
1899,2049,2033,246,1372
1900,1490,2035,1473,2046
1901,2036,2037,1621,1644
1902,2039,1354,2038,1238
1903,1612,1621,2037,259
1904,2044,1374,1303,1302
1905,1363,1360,2058,2053
1906,2058,1360,1358,1401
1907,2051,1373,1399,1410
1908,20,19,2178,2177
1909,19,18,2216,2178
1910,32,31,2206,2179
1911,2207,2180,2363,2281
1912,3063,2983,2904,2984
1913,2090,3313,3213,3214
1914,3537,3535,3496,3514
1915,3641,3603,3910,3616
1916,3665,3881,2125,3893
1917,3740,2143,3697,2142
1918,3788,3783,3795,3749
1919,3707,3677,2172,3779
1920,198,2172,3677,197
1921,3716,199,200,3678
1922,3748,3716,3678,3706
1923,3706,3810,3807,3803
1924,3750,3755,3863,2146
1925,3643,3664,2130,3637
1926,3590,3663,3904,3552
1927,3615,3898,2115,3675
1928,3607,2099,3635,3629
1929,3646,3644,3636,2083
1930,229,3712,3671,228
1931,3712,3656,3645,2068
1932,2743,3656,230,231
1933,3813,2565,231,232
1934,2991,2911,2829,2913
1935,3210,3150,2081,3212
1936,2098,3617,3598,3589
1937,3492,3471,2113,3516
1938,3879,2145,3869,3690
1939,3803,3751,3748,3706
1940,45,44,2272,2181
1941,41,40,2274,2182
1942,2997,3002,3080,3079
1943,3496,3875,3874,2091
1944,3911,3560,3608,2108
1945,3610,3604,2110,3612
1946,2127,3653,3695,3655
1947,3883,3693,3741,2144
1948,3788,3854,3754,2157
1949,3652,3630,2144,3741
1950,3630,3652,2145,3626
1951,3515,3513,3538,3557
1952,3551,3534,3503,3531
1953,3546,3523,3544,3565
1954,3175,3168,3225,3231
1955,2195,2257,2301,2352
1956,3005,3012,3089,3087
1957,3012,3046,3100,3089
1958,2192,2266,60,59
1959,63,62,2265,2183
1960,74,73,2186,2259
1961,85,84,2229,2236
1962,2309,2315,2232,2233
1963,3822,2375,2276,2239
1964,2472,3823,3813,2280
1965,3815,174,3819,2378
1966,2091,3861,3556,3536
1967,3621,2108,3608,3554
1968,3892,3894,3893,2125
1969,2142,3708,3738,3778
1970,3839,3801,2155,3808
1971,197,3677,3735,196
1972,177,3651,3393,176
1973,3393,2073,2912,2830
1974,2090,3214,3650,3846
1975,3570,3684,2107,3555
1976,3659,3775,3872,3647
1977,3811,3808,2155,2154
1978,2171,3710,2170,3683
1979,196,3735,2171,195
1980,178,3666,3651,177
1981,2089,3651,3666,3692
1982,3699,2106,3658,3700
1983,3800,3870,3860,3768
1984,3809,3797,3785,2153
1985,2154,3812,3721,3811
1986,2170,3780,3734,3683
1987,194,3683,3734,193
1988,3666,178,179,3669
1989,2105,3666,3669,3709
1990,3728,2122,2121,2137
1991,3761,2152,3772,3857
1992,2153,3785,3763,2168
1993,2168,2169,3721,2153
1994,193,3734,3743,192
1995,3670,180,181,3818
1996,2137,2121,3670,3818
1997,3824,2138,3728,2137
1998,2152,3761,3723,2167
1999,3719,190,191,3679
2000,3679,191,192,3743
2001,3818,181,182,3667
2002,2137,3818,3667,3824
2003,2151,3773,3730,2166
2004,2167,3723,3680,3745
2005,190,3719,3745,189
2006,183,3668,3667,182
2007,3668,183,184,3711
2008,3720,187,188,3680
2009,3680,188,189,3745
2010,3667,3668,2150,3824
2011,185,3744,3711,184
2012,187,3720,3744,186
2013,186,3744,185,6
2014,201,2173,3678,200
2015,2173,201,202,3717
2016,3805,3747,2174,2161
2017,3769,2147,3799,3805
2018,3784,3753,3756,3769
2019,3663,3691,3701,2115
2020,3701,3739,3675,2115
2021,2084,3704,3654,2100
2022,3830,3671,3712,2068
2023,3733,3715,2069,2070
2024,203,3681,3717,202
2025,2174,3717,3681,3702
2026,3792,3789,3760,3702
2027,3796,2116,3786,2132
2028,2100,3793,3855,2084
2029,3759,3757,2069,3830
2030,226,3733,3672,225
2031,3733,226,227,3715
2032,204,2175,3681,203
2033,205,3718,2175,204
2034,3792,3746,2162,3789
2035,3851,3790,3789,2162
2036,3790,2134,3804,2133
2037,2118,3791,2117,3804
2038,3859,3791,2102,2086
2039,3770,2101,3859,3762
2040,3703,2070,2085,3762
2041,224,3713,3674,223
2042,3746,3718,3682,3737
2043,2162,3746,3737,3752
2044,3833,3782,3840,3752
2045,2134,3781,2118,3804
2046,3765,2103,3766,2102
2047,2087,3787,3766,2103
2048,223,3674,3673,222
2049,207,3732,3682,206
2050,3732,207,208,2176
2051,3725,2163,3724,2164
2052,3725,2149,3726,3833
2053,3767,2135,3832,2136
2054,2119,3767,2120,3727
2055,2103,2104,3731,2087
2056,3736,3731,2088,2072
2057,3673,3736,2072,3714
2058,3714,221,222,3673
2059,8,221,3714,220
2060,3737,3682,3732,3724
2061,3816,2176,208,209
2062,211,3688,3816,210
2063,3688,211,212,2164
2064,212,213,3687,2164
2065,3817,3687,213,214
2066,215,3722,3817,214
2067,216,3685,3722,215
2068,3686,3685,216,217
2069,3685,3686,2104,2120
2070,218,219,2072,2088
2071,209,7,210,3816
2072,3027,3031,3111,3112
2073,3107,3105,3024,3026
2074,3136,3133,3194,3195
2075,3078,3076,3154,3948
2076,2828,2992,2913,2829
2077,2740,2827,2990,2910
2078,3028,3036,3115,3108
2079,3159,3160,3088,3090
2080,3140,3066,3062,3057
2081,3271,2741,2911,3211
2082,2071,3736,3673,3674
2083,2239,2276,108,107
2084,2226,2237,95,94
2085,83,82,2251,2238
2086,2261,2187,2316,2325
2087,2912,2073,2993,3834
2088,3002,3054,3094,3080
2089,3482,3519,3507,3452
2090,3525,3472,3507,3519
2091,3521,3523,3506,3498
2092,3540,3526,3520,3578
2093,3347,3417,3392,3307
2094,3315,3215,3307,3392
2095,3149,3266,3215,3152
2096,3349,2080,3312,3383
2097,3210,3316,3211,3150
2098,2083,3704,3662,3646
2099,3855,3757,3759,2084
2100,2086,3787,3758,3703
2101,2087,3731,3736,2071
2102,3841,2993,2073,2089
2103,3313,3352,3269,3213
2104,3875,3511,3532,3488
2105,3936,3611,3613,3602
2106,3600,3936,3602,3924
2107,3553,3534,3551,3569
2108,2096,3448,3422,3384
2109,3384,3422,3423,3350
2110,3469,3446,3464,3491
2111,3576,3589,3598,2114
2112,3494,3622,3617,3354
2113,2099,3698,3654,3635
2114,3762,2085,3856,3770
2115,2104,2103,3727,2120
2116,3686,217,218,2088
2117,3650,3692,3596,3846
2118,3555,3514,3536,3570
2119,3932,3594,3601,3609
2120,3558,3573,3653,2127
2121,3573,3558,2111,3918
2122,3614,3539,3518,2128
2123,3914,3447,3449,3915
2124,3576,3904,3663,2115
2125,2117,3776,2116,3796
2126,3765,2118,3781,2119
2127,3658,2105,3709,3700
2128,3742,3696,3699,3844
2129,3648,3642,3886,3887
2130,3911,3910,3603,3595
2131,3620,3627,3604,3610
2132,3605,3660,3883,3588
2133,2127,3655,3605,3588
2134,3614,2128,3626,3897
2135,2146,3863,3664,3643
2136,3631,3643,3637,2129
2137,2131,3691,3663,3590
2138,3832,2135,3764,3726
2139,2120,3767,3722,3685
2140,3844,3843,3860,3742
2141,3642,3648,3806,2140
2142,3647,3642,2140,3659
2143,3881,2141,3738,3708
2144,3655,3695,3697,2143
2145,3879,3750,2146,3649
2146,3689,3756,3884,3657
2147,2132,3798,2133,3796
2148,3840,3782,3764,2134
2149,3782,3833,3726,3764
2150,3730,3729,2150,2165
2151,3723,3761,2151,2166
2152,3763,3785,2152,2167
2153,3809,3812,3659,2140
2154,3794,3775,2154,2155
2155,3774,3660,2143,3740
2156,3805,3799,2160,3747
2157,2161,3760,3771,3802
2158,2165,3720,2166,3730
2159,3680,3723,2166,3720
2160,3719,3763,2167,3745
2161,2169,2168,3679,3743
2162,3734,3780,2169,3743
2163,2171,3735,3749,3795
2164,3747,2173,3717,2174
2165,2175,3718,3746,3792
2166,106,105,2241,2240
2167,2240,2239,107,106
2168,104,103,2243,2242
2169,103,102,2244,2243
2170,2230,2244,102,101
2171,100,99,2232,2231
2172,99,98,2233,2232
2173,2231,2230,101,100
2174,2234,2233,98,97
2175,96,95,2237,2235
2176,2227,2246,92,91
2177,93,92,2246,2245
2178,90,89,2248,2247
2179,2228,2249,88,87
2180,89,88,2249,2248
2181,2305,2317,2229,2238
2182,86,85,2236,2250
2183,2252,2251,82,81
2184,2184,2252,81,80
2185,79,78,2254,2253
2186,2256,2255,77,76
2187,78,77,2255,2254
2188,2185,2256,76,75
2189,73,72,2261,2186
2190,2325,2318,2186,2261
2191,71,70,2260,2187
2192,2319,2326,2260,2188
2193,68,67,2189,2262
2194,2320,2327,2262,2189
2195,2321,2324,2263,2190
2196,2264,2190,65,64
2197,2183,2264,64,63
2198,62,61,2191,2265
2199,2421,2350,2322,2427
2200,61,60,2266,2191
2201,2191,2266,2351,2323
2202,59,58,2258,2192
2203,2193,2267,2300,2353
2204,56,55,2194,2267
2205,2267,2194,2295,2300
2206,54,53,2195,2268
2207,53,52,2257,2195
2208,51,50,2269,2196
2209,2257,2196,2296,2301
2210,2297,2302,2270,2198
2211,2197,2269,50,49
2212,2271,2198,47,46
2213,2181,2271,46,45
2214,44,43,2199,2272
2215,2182,2273,42,41
2216,2273,2199,43,42
2217,40,39,2200,2274
2218,39,38,2275,2200
2219,2200,2275,2374,2298
2220,2283,2355,2201,2202
2221,37,36,2202,2201
2222,2201,2275,38,37
2223,2204,2203,35,34
2224,2179,2205,33,32
2225,2180,2207,30,29
2226,28,27,2209,2208
2227,27,26,2210,2209
2228,2208,2180,29,28
2229,2383,2363,2286,2465
2230,2212,2211,25,24
2231,2214,2213,23,22
2232,2177,2215,21,20
2233,18,17,2217,2216
2234,2218,2217,17,16
2235,2218,2219,3821,2282
2236,2219,2218,16,15
2237,2221,2220,14,13
2238,2222,2221,13,12
2239,2224,2223,11,10
2240,172,2225,9,1
2241,3669,179,180,3670
2242,2654,3819,2830,2912
2243,2221,2222,2293,3820
2244,2225,2224,10,9
2245,206,3682,3718,205
2246,199,3716,2172,198
2247,3683,194,195,2171
2248,2,108,2276,2277
2249,234,2,2277,2278
2250,2278,2280,233,234
2251,230,3656,3712,229
2252,3715,227,228,3671
2253,225,3672,3713,224
2254,2467,2356,2287,2466
2255,2291,2357,2178,2216
2256,2202,2203,2361,2283
2257,2281,2358,2206,2207
2258,2439,2370,2354,2438
2259,2272,2199,2303,2299
2260,80,79,2253,2184
2261,2238,2229,84,83
2262,75,74,2259,2185
2263,72,71,2187,2261
2264,2423,2348,2349,2428
2265,70,69,2188,2260
2266,69,68,2262,2188
2267,67,66,2263,2189
2268,66,65,2190,2263
2269,2322,2350,2183,2265
2270,2328,2409,2407,2321
2271,58,57,2193,2258
2272,2192,2258,2330,2329
2273,57,56,2267,2193
2274,55,54,2268,2194
2275,52,51,2196,2257
2276,49,48,2270,2197
2277,2440,2297,2360,2441
2278,48,47,2198,2270
2279,2299,2371,2181,2272
2280,2199,2273,2373,2303
2281,2298,2304,2274,2200
2282,36,35,2203,2202
2283,2446,2283,2361,2445
2284,2448,2284,2362,2447
2285,2203,2204,2284,2361
2286,2205,2204,34,33
2287,2205,2179,2285,2362
2288,2179,2206,2358,2285
2289,2207,2206,31,30
2290,2180,2208,2286,2363
2291,26,25,2211,2210
2292,2208,2209,2356,2286
2293,2210,2211,2364,2287
2294,2463,2364,2288,2464
2295,24,23,2213,2212
2296,2212,2213,2365,2288
2297,2288,2364,2211,2212
2298,2214,2215,2366,2289
2299,2215,2214,22,21
2300,2289,2366,3827,2462
2301,2290,2357,2454,2461
2302,2367,2291,2216,2217
2303,15,14,2220,2219
2304,2282,2367,2217,2218
2305,2219,2220,2292,3821
2306,2470,3821,2292,2561
2307,3820,2293,3825,2469
2308,12,11,2223,2222
2309,2294,3825,2223,2224
2310,3815,3814,173,174
2311,3814,2294,2224,2225
2312,2225,172,173,3814
2313,2294,3814,3815,2279
2314,94,93,2245,2226
2315,2233,2234,2332,2309
2316,91,90,2247,2227
2317,87,86,2250,2228
2318,2484,2497,2431,2429
2319,2240,2241,2335,2331
2320,2231,2232,2315,2310
2321,2310,2451,2389,2338
2322,2234,2235,2311,2332
2323,97,96,2235,2234
2324,2235,2237,2334,2311
2325,2236,2229,2317,2333
2326,2226,2245,2340,2312
2327,2332,2456,2455,2309
2328,2238,2251,2368,2305
2329,2331,2335,2393,2379
2330,105,104,2242,2241
2331,2241,2242,2336,2335
2332,2310,2338,2230,2231
2333,2338,2339,2244,2230
2334,2312,2334,2237,2226
2335,2313,2341,2227,2247
2336,2341,2388,2391,2342
2337,2247,2248,2343,2313
2338,2314,2344,2249,2228
2339,2248,2249,2344,2343
2340,2250,2236,2333,2345
2341,2306,2368,2251,2252
2342,2307,2347,2253,2254
2343,2347,2401,2429,2346
2344,2254,2255,2369,2307
2345,2256,2185,2348,2308
2346,2255,2256,2308,2369
2347,2266,2192,2329,2351
2348,2302,2354,2197,2270
2349,2271,2181,2371,2360
2350,2182,2274,2304,2372
2351,2275,2201,2355,2374
2352,2277,2276,2375,2376
2353,2376,2377,2278,2277
2354,3815,2378,2473,2279
2355,2469,2279,2473,2561
2356,2655,3823,2066,2741
2357,232,233,2280,3813
2358,2445,2448,2515,2518
2359,2204,2205,2362,2284
2360,2436,2285,2358,2387
2361,2209,2210,2287,2356
2362,2363,2383,2384,2281
2363,2464,2288,2365,2460
2364,2213,2214,2289,2365
2365,2215,2177,2290,2366
2366,2177,2178,2357,2290
2367,2357,2291,2385,2454
2368,2367,2282,3826,2386
2369,2220,2221,3820,2292
2370,2222,2223,3825,2293
2371,2194,2268,2359,2295
2372,2411,2295,2359,2408
2373,2196,2269,2370,2296
2374,2382,2301,2296,2434
2375,2198,2271,2360,2297
2376,2434,2439,2483,2482
2377,2404,2303,2373,2405
2378,2323,2322,2265,2191
2379,2258,2193,2353,2330
2380,2301,2382,2406,2352
2381,2268,2195,2352,2359
2382,2273,2182,2372,2373
2383,2381,2304,2298,2449
2384,2304,2381,2403,2372
2385,2443,2442,2481,2521
2386,2252,2184,2346,2306
2387,2306,2431,2430,2368
2388,2318,2349,2259,2186
2389,2308,2390,2392,2369
2390,2336,2337,2396,2394
2391,2309,2455,2457,2315
2392,2245,2246,2342,2340
2393,2340,2397,2450,2312
2394,2397,2340,2342,2391
2395,2228,2250,2345,2314
2396,2187,2260,2326,2316
2397,2316,2422,2424,2325
2398,2432,2305,2368,2430
2399,2428,2349,2318,2426
2400,2188,2262,2327,2319
2401,2416,2319,2327,2414
2402,2189,2263,2324,2320
2403,2412,2320,2324,2410
2404,2190,2264,2328,2321
2405,2321,2407,2410,2324
2406,2409,2328,2350,2421
2407,2421,2427,2489,2488
2408,2326,2418,2422,2316
2409,2422,2418,2526,2527
2410,2319,2416,2418,2326
2411,2414,2327,2320,2412
2412,2350,2328,2264,2183
2413,2330,2417,2419,2329
2414,2353,2415,2417,2330
2415,2472,2377,2564,2744
2416,2239,2240,2331,3822
2417,2442,2317,2305,2432
2418,2312,2450,2459,2334
2419,2242,2243,2337,2336
2420,2375,3822,2468,3828
2421,2394,2393,2335,2336
2422,2243,2244,2339,2337
2423,2389,2395,2339,2338
2424,2339,2395,2396,2337
2425,2341,2342,2246,2227
2426,2388,2341,2313,2398
2427,2400,2343,2344,2399
2428,2444,2345,2333,2443
2429,2347,2346,2184,2253
2430,2307,2402,2401,2347
2431,2349,2348,2185,2259
2432,2427,2322,2323,2425
2433,2417,2415,2529,2525
2434,2413,2300,2295,2411
2435,2415,2353,2300,2413
2436,2302,2437,2438,2354
2437,2269,2197,2354,2370
2438,2283,2446,2452,2355
2439,2453,2374,2355,2452
2440,2387,2358,2281,2384
2441,2408,2359,2352,2406
2442,2371,2433,2441,2360
2443,2447,2362,2285,2436
2444,2364,2463,2466,2287
2445,2386,2385,2291,2367
2446,2299,2380,2433,2371
2447,2372,2403,2405,2373
2448,2379,2468,3822,2331
2449,3838,2564,2377,3828
2450,2280,2278,2377,2472
2451,2378,3819,2654,2566
2452,3826,2470,3835,2545
2453,2393,2394,2501,2650
2454,2506,2548,2380,2404
2455,2380,2299,2303,2404
2456,2449,2298,2374,2453
2457,2478,2505,2381,2449
2458,2434,2296,2370,2439
2459,2482,2503,2382,2434
2460,2465,2286,2356,2467
2461,2474,2537,2383,2465
2462,2537,2532,2384,2383
2463,3836,2651,2385,2386
2464,2469,2561,2292,3820
2465,2473,2653,2562,2561
2466,2575,2552,2532,2574
2467,2398,2313,2343,2400
2468,2637,2490,2549,2638
2469,2451,2310,2315,2457
2470,2500,2501,2394,2396
2471,2390,2423,2487,2495
2472,2390,2308,2348,2423
2473,2511,2522,2388,2398
2474,2485,2484,2429,2401
2475,2369,2392,2402,2307
2476,2393,2650,2560,2379
2477,2499,2502,2395,2389
2478,2502,2500,2396,2395
2479,2450,2397,2476,2477
2480,2399,2344,2314,2435
2481,2398,2400,2491,2511
2482,2435,2314,2345,2444
2483,2400,2399,2490,2491
2484,2401,2402,2496,2485
2485,2599,2486,2535,2619
2486,2404,2405,2507,2506
2487,2405,2403,2508,2507
2488,2403,2381,2505,2508
2489,2406,2382,2503,2504
2490,2494,2493,2407,2409
2491,2408,2406,2504,2516
2492,2420,2351,2329,2419
2493,2488,2494,2409,2421
2494,2493,2519,2410,2407
2495,2411,2408,2516,2517
2496,2412,2410,2519,2520
2497,2413,2411,2517,2528
2498,2414,2412,2520,2530
2499,2415,2413,2528,2529
2500,2416,2414,2530,2531
2501,2594,2488,2489,2597
2502,2536,2535,2426,2424
2503,2419,2417,2525,2524
2504,2427,2425,2533,2489
2505,2351,2420,2425,2323
2506,2524,2534,2420,2419
2507,2486,2487,2423,2428
2508,2426,2318,2325,2424
2509,2424,2422,2527,2536
2510,2428,2426,2535,2486
2511,2679,2675,2592,2590
2512,2346,2429,2431,2306
2513,2583,2480,2498,2592
2514,2480,2481,2442,2432
2515,2437,2302,2297,2440
2516,2439,2438,2513,2483
2517,2521,2550,2444,2443
2518,2582,2482,2483,2587
2519,2510,2514,2437,2440
2520,2509,2510,2440,2441
2521,2433,2380,2548,2547
2522,2441,2433,2547,2509
2523,2317,2442,2443,2333
2524,2432,2430,2498,2480
2525,2570,2478,2479,2585
2526,2445,2361,2284,2448
2527,2449,2453,2479,2478
2528,2518,2553,2446,2445
2529,2532,2552,2387,2384
2530,2448,2447,2512,2515
2531,2538,2540,2458,2459
2532,2311,2458,2456,2332
2533,2539,2556,2457,2455
2534,2453,2452,2554,2479
2535,2543,2542,2460,2462
2536,2366,2290,2461,3827
2537,2569,2477,2476,2576
2538,2455,2456,2541,2539
2539,2458,2311,2334,2459
2540,2477,2538,2459,2450
2541,2542,2543,2643,3850
2542,2460,2365,2289,2462
2543,2545,2649,2651,3836
2544,2462,3827,2546,2543
2545,2465,2467,2475,2474
2546,2544,2558,2463,2464
2547,2467,2466,2559,2475
2548,3838,3828,2468,2471
2549,2562,3835,2470,2561
2550,2282,3821,2470,3826
2551,2563,2652,2827,3852
2552,3828,2377,2376,2375
2553,3823,2655,2565,3813
2554,2473,2378,2566,2653
2555,2512,2632,2625,2515
2556,2542,2544,2464,2460
2557,2645,2475,2559,2648
2558,2397,2391,2523,2476
2559,2569,2576,2663,2660
2560,2477,2569,2571,2538
2561,2478,2570,2572,2505
2562,2579,2481,2480,2583
2563,2435,2444,2550,2549
2564,2482,2582,2584,2503
2565,2608,2513,2514,2628
2566,2592,2498,2497,2590
2567,2402,2392,2492,2496
2568,2589,2485,2496,2591
2569,2591,2496,2492,2596
2570,2598,2494,2488,2594
2571,2534,2533,2425,2420
2572,2618,2533,2534,2615
2573,2399,2435,2549,2490
2574,2612,2523,2522,2581
2575,2580,2511,2491,2602
2576,2485,2589,2588,2484
2577,2495,2492,2392,2390
2578,2600,2493,2494,2598
2579,2685,2683,2591,2596
2580,2430,2431,2497,2498
2581,2389,2451,2555,2499
2582,2634,2502,2499,2640
2583,2650,2501,2633,3853
2584,2633,2501,2500,2635
2585,2659,2721,2634,2640
2586,2603,2504,2503,2584
2587,2605,2507,2508,2606
2588,2507,2605,2604,2506
2589,2627,2509,2547,2630
2590,2514,2513,2438,2437
2591,2581,2580,2669,2670
2592,2447,2436,2551,2512
2593,2587,2608,2684,2680
2594,2513,2608,2587,2483
2595,2515,2625,2626,2518
2596,2607,2516,2504,2603
2597,2452,2446,2553,2554
2598,2601,2519,2493,2600
2599,2481,2579,2586,2521
2600,2391,2388,2522,2523
2601,2597,2618,2694,2689
2602,2613,2525,2529,2620
2603,2418,2416,2531,2526
2604,2526,2616,2622,2527
2605,2487,2595,2593,2495
2606,2610,2517,2516,2607
2607,2528,2621,2620,2529
2608,2609,2520,2519,2601
2609,2614,2530,2520,2609
2610,2617,2531,2530,2614
2611,2568,2537,2474,2567
2612,2524,2611,2615,2534
2613,2619,2535,2536,2623
2614,2486,2599,2595,2487
2615,2686,2685,2596,2593
2616,2538,2571,2578,2540
2617,2540,2541,2456,2458
2618,2644,2555,2556,2646
2619,2556,2555,2451,2457
2620,2541,2577,2641,2539
2621,2823,2573,3848,2737
2622,2557,3837,2461,2454
2623,2546,3837,2573,3849
2624,3850,2647,2544,2542
2625,2466,2463,2558,2559
2626,3848,2573,3837,2557
2627,3826,2545,3836,2386
2628,2630,2547,2548,2624
2629,2506,2604,2624,2548
2630,2550,2631,2638,2549
2631,2631,2550,2521,2586
2632,2552,2551,2436,2387
2633,2574,2532,2537,2568
2634,2585,2642,2726,2667
2635,2642,2554,2553,2639
2636,2557,2454,2385,2651
2637,2653,2736,2649,2562
2638,2558,2544,2647,2734
2639,2471,2560,2563,3852
2640,2468,2379,2560,2471
2641,2740,2564,3852,2827
2642,2565,2655,2743,231
2643,2568,2567,2656,2657
2644,2567,2474,2475,2645
2645,2576,2476,2523,2612
2646,2753,2666,2660,2749
2647,2572,2570,2661,2665
2648,2585,2479,2554,2642
2649,2578,2571,2666,2668
2650,2540,2578,2577,2541
2651,2758,2695,2665,2750
2652,2505,2572,2606,2508
2653,2648,2734,3867,2733
2654,3849,2573,2738,2732
2655,2574,2568,2657,2664
2656,2720,2716,2632,2636
2657,2552,2575,2636,2551
2658,2511,2580,2581,2522
2659,2576,2612,2673,2663
2660,2640,2644,2662,2659
2661,2660,2666,2571,2569
2662,2672,2760,2763,2677
2663,2672,2677,2579,2583
2664,2602,2491,2490,2637
2665,2838,2834,2751,2761
2666,2584,2582,2671,2676
2667,2484,2588,2590,2497
2668,2583,2592,2675,2672
2669,2518,2626,2639,2553
2670,2642,2639,2729,2726
2671,2628,2514,2510,2629
2672,2608,2628,2714,2684
2673,2596,2492,2495,2593
2674,2679,2767,2765,2675
2675,2683,2681,2589,2591
2676,2598,2594,2688,2691
2677,2597,2489,2533,2618
2678,2623,2536,2527,2622
2679,2599,2619,2699,2690
2680,2694,2790,2787,2689
2681,2618,2615,2704,2694
2682,2687,2686,2593,2595
2683,2600,2598,2691,2693
2684,2601,2600,2693,2697
2685,2602,2637,2724,2678
2686,2603,2584,2676,2698
2687,2624,2604,2692,2717
2688,2606,2572,2665,2695
2689,2607,2603,2698,2701
2690,2509,2627,2629,2510
2691,2773,2680,2684,2804
2692,2609,2601,2697,2702
2693,2525,2613,2611,2524
2694,2517,2610,2621,2528
2695,2689,2688,2594,2597
2696,2613,2620,2706,2703
2697,2531,2617,2616,2526
2698,2614,2609,2702,2705
2699,2617,2614,2705,2710
2700,2782,2688,2689,2787
2701,2686,2779,2778,2685
2702,2785,2707,2701,2781
2703,2703,2700,2611,2613
2704,2610,2607,2701,2707
2705,2616,2617,2710,2712
2706,2690,2687,2595,2599
2707,2632,2512,2551,2636
2708,2716,2725,2625,2632
2709,2626,2625,2725,2728
2710,2680,2671,2582,2587
2711,2627,2630,2719,2715
2712,2630,2624,2717,2719
2713,2586,2579,2677,2713
2714,2636,2575,2674,2720
2715,2634,2635,2500,2502
2716,2721,2824,2635,2634
2717,2640,2499,2555,2644
2718,2575,2574,2664,2674
2719,2678,2669,2580,2602
2720,2631,2586,2713,2723
2721,2667,2661,2570,2585
2722,2539,2641,2646,2556
2723,2644,2646,2731,2662
2724,2777,2667,2726,2815
2725,2645,2648,2733,2658
2726,2648,2559,2558,2734
2727,2668,2722,2577,2578
2728,2658,2656,2567,2645
2729,2734,2647,3866,3867
2730,2738,2573,2823,2906
2731,2562,2649,2545,3835
2732,2650,3853,2563,2560
2733,2557,2651,2737,3848
2734,2563,3853,2739,2652
2735,3877,2825,2907,2987
2736,2826,2736,2653,2566
2737,2830,175,176,3393
2738,2655,2741,2067,2743
2739,2656,2745,3880,2657
2740,2732,3850,2643,3849
2741,2754,2658,2733,2821
2742,2659,2746,2748,2721
2743,2834,2835,2749,2751
2744,2750,2665,2661,2752
2745,2722,2730,2641,2577
2746,2766,2662,2731,2819
2747,2751,2663,2673,2761
2748,2747,2664,2657,3880
2749,2696,2789,2775,2692
2750,2815,2726,2729,2818
2751,2666,2753,2756,2668
2752,2761,2673,2670,2757
2753,2663,2751,2749,2660
2754,2612,2581,2670,2673
2755,2759,2676,2671,2764
2756,2760,2765,2846,2845
2757,2770,2720,2674,2755
2758,2590,2588,2682,2679
2759,2676,2759,2768,2698
2760,2638,2631,2723,2727
2761,2807,2678,2724,2814
2762,2588,2589,2681,2682
2763,2767,2679,2682,2771
2764,2804,2684,2714,2806
2765,2675,2765,2760,2672
2766,2628,2629,2718,2714
2767,2759,2764,2843,2848
2768,2681,2774,2771,2682
2769,2683,2776,2774,2681
2770,2619,2623,2708,2699
2771,2685,2778,2776,2683
2772,2688,2782,2783,2691
2773,2790,2694,2704,2791
2774,2795,2699,2708,2800
2775,2604,2605,2696,2692
2776,2715,2718,2629,2627
2777,2786,2693,2691,2783
2778,2615,2611,2700,2704
2779,2787,2790,2873,2868
2780,2605,2606,2695,2696
2781,2788,2697,2693,2786
2782,2623,2622,2711,2708
2783,2687,2780,2779,2686
2784,2700,2792,2791,2704
2785,2794,2702,2697,2788
2786,2622,2616,2712,2711
2787,2620,2621,2709,2706
2788,2793,2709,2707,2785
2789,2621,2610,2707,2709
2790,2781,2701,2698,2768
2791,2863,2862,2778,2779
2792,2797,2705,2702,2794
2793,2699,2795,2784,2690
2794,2799,2710,2705,2797
2795,2710,2799,2802,2712
2796,2772,2713,2677,2763
2797,2719,2808,2811,2715
2798,2805,2716,2720,2770
2799,2692,2775,2803,2717
2800,2808,2719,2717,2803
2801,2755,2674,2664,2747
2802,2735,2633,2635,2824
2803,2753,2749,2835,2840
2804,2646,2641,2730,2731
2805,2727,2724,2637,2638
2806,2669,2762,2757,2670
2807,2728,2729,2639,2626
2808,2750,2752,2836,2837
2809,2810,2723,2713,2772
2810,2678,2807,2762,2669
2811,2812,2725,2716,2805
2812,2725,2812,2816,2728
2813,2769,2722,2668,2756
2814,2819,2731,2730,2817
2815,3901,2902,2831,3880
2816,2658,2754,2745,2656
2817,2735,2824,3878,2907
2818,2735,2739,3853,2633
2819,2820,2822,3876,2821
2820,2651,2649,2736,2737
2821,2908,2989,2736,2826
2822,2652,2739,2909,2827
2823,2828,2740,2910,2992
2824,2740,2828,2744,2564
2825,2828,2829,2066,2744
2826,2742,2654,2912,3834
2827,2908,2826,2742,2994
2828,2067,3645,3656,2743
2829,2472,2744,2066,3823
2830,3880,2831,2833,2747
2831,3867,3866,2822,2820
2832,2748,2746,3903,2832
2833,2746,2659,2662,2766
2834,3878,2748,2832,3902
2835,2824,2721,2748,3878
2836,2835,2914,2916,2840
2837,2752,2661,2667,2777
2838,2777,2815,2896,2839
2839,2766,2819,2899,2986
2840,3867,2820,2821,2733
2841,2902,3901,3891,3889
2842,2842,2755,2747,2833
2843,2817,2730,2722,2769
2844,2761,2757,2844,2838
2845,2789,2758,2849,2857
2846,2695,2758,2789,2696
2847,2764,2671,2680,2773
2848,2845,2925,2928,2852
2849,2814,2724,2727,2813
2850,2844,2922,2920,2838
2851,2845,2852,2763,2760
2852,2773,2804,2885,2850
2853,2765,2767,2851,2846
2854,2768,2759,2848,2856
2855,2840,2847,2756,2753
2856,2770,2755,2842,2858
2857,2813,2727,2723,2810
2858,2806,2714,2718,2809
2859,2804,2806,2887,2885
2860,2853,2851,2767,2771
2861,2857,2859,2775,2789
2862,2776,2778,2862,2860
2863,2818,2729,2728,2816
2864,2815,2818,2900,2896
2865,2780,2687,2690,2784
2866,2860,2855,2774,2776
2867,2784,2795,2871,2867
2868,2856,2861,2781,2768
2869,2783,2782,2865,2869
2870,2800,2708,2711,2801
2871,2864,2863,2779,2780
2872,2874,2872,2792,2796
2873,2786,2783,2869,2870
2874,2872,2876,2791,2792
2875,2870,2875,2788,2786
2876,2758,2750,2837,2849
2877,2792,2700,2703,2796
2878,2949,2865,2868,2955
2879,2796,2703,2706,2798
2880,2868,2865,2782,2787
2881,2709,2793,2798,2706
2882,2861,2866,2785,2781
2883,2875,2878,2794,2788
2884,2801,2711,2712,2802
2885,2863,2946,2945,2862
2886,2797,2794,2878,2881
2887,2793,2785,2866,2877
2888,2877,2952,2962,2880
2889,2867,2864,2780,2784
2890,2879,2871,2795,2800
2891,2799,2797,2881,2883
2892,2802,2799,2883,2884
2893,2809,2718,2715,2811
2894,2938,2850,2885,2969
2895,2805,2770,2858,2889
2896,2850,2843,2764,2773
2897,2807,2814,2895,2854
2898,2803,2775,2859,2888
2899,2772,2763,2852,2886
2900,2810,2772,2886,2893
2901,2808,2803,2888,2891
2902,2811,2808,2891,2892
2903,2854,2841,2762,2807
2904,2934,2839,2896,2978
2905,2812,2805,2889,2898
2906,2816,2812,2898,2901
2907,2840,2916,2923,2847
2908,2839,2836,2752,2777
2909,2817,2769,2894,2903
2910,2738,2822,3866,2732
2911,2983,2902,3889,2904
2912,2736,2989,2823,2737
2913,3067,2989,2908,2988
2914,2907,2825,2739,2735
2915,2909,2739,2825,3877
2916,2990,2827,2909,3890
2917,2911,2991,3150,3211
2918,2741,2066,2829,2911
2919,2833,2985,2918,2842
2920,3878,3902,2987,2907
2921,3903,2746,2766,2986
2922,2915,2834,2838,2920
2923,2995,2996,2914,2915
2924,2917,2837,2836,2919
2925,2837,2917,2921,2849
2926,2757,2762,2841,2844
2927,2834,2915,2914,2835
2928,2978,2896,2900,2981
2929,2769,2756,2847,2894
2930,2842,2918,2929,2858
2931,2924,2848,2843,2927
2932,2925,2930,3008,3006
2933,2930,2846,2851,2931
2934,2899,2982,3919,2986
2935,2848,2924,2932,2856
2936,2849,2921,2935,2857
2937,2969,2885,2887,2970
2938,2771,2774,2855,2853
2939,2931,2851,2853,2933
2940,2813,2810,2893,2897
2941,2846,2930,2925,2845
2942,2841,2926,2922,2844
2943,2856,2932,2939,2861
2944,2857,2935,2936,2859
2945,2858,2929,2948,2889
2946,2859,2936,2944,2888
2947,2855,2937,2933,2853
2948,2861,2939,2943,2866
2949,2860,2942,2937,2855
2950,2946,2863,2864,2947
2951,2862,2945,2942,2860
2952,2865,2949,2950,2869
2953,2957,2874,2880,2962
2954,2960,2871,2879,2964
2955,3173,3111,3117,3177
2956,2959,2873,2876,2956
2957,2869,2950,2954,2870
2958,2870,2954,2958,2875
2959,2800,2801,2882,2879
2960,2949,2955,3031,3027
2961,2876,2873,2790,2791
2962,2796,2798,2880,2874
2963,3109,3119,3035,3025
2964,2875,2958,2961,2878
2965,2872,2951,2956,2876
2966,2798,2793,2877,2880
2967,2866,2943,2952,2877
2968,2878,2961,2963,2881
2969,2801,2802,2884,2882
2970,3024,3023,2945,2946
2971,2871,2960,2953,2867
2972,2965,2883,2881,2963
2973,2806,2809,2890,2887
2974,2924,2927,3005,3009
2975,2940,2886,2852,2928
2976,2809,2811,2892,2890
2977,2818,2816,2901,2900
2978,2888,2944,2971,2891
2979,2897,2895,2814,2813
2980,2899,2819,2817,2903
2981,2977,2895,2897,2976
2982,2974,2893,2886,2940
2983,2854,2968,2926,2841
2984,2917,2919,2997,2999
2985,2898,2889,2948,2975
2986,2839,2934,2919,2836
2987,3876,2905,2904,3889
2988,3895,3065,2833,2831
2989,2847,2923,2941,2894
2990,2980,2903,2894,2941
2991,3067,2822,2738,2906
2992,2988,3072,2905,3067
2993,3900,3890,2909,3877
2994,2990,3071,3073,2910
2995,3075,2991,2913,3074
2996,2082,3271,3211,3316
2997,3063,3146,3264,3142
2998,2995,2998,3077,3076
2999,2915,2920,2998,2995
3000,2916,2914,2996,3000
3001,2918,3001,3018,2929
3002,2981,2900,2901,2979
3003,2919,2934,3002,2997
3004,2999,3007,2921,2917
3005,3003,2998,2920,2922
3006,2927,2843,2850,2938
3007,3006,3016,2928,2925
3008,2968,2854,2895,2977
3009,3004,3003,2922,2926
3010,2927,2938,3012,3005
3011,2930,2931,3010,3008
3012,3009,3019,2932,2924
3013,3011,3010,2931,2933
3014,2898,2975,2979,2901
3015,2978,2981,3060,3054
3016,3007,3017,2935,2921
3017,3017,3020,2936,2935
3018,3015,3011,2933,2937
3019,2970,2887,2890,2972
3020,2969,2970,3050,3046
3021,3019,3022,2939,2932
3022,2976,2897,2893,2974
3023,2923,2916,3000,3013
3024,3021,3015,2937,2942
3025,3022,3025,2943,2939
3026,2973,2892,2891,2971
3027,2947,2864,2867,2953
3028,3023,3021,2942,2945
3029,2946,2947,3026,3024
3030,2953,2960,3036,3028
3031,2948,2929,3018,2975
3032,2950,2949,3027,3032
3033,2955,2868,2873,2959
3034,2951,2872,2874,2957
3035,3029,3034,2956,2951
3036,3030,3029,2951,2957
3037,2964,2879,2882,2966
3038,3032,3033,2954,2950
3039,3111,3173,3171,3112
3040,3033,3039,2958,2954
3041,2966,2882,2884,2967
3042,3105,3107,3166,3951
3043,3039,3041,2961,2958
3044,3025,3035,2952,2943
3045,2967,2884,2883,2965
3046,3028,3026,2947,2953
3047,3041,3042,2963,2961
3048,3040,3036,2960,2964
3049,2965,2963,3042,3044
3050,2967,2965,3044,3045
3051,3014,3004,2926,2968
3052,2972,2890,2892,2973
3053,3046,3050,3129,3100
3054,3020,3047,2944,2936
3055,2972,2973,3053,3051
3056,3047,3052,2971,2944
3057,2973,2971,3052,3053
3058,2940,2928,3016,3048
3059,2974,2940,3048,3056
3060,2977,2976,3058,3055
3061,3054,3060,3137,3094
3062,3049,3059,2975,3018
3063,3013,3057,2941,2923
3064,2980,2982,2899,2903
3065,2980,3062,3066,2982
3066,3065,3882,3144,3070
3067,2908,2994,3072,2988
3068,3067,2905,3876,2822
3069,3064,3001,2918,2985
3070,3895,2831,2902,2983
3071,3882,2983,3063,3142
3072,3919,3068,3902,2832
3073,2987,3145,3069,3877
3074,2906,2823,2989,3067
3075,2990,3890,3900,3071
3076,3147,3143,3205,3208
3077,2654,2742,2826,2566
3078,2081,3150,2991,3075
3079,3073,3148,2992,2910
3080,3651,2089,2073,3393
3081,3256,2059,3207,3296
3082,2994,2742,3834,3206
3083,3000,2996,3078,3084
3084,2996,2995,3076,3078
3085,2999,2997,3079,3082
3086,2934,2978,3054,3002
3087,2059,3085,3001,3064
3088,2979,2975,3059,3061
3089,3081,3077,2998,3003
3090,3083,3081,3003,3004
3091,3009,3005,3087,3093
3092,2938,2969,3046,3012
3093,3088,3091,3006,3008
3094,3082,3092,3007,2999
3095,3008,3010,3090,3088
3096,3095,3090,3010,3011
3097,3089,3100,3163,3158
3098,2980,2941,3057,3062
3099,3086,3083,3004,3014
3100,2968,2977,3055,3014
3101,3096,3095,3011,3015
3102,3016,3006,3091,3102
3103,3097,3017,3007,3092
3104,3018,3001,3085,3049
3105,3093,3099,3019,3009
3106,3097,3104,3020,3017
3107,3098,3096,3015,3021
3108,3099,3103,3022,3019
3109,3101,3098,3021,3023
3110,3030,3038,3114,3110
3111,3105,3101,3023,3024
3112,2955,2959,3037,3031
3113,3108,3107,3026,3028
3114,3110,3113,3029,3030
3115,2957,2962,3038,3030
3116,3034,3029,3113,3118
3117,3112,3116,3032,3027
3118,3116,3120,3033,3032
3119,2959,2956,3034,3037
3120,2962,2952,3035,3038
3121,3103,3109,3025,3022
3122,2964,2966,3043,3040
3123,3108,3115,3172,3167
3124,3120,3122,3039,3033
3125,2966,2967,3045,3043
3126,3167,3166,3107,3108
3127,3122,3124,3041,3039
3128,3124,3126,3042,3041
3129,3044,3042,3126,3127
3130,3123,3121,3040,3043
3131,2970,2972,3051,3050
3132,3056,3058,2976,2974
3133,2981,2979,3061,3060
3134,3129,3130,3191,3180
3135,3104,3128,3047,3020
3136,3052,3047,3128,3131
3137,3055,3058,3135,3106
3138,3056,3048,3133,3136
3139,3084,3944,3013,3000
3140,3058,3056,3136,3135
3141,3155,3080,3094,3187
3142,3049,3134,3138,3059
3143,3944,3140,3057,3013
3144,3070,3144,3064,2985
3145,2984,3072,3146,3063
3146,2985,2833,3065,3070
3147,2982,3066,3068,3919
3148,3068,3145,2987,3902
3149,3877,3069,2065,3900
3150,3900,2065,3143,3071
3151,3145,3204,2065,3069
3152,2905,3072,2984,2904
3153,3146,3072,2994,3206
3154,3149,3075,3074,3209
3155,3074,2913,2992,3148
3156,3075,3149,3152,2081
3157,3834,2993,3847,3206
3158,3153,3214,3213,2074
3159,3076,3077,3953,3154
3160,3948,3257,3261,3156
3161,3077,3081,3201,3953
3162,3078,3948,3156,3084
3163,3082,3079,3250,3937
3164,3155,3250,3079,3080
3165,3060,3061,3139,3137
3166,3187,3094,3137,3258
3167,2064,3201,3081,3083
3168,3157,3092,3082,3937
3169,3134,3049,3085,3203
3170,3134,3203,3260,3197
3171,3083,3086,3199,2064
3172,3014,3055,3106,3086
3173,3087,3089,3158,3161
3174,3217,3160,3159,3218
3175,3050,3051,3130,3129
3176,3100,3129,3180,3163
3177,3090,3095,3162,3159
3178,3091,3088,3160,3165
3179,3048,3016,3102,3133
3180,3097,3092,2060,3181
3181,3943,3164,3099,3093
3182,3258,3137,3139,3197
3183,2063,3202,3096,3098
3184,3103,3099,3164,2061
3185,3051,3053,3132,3130
3186,3098,3101,3200,2063
3187,3952,3199,3086,3106
3188,3109,3103,2061,3170
3189,3104,3097,3181,3190
3190,3036,3040,3121,3115
3191,3115,3121,3179,3172
3192,3114,3119,3176,3228
3193,3114,3228,3169,3110
3194,3173,3177,3230,3227
3195,3031,3037,3117,3111
3196,3112,3171,3174,3116
3197,3113,3110,3169,3168
3198,3119,3114,3038,3035
3199,3223,3167,3172,3229
3200,3116,3174,3178,3120
3201,3118,3117,3037,3034
3202,3113,3168,3175,3118
3203,3122,3120,3178,2062
3204,3043,3045,3125,3123
3205,3124,3122,2062,3184
3206,3045,3044,3127,3125
3207,3223,3229,3283,3318
3208,3126,3124,3184,3186
3209,3182,3179,3121,3123
3210,3944,3084,3156,3196
3211,3128,3104,3190,3131
3212,3053,3052,3131,3132
3213,3181,2060,3248,3302
3214,3203,3085,2059,3256
3215,3138,3139,3061,3059
3216,3106,3135,3189,3952
3217,3165,3188,3102,3091
3218,3188,3194,3133,3102
3219,3187,3258,3297,3259
3220,3141,3066,3140,3198
3221,3197,3139,3138,3134
3222,3196,3198,3140,3944
3223,3068,3066,3141,3145
3224,3145,3141,3907,3204
3225,3142,3207,3144,3882
3226,3300,3257,3965,3292
3227,2059,3064,3144,3207
3228,3263,3209,3208,3267
3229,3073,3071,3143,3147
3230,3073,3147,3208,3148
3231,3209,3074,3148,3208
3232,3212,2081,3152,3268
3233,3153,3847,2993,3841
3234,3260,3203,3256,3309
3235,3153,2074,3151,3847
3236,3953,3201,3964,3244
3237,3244,3965,3154,3953
3238,3155,3286,3937,3250
3239,3312,3263,3267,3330
3240,2060,3092,3157,3248
3241,3216,3321,3161,3158
3242,3162,3202,3255,3246
3243,3334,3217,3218,3274
3244,3217,3219,3165,3160
3245,3093,3087,3161,3943
3246,3095,3096,3202,3162
3247,3130,3132,3193,3191
3248,3180,3191,3220,3957
3249,3170,3252,3251,3176
3250,3222,3287,3951,3166
3251,3101,3105,3951,3200
3252,3172,3179,3232,3229
3253,3969,3278,3231,3225
3254,3119,3109,3170,3176
3255,3169,3228,3284,3224
3256,3176,3251,3301,3228
3257,3226,3243,3174,3171
3258,3123,3125,3183,3182
3259,3232,3179,3182,3233
3260,3177,3117,3118,3175
3261,3224,3225,3168,3169
3262,3178,3174,3243,3249
3263,3125,3127,3185,3183
3264,3167,3223,3222,3166
3265,3957,3958,3163,3180
3266,3192,3193,3132,3131
3267,3186,3185,3127,3126
3268,3234,3233,3182,3183
3269,3297,3258,3197,3260
3270,3135,3136,3195,3189
3271,3240,3189,3195,3241
3272,3131,3190,3236,3192
3273,3193,3192,3239,3238
3274,3239,3192,3236,3281
3275,3165,3219,3221,3188
3276,3221,3237,3194,3188
3277,3194,3237,3241,3195
3278,3196,3156,3261,3262
3279,3205,3143,2065,3204
3280,3204,3907,3265,3205
3281,3199,3952,3242,3963
3282,3951,3287,3962,3200
3283,3963,3254,2064,3199
3284,3201,2064,3254,3964
3285,3202,2063,3247,3255
3286,3264,3296,3207,3142
3287,3267,3208,3205,3310
3288,3865,3206,3847,3151
3289,3309,3256,3296,3348
3290,3865,3264,3146,3206
3291,3209,3263,3266,3149
3292,3270,3210,3212,3317
3293,3316,3210,3270,3354
3294,2082,3636,3644,3271
3295,3268,3152,3215,3315
3296,3214,3153,3841,3650
3297,3307,3215,3266,2080
3298,3315,3390,3355,3268
3299,3158,3163,3958,3216
3300,3251,3252,3289,3301
3301,3162,3246,3218,3159
3302,3217,3334,3976,3219
3303,3191,3193,3238,3220
3304,3956,3955,3304,3958
3305,3277,3221,3219,3976
3306,3962,3290,3981,3247
3307,3279,3283,3229,3232
3308,3339,3278,3969,3280
3309,3227,3226,3171,3173
3310,3249,3960,2062,3178
3311,3986,3230,3231,3278
3312,3252,3170,2061,3288
3313,3224,3284,3954,3280
3314,3234,3183,3185,3235
3315,3231,3230,3177,3175
3316,3986,3335,3227,3230
3317,3225,3224,3280,3969
3318,3185,3186,3245,3235
3319,3412,3320,3360,3396
3320,3245,3186,3184,3253
3321,3233,3234,3332,3979
3322,3234,3235,3978,3332
3323,3184,2062,3960,3253
3324,3190,3181,3302,3236
3325,3305,3955,3941,3328
3326,3239,3281,3328,3941
3327,3240,3974,3275,3242
3328,3240,3242,3952,3189
3329,3221,3277,3975,3237
3330,3282,3241,3237,3975
3331,3299,3371,3362,3306
3332,3243,3226,3273,3293
3333,3249,3243,3293,3977
3334,3245,3253,3294,3276
3335,3981,3246,3255,3247
3336,3247,2063,3200,3962
3337,3285,3222,3223,3318
3338,3298,3157,3937,3286
3339,3298,3326,3248,3157
3340,3286,3155,3187,3259
3341,2061,3164,3959,3288
3342,3289,3252,3288,3959
3343,3959,3164,3943,3961
3344,3253,3960,3291,3294
3345,3338,3973,3275,3974
3346,3267,3310,3927,3330
3347,3348,3296,3311,3272
3348,3363,3381,3387,3410
3349,3261,3257,3300,3303
3350,3262,3933,3308,3922
3351,3198,3196,3262,3922
3352,3310,3205,3265,3927
3353,2080,3266,3263,3312
3354,3311,3296,3264,3865
3355,3265,3907,3922,3308
3356,3327,3300,3292,3329
3357,3350,3317,3355,3384
3358,3340,3297,3260,3309
3359,2074,3213,3269,3314
3360,3354,3270,2097,3494
3361,3151,3272,3311,3865
3362,2067,2741,3271,3644
3363,3272,3151,2074,3314
3364,3273,3226,3227,3335
3365,3361,3996,3274,3322
3366,3274,3218,3246,3322
3367,3974,3240,3241,3282
3368,3306,3362,3368,3329
3369,3379,3988,3366,3413
3370,3245,3276,3978,3235
3371,3993,3282,3975,3341
3372,3319,3273,3335,3365
3373,3283,3279,3342,3988
3374,3232,3233,3979,3279
3375,3319,3365,3395,3968
3376,3236,3302,3921,3281
3377,3305,3328,3934,3382
3378,3974,3282,3993,3338
3379,3228,3301,3336,3284
3380,3336,3370,3954,3284
3381,3322,3295,3325,3361
3382,3331,3364,3980,3285
3383,3286,3259,3905,3298
3384,3962,3287,3980,3290
3385,3287,3222,3285,3980
3386,3216,3958,3304,3321
3387,3372,3289,3337,3940
3388,3301,3289,3372,3336
3389,3331,3285,3318,3379
3390,3246,3981,3295,3322
3391,3977,3293,3985,3323
3392,3977,3323,3324,3291
3393,3254,3299,3306,3964
3394,3273,3319,3985,3293
3395,3294,3291,3324,3360
3396,3290,3325,3295,3981
3397,3351,3340,3309,3348
3398,3254,3963,3973,3299
3399,3299,3973,3338,3371
3400,3300,3327,3333,3303
3401,3326,3298,3905,3906
3402,3404,3369,3367,3400
3403,3262,3261,3303,3933
3404,3356,3321,3304,3343
3405,3957,3220,3956,3958
3406,3358,3328,3281,3346
3407,3306,3329,3244,3964
3408,3347,3307,2080,3349
3409,3351,3348,3272,3314
3410,3313,2090,3388,3353
3411,3269,3352,3386,3314
3412,3268,3355,3317,3212
3413,3624,2098,3607,3629
3414,2097,3270,3317,3350
3415,3279,3979,3982,3342
3416,3364,3325,3290,3980
3417,3982,3987,3378,3971
3418,3320,3276,3294,3360
3419,3289,3959,3961,3337
3420,3323,3985,3357,3359
3421,3359,3360,3324,3323
3422,3381,3259,3297,3340
3423,3906,3905,3363,3398
3424,3368,3367,3327,3329
3425,3921,3302,3248,3326
3426,3244,3329,3292,3965
3427,3369,3333,3327,3367
3428,3405,3434,3382,3934
3429,3303,3333,3345,3933
3430,3933,3345,3929,3308
3431,3325,3364,3414,3361
3432,3979,3332,3987,3982
3433,3320,3378,3978,3276
3434,3380,3334,3274,3996
3435,3986,3278,3339,3373
3436,3986,3373,3365,3335
3437,3344,3339,3280,3954
3438,3337,3356,3406,3940
3439,3995,3976,3334,3380
3440,3993,3375,3371,3338
3441,3967,3968,3395,3431
3442,3410,3387,3386,3420
3443,3998,3416,3401,3380
3444,3382,3415,3343,3305
3445,3343,3304,3955,3305
3446,3344,3954,3370,3403
3447,3409,3374,3442,3383
3448,3346,3376,3407,3358
3449,3385,3347,3349,3418
3450,3419,3392,3417,3439
3451,3383,3312,3330,3409
3452,3418,3349,3383,3442
3453,3352,3313,3353,3885
3454,3410,3420,2075,3440
3455,3445,3391,3421,3874
3456,3353,3421,3391,3885
3457,3389,3471,3494,2097
3458,3624,3354,3617,2098
3459,3384,3355,3390,2096
3460,3321,3356,3337,3961
3461,3394,3359,3357,3966
3462,3328,3358,3935,3934
3463,3359,3394,3396,3360
3464,3435,3982,3971,3970
3465,3371,3408,3397,3362
3466,3397,3367,3368,3362
3467,3988,3379,3318,3283
3468,3344,3377,3373,3339
3469,3365,3373,3402,3395
3470,3435,3484,3983,3990
3471,3998,3437,3458,3416
3472,3367,3397,3441,3400
3473,3978,3378,3987,3332
3474,3277,3976,3995,3994
3475,3442,3426,3461,3418
3476,3333,3369,3374,3345
3477,3336,3372,3399,3370
3478,3994,3995,3428,3375
3479,3371,3375,3428,3408
3480,3940,3427,3399,3372
3481,3374,3369,3404,3442
3482,3995,3380,3401,3428
3483,3401,3416,3432,3460
3484,3438,3926,3407,3398
3485,3921,3376,3346,3281
3486,3403,3370,3399,3436
3487,3966,3462,3424,3394
3488,3381,3363,3905,3259
3489,3363,3410,3440,3398
3490,3982,3435,3990,3342
3491,3997,3414,3364,3331
3492,3997,3331,3379,3413
3493,3386,3387,3351,3314
3494,3415,3382,3434,3454
3495,3447,3389,3423,3449
3496,3464,3439,3481,3517
3497,3446,3419,3439,3464
3498,3387,3381,3340,3351
3499,3388,3861,3421,3353
3500,3471,3389,3447,2113
3501,3389,2097,3350,3423
3502,3390,3315,3392,3419
3503,3391,2075,3420,3885
3504,3417,3347,3385,3465
3505,3394,3424,3453,3396
3506,3377,3411,3402,3373
3507,3395,3402,3411,3431
3508,3413,3366,3430,3455
3509,3426,3400,3441,3947
3510,3935,3926,3405,3934
3511,3376,3906,3398,3407
3512,3436,3399,3427,3457
3513,3378,3320,3412,3971
3514,3444,3408,3460,3456
3515,3403,3429,3377,3344
3516,3411,3377,3429,3452
3517,3443,3481,3465,3385
3518,3425,3356,3343,3415
3519,3425,3463,3406,3356
3520,3444,3441,3397,3408
3521,3929,3409,3330,3927
3522,3345,3374,3409,3929
3523,3386,3352,3885,3420
3524,3411,3452,3507,3431
3525,3437,3413,3455,3477
3526,3990,3983,3430,3366
3527,3361,3414,3437,3998
3528,3443,3385,3418,3461
3529,2096,3390,3419,3446
3530,3448,2096,3446,3469
3531,3449,3423,3422,3470
3532,3396,3453,3433,3412
3533,3968,3357,3985,3319
3534,3457,3427,3463,3475
3535,3404,3400,3426,3442
3536,3429,3403,3436,3459
3537,3341,3994,3375,3993
3538,3505,3450,3474,3504
3539,3437,3414,3997,3413
3540,3483,3992,3416,3458
3541,3472,3462,3431,3507
3542,3467,3444,3456,3487
3543,3474,3433,3453,2077
3544,3451,3405,3926,3438
3545,3451,3479,3434,3405
3546,3970,3450,3484,3435
3547,3459,3436,3457,3486
3548,3398,3440,3468,3438
3549,3451,3438,3468,3466
3550,3468,3440,2075,3466
3551,3467,3485,2079,3947
3552,3444,3467,3947,3441
3553,3460,3408,3428,3401
3554,3501,3466,3445,3488
3555,2075,3391,3445,3466
3556,3447,3914,3916,2113
3557,3448,3493,3470,3422
3558,3448,3469,3512,3493
3559,3914,3915,2112,3518
3560,3477,3455,3498,3506
3561,3459,3482,3452,3429
3562,3453,3424,3473,2077
3563,3460,3432,3480,3456
3564,3475,3925,3489,2076
3565,3425,3415,3454,3925
3566,3458,3437,3477,2078
3567,3484,3478,3430,3983
3568,3467,3487,3502,3485
3569,3406,3463,3427,3940
3570,3486,3457,3475,2076
3571,3483,3458,2078,3497
3572,3991,3989,3480,3432
3573,2079,3461,3426,3947
3574,2079,3485,3490,3946
3575,3473,3424,3462,3472
3576,3968,3967,3966,3357
3577,3529,3454,3434,3479
3578,3465,3481,3439,3417
3579,3491,3464,3517,2095
3580,3445,3874,3875,3488
3581,3479,3501,3899,3529
3582,3972,3526,3487,3984
3583,3532,3549,3510,3899
3584,3515,3495,3493,3513
3585,3914,3518,3539,3916
3586,3516,2113,3640,3559
3587,3471,3492,3622,3494
3588,3547,3499,3525,3543
3589,3499,3473,3472,3525
3590,3433,3474,3450,3970
3591,3478,3505,3521,3498
3592,3476,3992,3483,3497
3593,3478,3498,3455,3430
3594,3504,3528,3521,3505
3595,3501,3479,3451,3466
3596,3946,3490,3481,3443
3597,3482,3459,3486,3500
3598,3497,3541,3509,3476
3599,3450,3505,3478,3484
3600,3550,3533,3502,3540
3601,3500,3486,2076,3527
3602,3509,3972,3989,3476
3603,3510,3489,3529,3899
3604,3925,3475,3463,3425
3605,3503,3491,2095,3531
3606,3512,3469,3491,3503
3607,3539,3640,2113,3916
3608,3622,2114,3598,3617
3609,3513,3493,3512,3917
3610,3470,3493,3495,2112
3611,3514,3496,2091,3536
3612,3496,3535,3511,3875
3613,3506,3522,2078,3477
3614,3504,3474,2077,3524
3615,2077,3473,3499,3524
3616,3542,3500,3527,3562
3617,3488,3532,3899,3501
3618,3502,3533,3508,3945
3619,3503,3534,3917,3512
3620,3530,3531,2095,3508
3621,3528,3544,3523,3521
3622,3522,3541,3497,2078
3623,3519,3482,3500,3542
3624,3502,3945,3490,3485
3625,3526,3972,3509,3520
3626,3548,3511,3535,2092
3627,2076,3489,3510,3527
3628,3511,3548,3549,3532
3629,3513,3917,3908,3538
3630,3554,3537,3514,3555
3631,3495,3574,3518,2112
3632,3516,3559,3552,2114
3633,3945,3517,3481,3490
3634,3542,3562,3566,3543
3635,3550,3540,3578,3568
3636,3506,3523,3546,3522
3637,3522,3546,3561,3541
3638,3544,3528,3545,3567
3639,3545,3528,3504,3524
3640,3519,3542,3543,3525
3641,3502,3487,3526,3540
3642,3549,3562,3527,3510
3643,3529,3489,3925,3454
3644,2095,3517,3945,3508
3645,3508,3533,3550,3530
3646,3584,3586,3569,3938
3647,3534,3553,3908,3917
3648,3388,3587,3556,3861
3649,3560,3537,3554,3608
3650,3535,3537,3560,2092
3651,3557,3538,3558,2127
3652,2111,3558,3538,3908
3653,3640,3539,3614,2129
3654,2114,3622,3492,3516
3655,3541,3561,3520,3509
3656,3568,3584,3938,3575
3657,3578,3520,3561,3582
3658,3563,3547,3543,3566
3659,3567,3581,3565,3544
3660,3561,3546,3565,3582
3661,3949,3579,3545,3524
3662,3939,3564,3579,3949
3663,3939,3949,3547,3563
3664,3577,3548,2092,3585
3665,3562,3549,3548,3577
3666,3575,3530,3550,3568
3667,3575,3551,3531,3530
3668,3571,3569,3586,3625
3669,2130,3657,3590,3552
3670,3653,3573,3597,3694
3671,2111,3908,3553,3920
3672,3621,3554,3555,2107
3673,3587,3388,2090,3846
3674,3845,3556,3587,3831
3675,3557,2127,3588,3574
3676,2130,3552,3559,3637
3677,3593,3585,3930,3931
3678,3563,3583,3564,3939
3679,3567,3545,3579,3950
3680,3582,3565,3581,2094
3681,3566,3562,3577,3580
3682,3551,3575,3938,3569
3683,3569,3571,3920,3553
3684,3684,3570,3845,2106
3685,3570,3536,3556,3845
3686,3583,3580,3593,2093
3687,2092,3560,3572,3585
3688,2110,3597,3912,3625
3689,2128,3518,3574,3588
3690,3515,3557,3574,3495
3691,3576,2114,3552,3904
3692,3580,3577,3585,3593
3693,3592,3584,3568,3578
3694,3599,3564,3583,2093
3695,3581,3567,3591,3600
3696,3563,3566,3580,3583
3697,2094,3581,3600,3924
3698,3582,2094,3592,3578
3699,3950,3599,3591,3567
3700,3584,3592,3923,3586
3701,3930,3585,3572,3594
3702,3920,3912,3918,2111
3703,3594,3572,3595,3601
3704,3913,3625,3586,3923
3705,3846,3596,3831,3587
3706,3576,2115,3898,3589
3707,2098,3589,3898,3607
3708,3564,3599,3950,3579
3709,3611,3591,3599,2093
3710,3923,3592,2094,3924
3711,3911,3595,3572,3560
3712,3609,3601,3595,3603
3713,2105,3596,3692,3666
3714,3831,3596,2105,3658
3715,3597,2110,3604,3694
3716,3626,2128,2144,3630
3717,3931,3606,2093,3593
3718,3619,3928,3613,3606
3719,3931,3932,3618,3606
3720,3594,3932,3931,3930
3721,3896,2108,3621,3623
3722,3603,3641,2109,3609
3723,3694,3604,3627,2126
3724,2144,2128,3588,3883
3725,2143,3660,3605,3655
3726,3898,3615,2099,3607
3727,3618,2109,3619,3606
3728,3606,3613,3611,2093
3729,3609,2109,3618,3932
3730,3638,3620,3610,3928
3731,2110,3625,3913,3612
3732,3600,3591,3611,3936
3733,3612,3913,3602,3613
3734,3896,3628,3616,3910
3735,3634,3633,3639,3641
3736,3639,3619,2109,3641
3737,3627,3620,3633,3888
3738,3886,3623,3661,2123
3739,3621,2107,3661,3623
3740,3623,2124,3628,3896
3741,3624,2082,3316,3354
3742,3897,3631,2129,3614
3743,3628,2124,3632,3894
3744,3928,3610,3612,3613
3745,2083,3636,3629,3635
3746,2082,3624,3629,3636
3747,3643,3631,3649,2146
3748,3632,2124,3642,3647
3749,3665,3632,3647,3872
3750,3620,3638,3639,3633
3751,3888,3676,2126,3627
3752,3909,3616,3628,3894
3753,3637,3559,3640,2129
3754,3619,3639,3638,3928
3755,3634,3641,3616,3909
3756,2124,3623,3886,3642
3757,3649,3631,2145,3879
3758,3657,2130,3664,3689
3759,3644,3646,3645,2067
3760,2068,3645,3646,3662
3761,3869,2145,3652,3754
3762,2089,3692,3650,3841
3763,3754,3652,3741,2157
3764,2083,3635,3654,3704
3765,3695,2126,3705,3697
3766,2131,3590,3657,3884
3767,3831,3658,2106,3845
3768,3775,3659,3812,2154
3769,3862,3660,3774,3783
3770,3883,3660,3862,3693
3771,2107,3684,3696,3661
3772,3759,3662,3704,2084
3773,3691,2131,3753,3786
3774,2147,3863,3755,3799
3775,3708,2142,3697,3705
3776,2165,2150,3668,3711
3777,3709,3669,3670,2121
3778,3830,2068,3662,3759
3779,2069,3715,3671,3830
3780,2070,3703,3672,3733
3781,3713,3758,2071,3674
3782,3698,3675,3739,3873
3783,2099,3615,3675,3698
3784,3676,3708,3705,2126
3785,3749,3735,3677,3707
3786,3706,3678,2173,3810
3787,3719,3679,2168,3763
3788,3702,3681,2175,3792
3789,3684,2106,3699,3696
3790,2136,2149,3687,3817
3791,2104,3686,2088,3731
3792,2164,3687,2149,3725
3793,3829,3688,2164,3724
3794,2176,3816,3688,3829
3795,3756,3689,2147,3769
3796,2158,3751,3690,3869
3797,2159,3690,3751,3803
3798,3701,3691,3786,2116
3799,2157,3741,3693,3862
3800,3653,3694,2126,3695
3801,2123,3661,3696,3742
3802,3740,2142,3778,3801
3803,2100,3654,3698,3873
3804,2121,2122,3700,3709
3805,3700,2122,3844,3699
3806,3739,3701,2116,3776
3807,2161,2174,3702,3760
3808,3713,3672,3703,3758
3809,3707,3854,3788,3749
3810,3881,3708,3676,2125
3811,3710,2171,3795,2156
3812,3710,3839,3808,2170
3813,3714,2072,219,220
3814,2070,2069,3757,2085
3815,3744,3720,2165,3711
3816,3721,2169,3780,3811
3817,2136,3817,3722,3767
3818,3829,3724,3732,2176
3819,3737,3724,2163,3752
3820,3726,2149,2136,3832
3821,3727,2103,3765,2119
3822,3728,2138,3777,3843
3823,3729,2138,3824,2150
3824,3730,3773,3842,3729
3825,3752,2163,3725,3833
3826,3775,3794,2141,3872
3827,3738,2141,3794,3778
3828,2156,3774,3740,3801
3829,3860,3843,3777,3768
3830,3748,3751,2158,3779
3831,2172,3716,3748,3779
3832,3755,3750,2159,3864
3833,3750,3879,3690,2159
3834,2162,3752,3840,3851
3835,3884,3756,3753,2131
3836,3786,3753,3784,2132
3837,2158,3869,3754,3854
3838,3799,3755,3864,2160
3839,3863,2147,3689,3664
3840,2087,2071,3758,3787
3841,3771,3760,3789,3790
3842,3785,3797,3772,2152
3843,2086,3703,3762,3859
3844,3765,2102,3791,2118
3845,2086,2102,3766,3787
3846,2135,3767,2119,3781
3847,3773,3858,3777,3842
3848,3858,3800,3768,3777
3849,2148,3802,3771,3798
3850,2148,3784,3769,3802
3851,3791,3859,2101,2117
3852,2133,3798,3771,3790
3853,3858,3773,3857,2139
3854,3857,3773,2151,3761
3855,3783,3774,2156,3795
3856,3776,2117,2101,3871
3857,3842,3777,2138,3729
3858,2155,3801,3778,3794
3859,3779,2158,3854,3707
3860,3780,2170,3808,3811
3861,2157,3862,3783,3788
3862,3784,2148,3798,2132
3863,3781,2134,3764,2135
3864,3840,2134,3790,3851
3865,3871,2101,3770,3856
3866,3855,3793,3871,3856
3867,3796,2133,3804,2117
3868,3868,3772,3797,3806
3869,3802,3769,3805,2161
3870,3870,3800,3648,3887
3871,3747,2160,3810,2173
3872,2140,3806,3797,3809
3873,3803,3807,3864,2159
3874,3812,3809,2153,3721
3875,2160,3864,3807,3810
3876,3819,174,175,2830
3877,3825,2294,2279,2469
3878,3827,2461,3837,2546
3879,3838,2471,3852,2564
3880,3839,3710,2156,3801
3881,2122,3728,3843,3844
3882,3849,2643,2543,2546
3883,2085,3757,3855,3856
3884,2139,3857,3772,3868
3885,3800,3858,2139,3868
3886,3742,3860,3870,2123
3887,3861,2091,3874,3421
3888,2647,3850,2732,3866
3889,3887,3886,2123,3870
3890,3793,2100,3873,3871
3891,3872,2141,3881,3665
3892,3873,3739,3776,3871
3893,3868,3806,3648,3800
3894,2983,3882,3065,3895
3895,3892,3888,3633,3634
3896,2125,3676,3888,3892
3897,2821,3876,3889,3891
3898,2754,2821,3891,3901
3899,3632,3665,3893,3894
3900,3892,3634,3909,3894
3901,2145,3631,3897,3626
3902,3901,3880,2745,2754
3903,2986,3919,2832,3903
3904,3326,3906,3376,3921
3905,3907,3141,3198,3922
3906,2108,3896,3910,3911
3907,3918,3912,3597,3573
3908,3915,3449,3470,2112
3909,3625,3912,3920,3571
3910,3602,3913,3923,3924
3911,3407,3926,3935,3358
3912,3927,3265,3308,3929
3913,3949,3524,3499,3547
3914,3238,3239,3941,3942
3915,3942,3941,3955,3956
3916,3321,3961,3943,3161
3917,3946,3443,3461,2079
3918,3948,3154,3965,3257
3919,3220,3238,3942,3956
3920,3960,3249,3977,3291
3921,3973,3963,3242,3275
3922,3462,3966,3967,3431
3923,3412,3433,3970,3971
3924,3989,3972,3984,3480
3925,3341,3975,3277,3994
3926,3456,3480,3984,3487
3927,3988,3342,3990,3366
3928,3432,3416,3992,3991
3929,3992,3476,3989,3991
3930,3996,3361,3998,3380
