repository_path,size_bytes,sha256,job_id,source_revision
runs/hpc/stage_f/f6_h2_full_and_miseseri_remesh_api_batch/evidence/1379967.mmaster02/abaqus.rpy,1744,3bdb588ac11d4f1c4c7bbefb77ff7677596428b97f0666ed79dd74ee37c8f5fa,1379967.mmaster02,2249ec21fe92c6c7348d1cff653a84901828e117
runs/hpc/stage_f/f6_h2_full_and_miseseri_remesh_api_batch/evidence/1379967.mmaster02/abaqus_path.txt,49,4ea28691dce264a9144409c1366a96ba0fe94ced09455da62b949320efb23fbe,1379967.mmaster02,2249ec21fe92c6c7348d1cff653a84901828e117
runs/hpc/stage_f/f6_h2_full_and_miseseri_remesh_api_batch/evidence/1379967.mmaster02/cae_stdout.log,208,80bb09e9d98e3ac660c7f4114ffc41f3c96db8a4d4543114d45dce22ff65e894,1379967.mmaster02,2249ec21fe92c6c7348d1cff653a84901828e117
runs/hpc/stage_f/f6_h2_full_and_miseseri_remesh_api_batch/evidence/1379967.mmaster02/M2RMAPI1.o1379967,1651,912590622ef348954bdb3d7926b87422f122cef29fb1e707f7ce57319800bcd8,1379967.mmaster02,2249ec21fe92c6c7348d1cff653a84901828e117
runs/hpc/stage_f/f6_h2_full_and_miseseri_remesh_api_batch/evidence/1379967.mmaster02/M2RMAPI1.pbs,2177,ad10efbfb51abb7dbf27e721bb566e49755ff9f2b637b3d390420f769c19ea25,1379967.mmaster02,2249ec21fe92c6c7348d1cff653a84901828e117
runs/hpc/stage_f/f6_h2_full_and_miseseri_remesh_api_batch/evidence/1379967.mmaster02/QSTAT_FINAL.txt,2939,1d1f03530a537b1e6150e33a81cc42556480818197db7b9588806847cf44008e,1379967.mmaster02,2249ec21fe92c6c7348d1cff653a84901828e117
runs/hpc/stage_f/f6_h2_full_and_miseseri_remesh_api_batch/evidence/1379967.mmaster02/RUNTIME_MANIFEST.json,216,a4a76695b07f8ac4180be979daea5e45fb0ba450c3e3f183d86ffdd8d9c0d75b,1379967.mmaster02,2249ec21fe92c6c7348d1cff653a84901828e117
runs/hpc/stage_f/f6_h2_full_and_miseseri_remesh_api_batch/evidence/1379967.mmaster02/SHA256SUMS,2891,289a6d22b37df9622846a4ab7c32305a81e89cbb7a1b964a558549068105bb62,1379967.mmaster02,2249ec21fe92c6c7348d1cff653a84901828e117
runs/hpc/stage_f/f6_h2_full_and_miseseri_remesh_api_batch/evidence/1379967.mmaster02/STATUS.json,250,a763a09cc87c736f8a67dac5e357becaa94bfab03473f64c208f486f56c40d6d,1379967.mmaster02,2249ec21fe92c6c7348d1cff653a84901828e117
runs/hpc/stage_f/f6_h2_full_and_miseseri_remesh_api_batch/evidence/1379967.mmaster02/TRACEJOB.txt,73,f860c04f837775b1fe451e12b18dabd87fc2b921923126e3ac427e62603ac960,1379967.mmaster02,2249ec21fe92c6c7348d1cff653a84901828e117
