physical_id,u1_id,u2_id,cps4_id,n1,n2,n3,n4
1,1,1601,3201,1,2,43,42
2,2,1602,3202,2,3,44,43
3,3,1603,3203,3,4,45,44
4,4,1604,3204,4,5,46,45
5,5,1605,3205,5,6,47,46
6,6,1606,3206,6,7,48,47
7,7,1607,3207,7,8,49,48
8,8,1608,3208,8,9,50,49
9,9,1609,3209,9,10,51,50
10,10,1610,3210,10,11,52,51
11,11,1611,3211,11,12,53,52
12,12,1612,3212,12,13,54,53
13,13,1613,3213,13,14,55,54
14,14,1614,3214,14,15,56,55
15,15,1615,3215,15,16,57,56
16,16,1616,3216,16,17,58,57
17,17,1617,3217,17,18,59,58
18,18,1618,3218,18,19,60,59
19,19,1619,3219,19,20,61,60
20,20,1620,3220,20,21,62,61
21,21,1621,3221,21,22,63,62
22,22,1622,3222,22,23,64,63
23,23,1623,3223,23,24,65,64
24,24,1624,3224,24,25,66,65
25,25,1625,3225,25,26,67,66
26,26,1626,3226,26,27,68,67
27,27,1627,3227,27,28,69,68
28,28,1628,3228,28,29,70,69
29,29,1629,3229,29,30,71,70
30,30,1630,3230,30,31,72,71
31,31,1631,3231,31,32,73,72
32,32,1632,3232,32,33,74,73
33,33,1633,3233,33,34,75,74
34,34,1634,3234,34,35,76,75
35,35,1635,3235,35,36,77,76
36,36,1636,3236,36,37,78,77
37,37,1637,3237,37,38,79,78
38,38,1638,3238,38,39,80,79
39,39,1639,3239,39,40,81,80
40,40,1640,3240,40,41,82,81
41,41,1641,3241,42,43,84,83
42,42,1642,3242,43,44,85,84
43,43,1643,3243,44,45,86,85
44,44,1644,3244,45,46,87,86
45,45,1645,3245,46,47,88,87
46,46,1646,3246,47,48,89,88
47,47,1647,3247,48,49,90,89
48,48,1648,3248,49,50,91,90
49,49,1649,3249,50,51,92,91
50,50,1650,3250,51,52,93,92
51,51,1651,3251,52,53,94,93
52,52,1652,3252,53,54,95,94
53,53,1653,3253,54,55,96,95
54,54,1654,3254,55,56,97,96
55,55,1655,3255,56,57,98,97
56,56,1656,3256,57,58,99,98
57,57,1657,3257,58,59,100,99
58,58,1658,3258,59,60,101,100
59,59,1659,3259,60,61,102,101
60,60,1660,3260,61,62,103,102
61,61,1661,3261,62,63,104,103
62,62,1662,3262,63,64,105,104
63,63,1663,3263,64,65,106,105
64,64,1664,3264,65,66,107,106
65,65,1665,3265,66,67,108,107
66,66,1666,3266,67,68,109,108
67,67,1667,3267,68,69,110,109
68,68,1668,3268,69,70,111,110
69,69,1669,3269,70,71,112,111
70,70,1670,3270,71,72,113,112
71,71,1671,3271,72,73,114,113
72,72,1672,3272,73,74,115,114
73,73,1673,3273,74,75,116,115
74,74,1674,3274,75,76,117,116
75,75,1675,3275,76,77,118,117
76,76,1676,3276,77,78,119,118
77,77,1677,3277,78,79,120,119
78,78,1678,3278,79,80,121,120
79,79,1679,3279,80,81,122,121
80,80,1680,3280,81,82,123,122
81,81,1681,3281,83,84,125,124
82,82,1682,3282,84,85,126,125
83,83,1683,3283,85,86,127,126
84,84,1684,3284,86,87,128,127
85,85,1685,3285,87,88,129,128
86,86,1686,3286,88,89,130,129
87,87,1687,3287,89,90,131,130
88,88,1688,3288,90,91,132,131
89,89,1689,3289,91,92,133,132
90,90,1690,3290,92,93,134,133
91,91,1691,3291,93,94,135,134
92,92,1692,3292,94,95,136,135
93,93,1693,3293,95,96,137,136
94,94,1694,3294,96,97,138,137
95,95,1695,3295,97,98,139,138
96,96,1696,3296,98,99,140,139
97,97,1697,3297,99,100,141,140
98,98,1698,3298,100,101,142,141
99,99,1699,3299,101,102,143,142
100,100,1700,3300,102,103,144,143
101,101,1701,3301,103,104,145,144
102,102,1702,3302,104,105,146,145
103,103,1703,3303,105,106,147,146
104,104,1704,3304,106,107,148,147
105,105,1705,3305,107,108,149,148
106,106,1706,3306,108,109,150,149
107,107,1707,3307,109,110,151,150
108,108,1708,3308,110,111,152,151
109,109,1709,3309,111,112,153,152
110,110,1710,3310,112,113,154,153
111,111,1711,3311,113,114,155,154
112,112,1712,3312,114,115,156,155
113,113,1713,3313,115,116,157,156
114,114,1714,3314,116,117,158,157
115,115,1715,3315,117,118,159,158
116,116,1716,3316,118,119,160,159
117,117,1717,3317,119,120,161,160
118,118,1718,3318,120,121,162,161
119,119,1719,3319,121,122,163,162
120,120,1720,3320,122,123,164,163
121,121,1721,3321,124,125,166,165
122,122,1722,3322,125,126,167,166
123,123,1723,3323,126,127,168,167
124,124,1724,3324,127,128,169,168
125,125,1725,3325,128,129,170,169
126,126,1726,3326,129,130,171,170
127,127,1727,3327,130,131,172,171
128,128,1728,3328,131,132,173,172
129,129,1729,3329,132,133,174,173
130,130,1730,3330,133,134,175,174
131,131,1731,3331,134,135,176,175
132,132,1732,3332,135,136,177,176
133,133,1733,3333,136,137,178,177
134,134,1734,3334,137,138,179,178
135,135,1735,3335,138,139,180,179
136,136,1736,3336,139,140,181,180
137,137,1737,3337,140,141,182,181
138,138,1738,3338,141,142,183,182
139,139,1739,3339,142,143,184,183
140,140,1740,3340,143,144,185,184
141,141,1741,3341,144,145,186,185
142,142,1742,3342,145,146,187,186
143,143,1743,3343,146,147,188,187
144,144,1744,3344,147,148,189,188
145,145,1745,3345,148,149,190,189
146,146,1746,3346,149,150,191,190
147,147,1747,3347,150,151,192,191
148,148,1748,3348,151,152,193,192
149,149,1749,3349,152,153,194,193
150,150,1750,3350,153,154,195,194
151,151,1751,3351,154,155,196,195
152,152,1752,3352,155,156,197,196
153,153,1753,3353,156,157,198,197
154,154,1754,3354,157,158,199,198
155,155,1755,3355,158,159,200,199
156,156,1756,3356,159,160,201,200
157,157,1757,3357,160,161,202,201
158,158,1758,3358,161,162,203,202
159,159,1759,3359,162,163,204,203
160,160,1760,3360,163,164,205,204
161,161,1761,3361,165,166,207,206
162,162,1762,3362,166,167,208,207
163,163,1763,3363,167,168,209,208
164,164,1764,3364,168,169,210,209
165,165,1765,3365,169,170,211,210
166,166,1766,3366,170,171,212,211
167,167,1767,3367,171,172,213,212
168,168,1768,3368,172,173,214,213
169,169,1769,3369,173,174,215,214
170,170,1770,3370,174,175,216,215
171,171,1771,3371,175,176,217,216
172,172,1772,3372,176,177,218,217
173,173,1773,3373,177,178,219,218
174,174,1774,3374,178,179,220,219
175,175,1775,3375,179,180,221,220
176,176,1776,3376,180,181,222,221
177,177,1777,3377,181,182,223,222
178,178,1778,3378,182,183,224,223
179,179,1779,3379,183,184,225,224
180,180,1780,3380,184,185,226,225
181,181,1781,3381,185,186,227,226
182,182,1782,3382,186,187,228,227
183,183,1783,3383,187,188,229,228
184,184,1784,3384,188,189,230,229
185,185,1785,3385,189,190,231,230
186,186,1786,3386,190,191,232,231
187,187,1787,3387,191,192,233,232
188,188,1788,3388,192,193,234,233
189,189,1789,3389,193,194,235,234
190,190,1790,3390,194,195,236,235
191,191,1791,3391,195,196,237,236
192,192,1792,3392,196,197,238,237
193,193,1793,3393,197,198,239,238
194,194,1794,3394,198,199,240,239
195,195,1795,3395,199,200,241,240
196,196,1796,3396,200,201,242,241
197,197,1797,3397,201,202,243,242
198,198,1798,3398,202,203,244,243
199,199,1799,3399,203,204,245,244
200,200,1800,3400,204,205,246,245
201,201,1801,3401,206,207,248,247
202,202,1802,3402,207,208,249,248
203,203,1803,3403,208,209,250,249
204,204,1804,3404,209,210,251,250
205,205,1805,3405,210,211,252,251
206,206,1806,3406,211,212,253,252
207,207,1807,3407,212,213,254,253
208,208,1808,3408,213,214,255,254
209,209,1809,3409,214,215,256,255
210,210,1810,3410,215,216,257,256
211,211,1811,3411,216,217,258,257
212,212,1812,3412,217,218,259,258
213,213,1813,3413,218,219,260,259
214,214,1814,3414,219,220,261,260
215,215,1815,3415,220,221,262,261
216,216,1816,3416,221,222,263,262
217,217,1817,3417,222,223,264,263
218,218,1818,3418,223,224,265,264
219,219,1819,3419,224,225,266,265
220,220,1820,3420,225,226,267,266
221,221,1821,3421,226,227,268,267
222,222,1822,3422,227,228,269,268
223,223,1823,3423,228,229,270,269
224,224,1824,3424,229,230,271,270
225,225,1825,3425,230,231,272,271
226,226,1826,3426,231,232,273,272
227,227,1827,3427,232,233,274,273
228,228,1828,3428,233,234,275,274
229,229,1829,3429,234,235,276,275
230,230,1830,3430,235,236,277,276
231,231,1831,3431,236,237,278,277
232,232,1832,3432,237,238,279,278
233,233,1833,3433,238,239,280,279
234,234,1834,3434,239,240,281,280
235,235,1835,3435,240,241,282,281
236,236,1836,3436,241,242,283,282
237,237,1837,3437,242,243,284,283
238,238,1838,3438,243,244,285,284
239,239,1839,3439,244,245,286,285
240,240,1840,3440,245,246,287,286
241,241,1841,3441,247,248,289,288
242,242,1842,3442,248,249,290,289
243,243,1843,3443,249,250,291,290
244,244,1844,3444,250,251,292,291
245,245,1845,3445,251,252,293,292
246,246,1846,3446,252,253,294,293
247,247,1847,3447,253,254,295,294
248,248,1848,3448,254,255,296,295
249,249,1849,3449,255,256,297,296
250,250,1850,3450,256,257,298,297
251,251,1851,3451,257,258,299,298
252,252,1852,3452,258,259,300,299
253,253,1853,3453,259,260,301,300
254,254,1854,3454,260,261,302,301
255,255,1855,3455,261,262,303,302
256,256,1856,3456,262,263,304,303
257,257,1857,3457,263,264,305,304
258,258,1858,3458,264,265,306,305
259,259,1859,3459,265,266,307,306
260,260,1860,3460,266,267,308,307
261,261,1861,3461,267,268,309,308
262,262,1862,3462,268,269,310,309
263,263,1863,3463,269,270,311,310
264,264,1864,3464,270,271,312,311
265,265,1865,3465,271,272,313,312
266,266,1866,3466,272,273,314,313
267,267,1867,3467,273,274,315,314
268,268,1868,3468,274,275,316,315
269,269,1869,3469,275,276,317,316
270,270,1870,3470,276,277,318,317
271,271,1871,3471,277,278,319,318
272,272,1872,3472,278,279,320,319
273,273,1873,3473,279,280,321,320
274,274,1874,3474,280,281,322,321
275,275,1875,3475,281,282,323,322
276,276,1876,3476,282,283,324,323
277,277,1877,3477,283,284,325,324
278,278,1878,3478,284,285,326,325
279,279,1879,3479,285,286,327,326
280,280,1880,3480,286,287,328,327
281,281,1881,3481,288,289,330,329
282,282,1882,3482,289,290,331,330
283,283,1883,3483,290,291,332,331
284,284,1884,3484,291,292,333,332
285,285,1885,3485,292,293,334,333
286,286,1886,3486,293,294,335,334
287,287,1887,3487,294,295,336,335
288,288,1888,3488,295,296,337,336
289,289,1889,3489,296,297,338,337
290,290,1890,3490,297,298,339,338
291,291,1891,3491,298,299,340,339
292,292,1892,3492,299,300,341,340
293,293,1893,3493,300,301,342,341
294,294,1894,3494,301,302,343,342
295,295,1895,3495,302,303,344,343
296,296,1896,3496,303,304,345,344
297,297,1897,3497,304,305,346,345
298,298,1898,3498,305,306,347,346
299,299,1899,3499,306,307,348,347
300,300,1900,3500,307,308,349,348
301,301,1901,3501,308,309,350,349
302,302,1902,3502,309,310,351,350
303,303,1903,3503,310,311,352,351
304,304,1904,3504,311,312,353,352
305,305,1905,3505,312,313,354,353
306,306,1906,3506,313,314,355,354
307,307,1907,3507,314,315,356,355
308,308,1908,3508,315,316,357,356
309,309,1909,3509,316,317,358,357
310,310,1910,3510,317,318,359,358
311,311,1911,3511,318,319,360,359
312,312,1912,3512,319,320,361,360
313,313,1913,3513,320,321,362,361
314,314,1914,3514,321,322,363,362
315,315,1915,3515,322,323,364,363
316,316,1916,3516,323,324,365,364
317,317,1917,3517,324,325,366,365
318,318,1918,3518,325,326,367,366
319,319,1919,3519,326,327,368,367
320,320,1920,3520,327,328,369,368
321,321,1921,3521,329,330,371,370
322,322,1922,3522,330,331,372,371
323,323,1923,3523,331,332,373,372
324,324,1924,3524,332,333,374,373
325,325,1925,3525,333,334,375,374
326,326,1926,3526,334,335,376,375
327,327,1927,3527,335,336,377,376
328,328,1928,3528,336,337,378,377
329,329,1929,3529,337,338,379,378
330,330,1930,3530,338,339,380,379
331,331,1931,3531,339,340,381,380
332,332,1932,3532,340,341,382,381
333,333,1933,3533,341,342,383,382
334,334,1934,3534,342,343,384,383
335,335,1935,3535,343,344,385,384
336,336,1936,3536,344,345,386,385
337,337,1937,3537,345,346,387,386
338,338,1938,3538,346,347,388,387
339,339,1939,3539,347,348,389,388
340,340,1940,3540,348,349,390,389
341,341,1941,3541,349,350,391,390
342,342,1942,3542,350,351,392,391
343,343,1943,3543,351,352,393,392
344,344,1944,3544,352,353,394,393
345,345,1945,3545,353,354,395,394
346,346,1946,3546,354,355,396,395
347,347,1947,3547,355,356,397,396
348,348,1948,3548,356,357,398,397
349,349,1949,3549,357,358,399,398
350,350,1950,3550,358,359,400,399
351,351,1951,3551,359,360,401,400
352,352,1952,3552,360,361,402,401
353,353,1953,3553,361,362,403,402
354,354,1954,3554,362,363,404,403
355,355,1955,3555,363,364,405,404
356,356,1956,3556,364,365,406,405
357,357,1957,3557,365,366,407,406
358,358,1958,3558,366,367,408,407
359,359,1959,3559,367,368,409,408
360,360,1960,3560,368,369,410,409
361,361,1961,3561,370,371,412,411
362,362,1962,3562,371,372,413,412
363,363,1963,3563,372,373,414,413
364,364,1964,3564,373,374,415,414
365,365,1965,3565,374,375,416,415
366,366,1966,3566,375,376,417,416
367,367,1967,3567,376,377,418,417
368,368,1968,3568,377,378,419,418
369,369,1969,3569,378,379,420,419
370,370,1970,3570,379,380,421,420
371,371,1971,3571,380,381,422,421
372,372,1972,3572,381,382,423,422
373,373,1973,3573,382,383,424,423
374,374,1974,3574,383,384,425,424
375,375,1975,3575,384,385,426,425
376,376,1976,3576,385,386,427,426
377,377,1977,3577,386,387,428,427
378,378,1978,3578,387,388,429,428
379,379,1979,3579,388,389,430,429
380,380,1980,3580,389,390,431,430
381,381,1981,3581,390,391,432,431
382,382,1982,3582,391,392,433,432
383,383,1983,3583,392,393,434,433
384,384,1984,3584,393,394,435,434
385,385,1985,3585,394,395,436,435
386,386,1986,3586,395,396,437,436
387,387,1987,3587,396,397,438,437
388,388,1988,3588,397,398,439,438
389,389,1989,3589,398,399,440,439
390,390,1990,3590,399,400,441,440
391,391,1991,3591,400,401,442,441
392,392,1992,3592,401,402,443,442
393,393,1993,3593,402,403,444,443
394,394,1994,3594,403,404,445,444
395,395,1995,3595,404,405,446,445
396,396,1996,3596,405,406,447,446
397,397,1997,3597,406,407,448,447
398,398,1998,3598,407,408,449,448
399,399,1999,3599,408,409,450,449
400,400,2000,3600,409,410,451,450
401,401,2001,3601,411,412,453,452
402,402,2002,3602,412,413,454,453
403,403,2003,3603,413,414,455,454
404,404,2004,3604,414,415,456,455
405,405,2005,3605,415,416,457,456
406,406,2006,3606,416,417,458,457
407,407,2007,3607,417,418,459,458
408,408,2008,3608,418,419,460,459
409,409,2009,3609,419,420,461,460
410,410,2010,3610,420,421,462,461
411,411,2011,3611,421,422,463,462
412,412,2012,3612,422,423,464,463
413,413,2013,3613,423,424,465,464
414,414,2014,3614,424,425,466,465
415,415,2015,3615,425,426,467,466
416,416,2016,3616,426,427,468,467
417,417,2017,3617,427,428,469,468
418,418,2018,3618,428,429,470,469
419,419,2019,3619,429,430,471,470
420,420,2020,3620,430,431,472,471
421,421,2021,3621,431,432,473,472
422,422,2022,3622,432,433,474,473
423,423,2023,3623,433,434,475,474
424,424,2024,3624,434,435,476,475
425,425,2025,3625,435,436,477,476
426,426,2026,3626,436,437,478,477
427,427,2027,3627,437,438,479,478
428,428,2028,3628,438,439,480,479
429,429,2029,3629,439,440,481,480
430,430,2030,3630,440,441,482,481
431,431,2031,3631,441,442,483,482
432,432,2032,3632,442,443,484,483
433,433,2033,3633,443,444,485,484
434,434,2034,3634,444,445,486,485
435,435,2035,3635,445,446,487,486
436,436,2036,3636,446,447,488,487
437,437,2037,3637,447,448,489,488
438,438,2038,3638,448,449,490,489
439,439,2039,3639,449,450,491,490
440,440,2040,3640,450,451,492,491
441,441,2041,3641,452,453,494,493
442,442,2042,3642,453,454,495,494
443,443,2043,3643,454,455,496,495
444,444,2044,3644,455,456,497,496
445,445,2045,3645,456,457,498,497
446,446,2046,3646,457,458,499,498
447,447,2047,3647,458,459,500,499
448,448,2048,3648,459,460,501,500
449,449,2049,3649,460,461,502,501
450,450,2050,3650,461,462,503,502
451,451,2051,3651,462,463,504,503
452,452,2052,3652,463,464,505,504
453,453,2053,3653,464,465,506,505
454,454,2054,3654,465,466,507,506
455,455,2055,3655,466,467,508,507
456,456,2056,3656,467,468,509,508
457,457,2057,3657,468,469,510,509
458,458,2058,3658,469,470,511,510
459,459,2059,3659,470,471,512,511
460,460,2060,3660,471,472,513,512
461,461,2061,3661,472,473,514,513
462,462,2062,3662,473,474,515,514
463,463,2063,3663,474,475,516,515
464,464,2064,3664,475,476,517,516
465,465,2065,3665,476,477,518,517
466,466,2066,3666,477,478,519,518
467,467,2067,3667,478,479,520,519
468,468,2068,3668,479,480,521,520
469,469,2069,3669,480,481,522,521
470,470,2070,3670,481,482,523,522
471,471,2071,3671,482,483,524,523
472,472,2072,3672,483,484,525,524
473,473,2073,3673,484,485,526,525
474,474,2074,3674,485,486,527,526
475,475,2075,3675,486,487,528,527
476,476,2076,3676,487,488,529,528
477,477,2077,3677,488,489,530,529
478,478,2078,3678,489,490,531,530
479,479,2079,3679,490,491,532,531
480,480,2080,3680,491,492,533,532
481,481,2081,3681,493,494,535,534
482,482,2082,3682,494,495,536,535
483,483,2083,3683,495,496,537,536
484,484,2084,3684,496,497,538,537
485,485,2085,3685,497,498,539,538
486,486,2086,3686,498,499,540,539
487,487,2087,3687,499,500,541,540
488,488,2088,3688,500,501,542,541
489,489,2089,3689,501,502,543,542
490,490,2090,3690,502,503,544,543
491,491,2091,3691,503,504,545,544
492,492,2092,3692,504,505,546,545
493,493,2093,3693,505,506,547,546
494,494,2094,3694,506,507,548,547
495,495,2095,3695,507,508,549,548
496,496,2096,3696,508,509,550,549
497,497,2097,3697,509,510,551,550
498,498,2098,3698,510,511,552,551
499,499,2099,3699,511,512,553,552
500,500,2100,3700,512,513,554,553
501,501,2101,3701,513,514,555,554
502,502,2102,3702,514,515,556,555
503,503,2103,3703,515,516,557,556
504,504,2104,3704,516,517,558,557
505,505,2105,3705,517,518,559,558
506,506,2106,3706,518,519,560,559
507,507,2107,3707,519,520,561,560
508,508,2108,3708,520,521,562,561
509,509,2109,3709,521,522,563,562
510,510,2110,3710,522,523,564,563
511,511,2111,3711,523,524,565,564
512,512,2112,3712,524,525,566,565
513,513,2113,3713,525,526,567,566
514,514,2114,3714,526,527,568,567
515,515,2115,3715,527,528,569,568
516,516,2116,3716,528,529,570,569
517,517,2117,3717,529,530,571,570
518,518,2118,3718,530,531,572,571
519,519,2119,3719,531,532,573,572
520,520,2120,3720,532,533,574,573
521,521,2121,3721,534,535,576,575
522,522,2122,3722,535,536,577,576
523,523,2123,3723,536,537,578,577
524,524,2124,3724,537,538,579,578
525,525,2125,3725,538,539,580,579
526,526,2126,3726,539,540,581,580
527,527,2127,3727,540,541,582,581
528,528,2128,3728,541,542,583,582
529,529,2129,3729,542,543,584,583
530,530,2130,3730,543,544,585,584
531,531,2131,3731,544,545,586,585
532,532,2132,3732,545,546,587,586
533,533,2133,3733,546,547,588,587
534,534,2134,3734,547,548,589,588
535,535,2135,3735,548,549,590,589
536,536,2136,3736,549,550,591,590
537,537,2137,3737,550,551,592,591
538,538,2138,3738,551,552,593,592
539,539,2139,3739,552,553,594,593
540,540,2140,3740,553,554,595,594
541,541,2141,3741,554,555,596,595
542,542,2142,3742,555,556,597,596
543,543,2143,3743,556,557,598,597
544,544,2144,3744,557,558,599,598
545,545,2145,3745,558,559,600,599
546,546,2146,3746,559,560,601,600
547,547,2147,3747,560,561,602,601
548,548,2148,3748,561,562,603,602
549,549,2149,3749,562,563,604,603
550,550,2150,3750,563,564,605,604
551,551,2151,3751,564,565,606,605
552,552,2152,3752,565,566,607,606
553,553,2153,3753,566,567,608,607
554,554,2154,3754,567,568,609,608
555,555,2155,3755,568,569,610,609
556,556,2156,3756,569,570,611,610
557,557,2157,3757,570,571,612,611
558,558,2158,3758,571,572,613,612
559,559,2159,3759,572,573,614,613
560,560,2160,3760,573,574,615,614
561,561,2161,3761,575,576,617,616
562,562,2162,3762,576,577,618,617
563,563,2163,3763,577,578,619,618
564,564,2164,3764,578,579,620,619
565,565,2165,3765,579,580,621,620
566,566,2166,3766,580,581,622,621
567,567,2167,3767,581,582,623,622
568,568,2168,3768,582,583,624,623
569,569,2169,3769,583,584,625,624
570,570,2170,3770,584,585,626,625
571,571,2171,3771,585,586,627,626
572,572,2172,3772,586,587,628,627
573,573,2173,3773,587,588,629,628
574,574,2174,3774,588,589,630,629
575,575,2175,3775,589,590,631,630
576,576,2176,3776,590,591,632,631
577,577,2177,3777,591,592,633,632
578,578,2178,3778,592,593,634,633
579,579,2179,3779,593,594,635,634
580,580,2180,3780,594,595,636,635
581,581,2181,3781,595,596,637,636
582,582,2182,3782,596,597,638,637
583,583,2183,3783,597,598,639,638
584,584,2184,3784,598,599,640,639
585,585,2185,3785,599,600,641,640
586,586,2186,3786,600,601,642,641
587,587,2187,3787,601,602,643,642
588,588,2188,3788,602,603,644,643
589,589,2189,3789,603,604,645,644
590,590,2190,3790,604,605,646,645
591,591,2191,3791,605,606,647,646
592,592,2192,3792,606,607,648,647
593,593,2193,3793,607,608,649,648
594,594,2194,3794,608,609,650,649
595,595,2195,3795,609,610,651,650
596,596,2196,3796,610,611,652,651
597,597,2197,3797,611,612,653,652
598,598,2198,3798,612,613,654,653
599,599,2199,3799,613,614,655,654
600,600,2200,3800,614,615,656,655
601,601,2201,3801,616,617,658,657
602,602,2202,3802,617,618,659,658
603,603,2203,3803,618,619,660,659
604,604,2204,3804,619,620,661,660
605,605,2205,3805,620,621,662,661
606,606,2206,3806,621,622,663,662
607,607,2207,3807,622,623,664,663
608,608,2208,3808,623,624,665,664
609,609,2209,3809,624,625,666,665
610,610,2210,3810,625,626,667,666
611,611,2211,3811,626,627,668,667
612,612,2212,3812,627,628,669,668
613,613,2213,3813,628,629,670,669
614,614,2214,3814,629,630,671,670
615,615,2215,3815,630,631,672,671
616,616,2216,3816,631,632,673,672
617,617,2217,3817,632,633,674,673
618,618,2218,3818,633,634,675,674
619,619,2219,3819,634,635,676,675
620,620,2220,3820,635,636,677,676
621,621,2221,3821,636,637,678,677
622,622,2222,3822,637,638,679,678
623,623,2223,3823,638,639,680,679
624,624,2224,3824,639,640,681,680
625,625,2225,3825,640,641,682,681
626,626,2226,3826,641,642,683,682
627,627,2227,3827,642,643,684,683
628,628,2228,3828,643,644,685,684
629,629,2229,3829,644,645,686,685
630,630,2230,3830,645,646,687,686
631,631,2231,3831,646,647,688,687
632,632,2232,3832,647,648,689,688
633,633,2233,3833,648,649,690,689
634,634,2234,3834,649,650,691,690
635,635,2235,3835,650,651,692,691
636,636,2236,3836,651,652,693,692
637,637,2237,3837,652,653,694,693
638,638,2238,3838,653,654,695,694
639,639,2239,3839,654,655,696,695
640,640,2240,3840,655,656,697,696
641,641,2241,3841,657,658,699,698
642,642,2242,3842,658,659,700,699
643,643,2243,3843,659,660,701,700
644,644,2244,3844,660,661,702,701
645,645,2245,3845,661,662,703,702
646,646,2246,3846,662,663,704,703
647,647,2247,3847,663,664,705,704
648,648,2248,3848,664,665,706,705
649,649,2249,3849,665,666,707,706
650,650,2250,3850,666,667,708,707
651,651,2251,3851,667,668,709,708
652,652,2252,3852,668,669,710,709
653,653,2253,3853,669,670,711,710
654,654,2254,3854,670,671,712,711
655,655,2255,3855,671,672,713,712
656,656,2256,3856,672,673,714,713
657,657,2257,3857,673,674,715,714
658,658,2258,3858,674,675,716,715
659,659,2259,3859,675,676,717,716
660,660,2260,3860,676,677,718,717
661,661,2261,3861,677,678,719,718
662,662,2262,3862,678,679,720,719
663,663,2263,3863,679,680,721,720
664,664,2264,3864,680,681,722,721
665,665,2265,3865,681,682,723,722
666,666,2266,3866,682,683,724,723
667,667,2267,3867,683,684,725,724
668,668,2268,3868,684,685,726,725
669,669,2269,3869,685,686,727,726
670,670,2270,3870,686,687,728,727
671,671,2271,3871,687,688,729,728
672,672,2272,3872,688,689,730,729
673,673,2273,3873,689,690,731,730
674,674,2274,3874,690,691,732,731
675,675,2275,3875,691,692,733,732
676,676,2276,3876,692,693,734,733
677,677,2277,3877,693,694,735,734
678,678,2278,3878,694,695,736,735
679,679,2279,3879,695,696,737,736
680,680,2280,3880,696,697,738,737
681,681,2281,3881,698,699,740,739
682,682,2282,3882,699,700,741,740
683,683,2283,3883,700,701,742,741
684,684,2284,3884,701,702,743,742
685,685,2285,3885,702,703,744,743
686,686,2286,3886,703,704,745,744
687,687,2287,3887,704,705,746,745
688,688,2288,3888,705,706,747,746
689,689,2289,3889,706,707,748,747
690,690,2290,3890,707,708,749,748
691,691,2291,3891,708,709,750,749
692,692,2292,3892,709,710,751,750
693,693,2293,3893,710,711,752,751
694,694,2294,3894,711,712,753,752
695,695,2295,3895,712,713,754,753
696,696,2296,3896,713,714,755,754
697,697,2297,3897,714,715,756,755
698,698,2298,3898,715,716,757,756
699,699,2299,3899,716,717,758,757
700,700,2300,3900,717,718,759,758
701,701,2301,3901,718,719,760,759
702,702,2302,3902,719,720,761,760
703,703,2303,3903,720,721,762,761
704,704,2304,3904,721,722,763,762
705,705,2305,3905,722,723,764,763
706,706,2306,3906,723,724,765,764
707,707,2307,3907,724,725,766,765
708,708,2308,3908,725,726,767,766
709,709,2309,3909,726,727,768,767
710,710,2310,3910,727,728,769,768
711,711,2311,3911,728,729,770,769
712,712,2312,3912,729,730,771,770
713,713,2313,3913,730,731,772,771
714,714,2314,3914,731,732,773,772
715,715,2315,3915,732,733,774,773
716,716,2316,3916,733,734,775,774
717,717,2317,3917,734,735,776,775
718,718,2318,3918,735,736,777,776
719,719,2319,3919,736,737,778,777
720,720,2320,3920,737,738,779,778
721,721,2321,3921,739,740,781,780
722,722,2322,3922,740,741,782,781
723,723,2323,3923,741,742,783,782
724,724,2324,3924,742,743,784,783
725,725,2325,3925,743,744,785,784
726,726,2326,3926,744,745,786,785
727,727,2327,3927,745,746,787,786
728,728,2328,3928,746,747,788,787
729,729,2329,3929,747,748,789,788
730,730,2330,3930,748,749,790,789
731,731,2331,3931,749,750,791,790
732,732,2332,3932,750,751,792,791
733,733,2333,3933,751,752,793,792
734,734,2334,3934,752,753,794,793
735,735,2335,3935,753,754,795,794
736,736,2336,3936,754,755,796,795
737,737,2337,3937,755,756,797,796
738,738,2338,3938,756,757,798,797
739,739,2339,3939,757,758,799,798
740,740,2340,3940,758,759,800,799
741,741,2341,3941,759,760,801,800
742,742,2342,3942,760,761,802,801
743,743,2343,3943,761,762,803,802
744,744,2344,3944,762,763,804,803
745,745,2345,3945,763,764,805,804
746,746,2346,3946,764,765,806,805
747,747,2347,3947,765,766,807,806
748,748,2348,3948,766,767,808,807
749,749,2349,3949,767,768,809,808
750,750,2350,3950,768,769,810,809
751,751,2351,3951,769,770,811,810
752,752,2352,3952,770,771,812,811
753,753,2353,3953,771,772,813,812
754,754,2354,3954,772,773,814,813
755,755,2355,3955,773,774,815,814
756,756,2356,3956,774,775,816,815
757,757,2357,3957,775,776,817,816
758,758,2358,3958,776,777,818,817
759,759,2359,3959,777,778,819,818
760,760,2360,3960,778,779,820,819
761,761,2361,3961,780,781,823,821
762,762,2362,3962,781,782,825,823
763,763,2363,3963,782,783,827,825
764,764,2364,3964,783,784,829,827
765,765,2365,3965,784,785,831,829
766,766,2366,3966,785,786,833,831
767,767,2367,3967,786,787,835,833
768,768,2368,3968,787,788,837,835
769,769,2369,3969,788,789,839,837
770,770,2370,3970,789,790,841,839
771,771,2371,3971,790,791,843,841
772,772,2372,3972,791,792,845,843
773,773,2373,3973,792,793,847,845
774,774,2374,3974,793,794,849,847
775,775,2375,3975,794,795,851,849
776,776,2376,3976,795,796,853,851
777,777,2377,3977,796,797,855,853
778,778,2378,3978,797,798,857,855
779,779,2379,3979,798,799,858,857
780,780,2380,3980,799,800,859,858
781,781,2381,3981,800,801,860,859
782,782,2382,3982,801,802,861,860
783,783,2383,3983,802,803,862,861
784,784,2384,3984,803,804,863,862
785,785,2385,3985,804,805,864,863
786,786,2386,3986,805,806,865,864
787,787,2387,3987,806,807,866,865
788,788,2388,3988,807,808,867,866
789,789,2389,3989,808,809,868,867
790,790,2390,3990,809,810,869,868
791,791,2391,3991,810,811,870,869
792,792,2392,3992,811,812,871,870
793,793,2393,3993,812,813,872,871
794,794,2394,3994,813,814,873,872
795,795,2395,3995,814,815,874,873
796,796,2396,3996,815,816,875,874
797,797,2397,3997,816,817,876,875
798,798,2398,3998,817,818,877,876
799,799,2399,3999,818,819,878,877
800,800,2400,4000,819,820,879,878
801,801,2401,4001,822,824,881,880
802,802,2402,4002,824,826,882,881
803,803,2403,4003,826,828,883,882
804,804,2404,4004,828,830,884,883
805,805,2405,4005,830,832,885,884
806,806,2406,4006,832,834,886,885
807,807,2407,4007,834,836,887,886
808,808,2408,4008,836,838,888,887
809,809,2409,4009,838,840,889,888
810,810,2410,4010,840,842,890,889
811,811,2411,4011,842,844,891,890
812,812,2412,4012,844,846,892,891
813,813,2413,4013,846,848,893,892
814,814,2414,4014,848,850,894,893
815,815,2415,4015,850,852,895,894
816,816,2416,4016,852,854,896,895
817,817,2417,4017,854,856,897,896
818,818,2418,4018,856,857,898,897
819,819,2419,4019,857,858,899,898
820,820,2420,4020,858,859,900,899
821,821,2421,4021,859,860,901,900
822,822,2422,4022,860,861,902,901
823,823,2423,4023,861,862,903,902
824,824,2424,4024,862,863,904,903
825,825,2425,4025,863,864,905,904
826,826,2426,4026,864,865,906,905
827,827,2427,4027,865,866,907,906
828,828,2428,4028,866,867,908,907
829,829,2429,4029,867,868,909,908
830,830,2430,4030,868,869,910,909
831,831,2431,4031,869,870,911,910
832,832,2432,4032,870,871,912,911
833,833,2433,4033,871,872,913,912
834,834,2434,4034,872,873,914,913
835,835,2435,4035,873,874,915,914
836,836,2436,4036,874,875,916,915
837,837,2437,4037,875,876,917,916
838,838,2438,4038,876,877,918,917
839,839,2439,4039,877,878,919,918
840,840,2440,4040,878,879,920,919
841,841,2441,4041,880,881,922,921
842,842,2442,4042,881,882,923,922
843,843,2443,4043,882,883,924,923
844,844,2444,4044,883,884,925,924
845,845,2445,4045,884,885,926,925
846,846,2446,4046,885,886,927,926
847,847,2447,4047,886,887,928,927
848,848,2448,4048,887,888,929,928
849,849,2449,4049,888,889,930,929
850,850,2450,4050,889,890,931,930
851,851,2451,4051,890,891,932,931
852,852,2452,4052,891,892,933,932
853,853,2453,4053,892,893,934,933
854,854,2454,4054,893,894,935,934
855,855,2455,4055,894,895,936,935
856,856,2456,4056,895,896,937,936
857,857,2457,4057,896,897,938,937
858,858,2458,4058,897,898,939,938
859,859,2459,4059,898,899,940,939
860,860,2460,4060,899,900,941,940
861,861,2461,4061,900,901,942,941
862,862,2462,4062,901,902,943,942
863,863,2463,4063,902,903,944,943
864,864,2464,4064,903,904,945,944
865,865,2465,4065,904,905,946,945
866,866,2466,4066,905,906,947,946
867,867,2467,4067,906,907,948,947
868,868,2468,4068,907,908,949,948
869,869,2469,4069,908,909,950,949
870,870,2470,4070,909,910,951,950
871,871,2471,4071,910,911,952,951
872,872,2472,4072,911,912,953,952
873,873,2473,4073,912,913,954,953
874,874,2474,4074,913,914,955,954
875,875,2475,4075,914,915,956,955
876,876,2476,4076,915,916,957,956
877,877,2477,4077,916,917,958,957
878,878,2478,4078,917,918,959,958
879,879,2479,4079,918,919,960,959
880,880,2480,4080,919,920,961,960
881,881,2481,4081,921,922,963,962
882,882,2482,4082,922,923,964,963
883,883,2483,4083,923,924,965,964
884,884,2484,4084,924,925,966,965
885,885,2485,4085,925,926,967,966
886,886,2486,4086,926,927,968,967
887,887,2487,4087,927,928,969,968
888,888,2488,4088,928,929,970,969
889,889,2489,4089,929,930,971,970
890,890,2490,4090,930,931,972,971
891,891,2491,4091,931,932,973,972
892,892,2492,4092,932,933,974,973
893,893,2493,4093,933,934,975,974
894,894,2494,4094,934,935,976,975
895,895,2495,4095,935,936,977,976
896,896,2496,4096,936,937,978,977
897,897,2497,4097,937,938,979,978
898,898,2498,4098,938,939,980,979
899,899,2499,4099,939,940,981,980
900,900,2500,4100,940,941,982,981
901,901,2501,4101,941,942,983,982
902,902,2502,4102,942,943,984,983
903,903,2503,4103,943,944,985,984
904,904,2504,4104,944,945,986,985
905,905,2505,4105,945,946,987,986
906,906,2506,4106,946,947,988,987
907,907,2507,4107,947,948,989,988
908,908,2508,4108,948,949,990,989
909,909,2509,4109,949,950,991,990
910,910,2510,4110,950,951,992,991
911,911,2511,4111,951,952,993,992
912,912,2512,4112,952,953,994,993
913,913,2513,4113,953,954,995,994
914,914,2514,4114,954,955,996,995
915,915,2515,4115,955,956,997,996
916,916,2516,4116,956,957,998,997
917,917,2517,4117,957,958,999,998
918,918,2518,4118,958,959,1000,999
919,919,2519,4119,959,960,1001,1000
920,920,2520,4120,960,961,1002,1001
921,921,2521,4121,962,963,1004,1003
922,922,2522,4122,963,964,1005,1004
923,923,2523,4123,964,965,1006,1005
924,924,2524,4124,965,966,1007,1006
925,925,2525,4125,966,967,1008,1007
926,926,2526,4126,967,968,1009,1008
927,927,2527,4127,968,969,1010,1009
928,928,2528,4128,969,970,1011,1010
929,929,2529,4129,970,971,1012,1011
930,930,2530,4130,971,972,1013,1012
931,931,2531,4131,972,973,1014,1013
932,932,2532,4132,973,974,1015,1014
933,933,2533,4133,974,975,1016,1015
934,934,2534,4134,975,976,1017,1016
935,935,2535,4135,976,977,1018,1017
936,936,2536,4136,977,978,1019,1018
937,937,2537,4137,978,979,1020,1019
938,938,2538,4138,979,980,1021,1020
939,939,2539,4139,980,981,1022,1021
940,940,2540,4140,981,982,1023,1022
941,941,2541,4141,982,983,1024,1023
942,942,2542,4142,983,984,1025,1024
943,943,2543,4143,984,985,1026,1025
944,944,2544,4144,985,986,1027,1026
945,945,2545,4145,986,987,1028,1027
946,946,2546,4146,987,988,1029,1028
947,947,2547,4147,988,989,1030,1029
948,948,2548,4148,989,990,1031,1030
949,949,2549,4149,990,991,1032,1031
950,950,2550,4150,991,992,1033,1032
951,951,2551,4151,992,993,1034,1033
952,952,2552,4152,993,994,1035,1034
953,953,2553,4153,994,995,1036,1035
954,954,2554,4154,995,996,1037,1036
955,955,2555,4155,996,997,1038,1037
956,956,2556,4156,997,998,1039,1038
957,957,2557,4157,998,999,1040,1039
958,958,2558,4158,999,1000,1041,1040
959,959,2559,4159,1000,1001,1042,1041
960,960,2560,4160,1001,1002,1043,1042
961,961,2561,4161,1003,1004,1045,1044
962,962,2562,4162,1004,1005,1046,1045
963,963,2563,4163,1005,1006,1047,1046
964,964,2564,4164,1006,1007,1048,1047
965,965,2565,4165,1007,1008,1049,1048
966,966,2566,4166,1008,1009,1050,1049
967,967,2567,4167,1009,1010,1051,1050
968,968,2568,4168,1010,1011,1052,1051
969,969,2569,4169,1011,1012,1053,1052
970,970,2570,4170,1012,1013,1054,1053
971,971,2571,4171,1013,1014,1055,1054
972,972,2572,4172,1014,1015,1056,1055
973,973,2573,4173,1015,1016,1057,1056
974,974,2574,4174,1016,1017,1058,1057
975,975,2575,4175,1017,1018,1059,1058
976,976,2576,4176,1018,1019,1060,1059
977,977,2577,4177,1019,1020,1061,1060
978,978,2578,4178,1020,1021,1062,1061
979,979,2579,4179,1021,1022,1063,1062
980,980,2580,4180,1022,1023,1064,1063
981,981,2581,4181,1023,1024,1065,1064
982,982,2582,4182,1024,1025,1066,1065
983,983,2583,4183,1025,1026,1067,1066
984,984,2584,4184,1026,1027,1068,1067
985,985,2585,4185,1027,1028,1069,1068
986,986,2586,4186,1028,1029,1070,1069
987,987,2587,4187,1029,1030,1071,1070
988,988,2588,4188,1030,1031,1072,1071
989,989,2589,4189,1031,1032,1073,1072
990,990,2590,4190,1032,1033,1074,1073
991,991,2591,4191,1033,1034,1075,1074
992,992,2592,4192,1034,1035,1076,1075
993,993,2593,4193,1035,1036,1077,1076
994,994,2594,4194,1036,1037,1078,1077
995,995,2595,4195,1037,1038,1079,1078
996,996,2596,4196,1038,1039,1080,1079
997,997,2597,4197,1039,1040,1081,1080
998,998,2598,4198,1040,1041,1082,1081
999,999,2599,4199,1041,1042,1083,1082
1000,1000,2600,4200,1042,1043,1084,1083
1001,1001,2601,4201,1044,1045,1086,1085
1002,1002,2602,4202,1045,1046,1087,1086
1003,1003,2603,4203,1046,1047,1088,1087
1004,1004,2604,4204,1047,1048,1089,1088
1005,1005,2605,4205,1048,1049,1090,1089
1006,1006,2606,4206,1049,1050,1091,1090
1007,1007,2607,4207,1050,1051,1092,1091
1008,1008,2608,4208,1051,1052,1093,1092
1009,1009,2609,4209,1052,1053,1094,1093
1010,1010,2610,4210,1053,1054,1095,1094
1011,1011,2611,4211,1054,1055,1096,1095
1012,1012,2612,4212,1055,1056,1097,1096
1013,1013,2613,4213,1056,1057,1098,1097
1014,1014,2614,4214,1057,1058,1099,1098
1015,1015,2615,4215,1058,1059,1100,1099
1016,1016,2616,4216,1059,1060,1101,1100
1017,1017,2617,4217,1060,1061,1102,1101
1018,1018,2618,4218,1061,1062,1103,1102
1019,1019,2619,4219,1062,1063,1104,1103
1020,1020,2620,4220,1063,1064,1105,1104
1021,1021,2621,4221,1064,1065,1106,1105
1022,1022,2622,4222,1065,1066,1107,1106
1023,1023,2623,4223,1066,1067,1108,1107
1024,1024,2624,4224,1067,1068,1109,1108
1025,1025,2625,4225,1068,1069,1110,1109
1026,1026,2626,4226,1069,1070,1111,1110
1027,1027,2627,4227,1070,1071,1112,1111
1028,1028,2628,4228,1071,1072,1113,1112
1029,1029,2629,4229,1072,1073,1114,1113
1030,1030,2630,4230,1073,1074,1115,1114
1031,1031,2631,4231,1074,1075,1116,1115
1032,1032,2632,4232,1075,1076,1117,1116
1033,1033,2633,4233,1076,1077,1118,1117
1034,1034,2634,4234,1077,1078,1119,1118
1035,1035,2635,4235,1078,1079,1120,1119
1036,1036,2636,4236,1079,1080,1121,1120
1037,1037,2637,4237,1080,1081,1122,1121
1038,1038,2638,4238,1081,1082,1123,1122
1039,1039,2639,4239,1082,1083,1124,1123
1040,1040,2640,4240,1083,1084,1125,1124
1041,1041,2641,4241,1085,1086,1127,1126
1042,1042,2642,4242,1086,1087,1128,1127
1043,1043,2643,4243,1087,1088,1129,1128
1044,1044,2644,4244,1088,1089,1130,1129
1045,1045,2645,4245,1089,1090,1131,1130
1046,1046,2646,4246,1090,1091,1132,1131
1047,1047,2647,4247,1091,1092,1133,1132
1048,1048,2648,4248,1092,1093,1134,1133
1049,1049,2649,4249,1093,1094,1135,1134
1050,1050,2650,4250,1094,1095,1136,1135
1051,1051,2651,4251,1095,1096,1137,1136
1052,1052,2652,4252,1096,1097,1138,1137
1053,1053,2653,4253,1097,1098,1139,1138
1054,1054,2654,4254,1098,1099,1140,1139
1055,1055,2655,4255,1099,1100,1141,1140
1056,1056,2656,4256,1100,1101,1142,1141
1057,1057,2657,4257,1101,1102,1143,1142
1058,1058,2658,4258,1102,1103,1144,1143
1059,1059,2659,4259,1103,1104,1145,1144
1060,1060,2660,4260,1104,1105,1146,1145
1061,1061,2661,4261,1105,1106,1147,1146
1062,1062,2662,4262,1106,1107,1148,1147
1063,1063,2663,4263,1107,1108,1149,1148
1064,1064,2664,4264,1108,1109,1150,1149
1065,1065,2665,4265,1109,1110,1151,1150
1066,1066,2666,4266,1110,1111,1152,1151
1067,1067,2667,4267,1111,1112,1153,1152
1068,1068,2668,4268,1112,1113,1154,1153
1069,1069,2669,4269,1113,1114,1155,1154
1070,1070,2670,4270,1114,1115,1156,1155
1071,1071,2671,4271,1115,1116,1157,1156
1072,1072,2672,4272,1116,1117,1158,1157
1073,1073,2673,4273,1117,1118,1159,1158
1074,1074,2674,4274,1118,1119,1160,1159
1075,1075,2675,4275,1119,1120,1161,1160
1076,1076,2676,4276,1120,1121,1162,1161
1077,1077,2677,4277,1121,1122,1163,1162
1078,1078,2678,4278,1122,1123,1164,1163
1079,1079,2679,4279,1123,1124,1165,1164
1080,1080,2680,4280,1124,1125,1166,1165
1081,1081,2681,4281,1126,1127,1168,1167
1082,1082,2682,4282,1127,1128,1169,1168
1083,1083,2683,4283,1128,1129,1170,1169
1084,1084,2684,4284,1129,1130,1171,1170
1085,1085,2685,4285,1130,1131,1172,1171
1086,1086,2686,4286,1131,1132,1173,1172
1087,1087,2687,4287,1132,1133,1174,1173
1088,1088,2688,4288,1133,1134,1175,1174
1089,1089,2689,4289,1134,1135,1176,1175
1090,1090,2690,4290,1135,1136,1177,1176
1091,1091,2691,4291,1136,1137,1178,1177
1092,1092,2692,4292,1137,1138,1179,1178
1093,1093,2693,4293,1138,1139,1180,1179
1094,1094,2694,4294,1139,1140,1181,1180
1095,1095,2695,4295,1140,1141,1182,1181
1096,1096,2696,4296,1141,1142,1183,1182
1097,1097,2697,4297,1142,1143,1184,1183
1098,1098,2698,4298,1143,1144,1185,1184
1099,1099,2699,4299,1144,1145,1186,1185
1100,1100,2700,4300,1145,1146,1187,1186
1101,1101,2701,4301,1146,1147,1188,1187
1102,1102,2702,4302,1147,1148,1189,1188
1103,1103,2703,4303,1148,1149,1190,1189
1104,1104,2704,4304,1149,1150,1191,1190
1105,1105,2705,4305,1150,1151,1192,1191
1106,1106,2706,4306,1151,1152,1193,1192
1107,1107,2707,4307,1152,1153,1194,1193
1108,1108,2708,4308,1153,1154,1195,1194
1109,1109,2709,4309,1154,1155,1196,1195
1110,1110,2710,4310,1155,1156,1197,1196
1111,1111,2711,4311,1156,1157,1198,1197
1112,1112,2712,4312,1157,1158,1199,1198
1113,1113,2713,4313,1158,1159,1200,1199
1114,1114,2714,4314,1159,1160,1201,1200
1115,1115,2715,4315,1160,1161,1202,1201
1116,1116,2716,4316,1161,1162,1203,1202
1117,1117,2717,4317,1162,1163,1204,1203
1118,1118,2718,4318,1163,1164,1205,1204
1119,1119,2719,4319,1164,1165,1206,1205
1120,1120,2720,4320,1165,1166,1207,1206
1121,1121,2721,4321,1167,1168,1209,1208
1122,1122,2722,4322,1168,1169,1210,1209
1123,1123,2723,4323,1169,1170,1211,1210
1124,1124,2724,4324,1170,1171,1212,1211
1125,1125,2725,4325,1171,1172,1213,1212
1126,1126,2726,4326,1172,1173,1214,1213
1127,1127,2727,4327,1173,1174,1215,1214
1128,1128,2728,4328,1174,1175,1216,1215
1129,1129,2729,4329,1175,1176,1217,1216
1130,1130,2730,4330,1176,1177,1218,1217
1131,1131,2731,4331,1177,1178,1219,1218
1132,1132,2732,4332,1178,1179,1220,1219
1133,1133,2733,4333,1179,1180,1221,1220
1134,1134,2734,4334,1180,1181,1222,1221
1135,1135,2735,4335,1181,1182,1223,1222
1136,1136,2736,4336,1182,1183,1224,1223
1137,1137,2737,4337,1183,1184,1225,1224
1138,1138,2738,4338,1184,1185,1226,1225
1139,1139,2739,4339,1185,1186,1227,1226
1140,1140,2740,4340,1186,1187,1228,1227
1141,1141,2741,4341,1187,1188,1229,1228
1142,1142,2742,4342,1188,1189,1230,1229
1143,1143,2743,4343,1189,1190,1231,1230
1144,1144,2744,4344,1190,1191,1232,1231
1145,1145,2745,4345,1191,1192,1233,1232
1146,1146,2746,4346,1192,1193,1234,1233
1147,1147,2747,4347,1193,1194,1235,1234
1148,1148,2748,4348,1194,1195,1236,1235
1149,1149,2749,4349,1195,1196,1237,1236
1150,1150,2750,4350,1196,1197,1238,1237
1151,1151,2751,4351,1197,1198,1239,1238
1152,1152,2752,4352,1198,1199,1240,1239
1153,1153,2753,4353,1199,1200,1241,1240
1154,1154,2754,4354,1200,1201,1242,1241
1155,1155,2755,4355,1201,1202,1243,1242
1156,1156,2756,4356,1202,1203,1244,1243
1157,1157,2757,4357,1203,1204,1245,1244
1158,1158,2758,4358,1204,1205,1246,1245
1159,1159,2759,4359,1205,1206,1247,1246
1160,1160,2760,4360,1206,1207,1248,1247
1161,1161,2761,4361,1208,1209,1250,1249
1162,1162,2762,4362,1209,1210,1251,1250
1163,1163,2763,4363,1210,1211,1252,1251
1164,1164,2764,4364,1211,1212,1253,1252
1165,1165,2765,4365,1212,1213,1254,1253
1166,1166,2766,4366,1213,1214,1255,1254
1167,1167,2767,4367,1214,1215,1256,1255
1168,1168,2768,4368,1215,1216,1257,1256
1169,1169,2769,4369,1216,1217,1258,1257
1170,1170,2770,4370,1217,1218,1259,1258
1171,1171,2771,4371,1218,1219,1260,1259
1172,1172,2772,4372,1219,1220,1261,1260
1173,1173,2773,4373,1220,1221,1262,1261
1174,1174,2774,4374,1221,1222,1263,1262
1175,1175,2775,4375,1222,1223,1264,1263
1176,1176,2776,4376,1223,1224,1265,1264
1177,1177,2777,4377,1224,1225,1266,1265
1178,1178,2778,4378,1225,1226,1267,1266
1179,1179,2779,4379,1226,1227,1268,1267
1180,1180,2780,4380,1227,1228,1269,1268
1181,1181,2781,4381,1228,1229,1270,1269
1182,1182,2782,4382,1229,1230,1271,1270
1183,1183,2783,4383,1230,1231,1272,1271
1184,1184,2784,4384,1231,1232,1273,1272
1185,1185,2785,4385,1232,1233,1274,1273
1186,1186,2786,4386,1233,1234,1275,1274
1187,1187,2787,4387,1234,1235,1276,1275
1188,1188,2788,4388,1235,1236,1277,1276
1189,1189,2789,4389,1236,1237,1278,1277
1190,1190,2790,4390,1237,1238,1279,1278
1191,1191,2791,4391,1238,1239,1280,1279
1192,1192,2792,4392,1239,1240,1281,1280
1193,1193,2793,4393,1240,1241,1282,1281
1194,1194,2794,4394,1241,1242,1283,1282
1195,1195,2795,4395,1242,1243,1284,1283
1196,1196,2796,4396,1243,1244,1285,1284
1197,1197,2797,4397,1244,1245,1286,1285
1198,1198,2798,4398,1245,1246,1287,1286
1199,1199,2799,4399,1246,1247,1288,1287
1200,1200,2800,4400,1247,1248,1289,1288
1201,1201,2801,4401,1249,1250,1291,1290
1202,1202,2802,4402,1250,1251,1292,1291
1203,1203,2803,4403,1251,1252,1293,1292
1204,1204,2804,4404,1252,1253,1294,1293
1205,1205,2805,4405,1253,1254,1295,1294
1206,1206,2806,4406,1254,1255,1296,1295
1207,1207,2807,4407,1255,1256,1297,1296
1208,1208,2808,4408,1256,1257,1298,1297
1209,1209,2809,4409,1257,1258,1299,1298
1210,1210,2810,4410,1258,1259,1300,1299
1211,1211,2811,4411,1259,1260,1301,1300
1212,1212,2812,4412,1260,1261,1302,1301
1213,1213,2813,4413,1261,1262,1303,1302
1214,1214,2814,4414,1262,1263,1304,1303
1215,1215,2815,4415,1263,1264,1305,1304
1216,1216,2816,4416,1264,1265,1306,1305
1217,1217,2817,4417,1265,1266,1307,1306
1218,1218,2818,4418,1266,1267,1308,1307
1219,1219,2819,4419,1267,1268,1309,1308
1220,1220,2820,4420,1268,1269,1310,1309
1221,1221,2821,4421,1269,1270,1311,1310
1222,1222,2822,4422,1270,1271,1312,1311
1223,1223,2823,4423,1271,1272,1313,1312
1224,1224,2824,4424,1272,1273,1314,1313
1225,1225,2825,4425,1273,1274,1315,1314
1226,1226,2826,4426,1274,1275,1316,1315
1227,1227,2827,4427,1275,1276,1317,1316
1228,1228,2828,4428,1276,1277,1318,1317
1229,1229,2829,4429,1277,1278,1319,1318
1230,1230,2830,4430,1278,1279,1320,1319
1231,1231,2831,4431,1279,1280,1321,1320
1232,1232,2832,4432,1280,1281,1322,1321
1233,1233,2833,4433,1281,1282,1323,1322
1234,1234,2834,4434,1282,1283,1324,1323
1235,1235,2835,4435,1283,1284,1325,1324
1236,1236,2836,4436,1284,1285,1326,1325
1237,1237,2837,4437,1285,1286,1327,1326
1238,1238,2838,4438,1286,1287,1328,1327
1239,1239,2839,4439,1287,1288,1329,1328
1240,1240,2840,4440,1288,1289,1330,1329
1241,1241,2841,4441,1290,1291,1332,1331
1242,1242,2842,4442,1291,1292,1333,1332
1243,1243,2843,4443,1292,1293,1334,1333
1244,1244,2844,4444,1293,1294,1335,1334
1245,1245,2845,4445,1294,1295,1336,1335
1246,1246,2846,4446,1295,1296,1337,1336
1247,1247,2847,4447,1296,1297,1338,1337
1248,1248,2848,4448,1297,1298,1339,1338
1249,1249,2849,4449,1298,1299,1340,1339
1250,1250,2850,4450,1299,1300,1341,1340
1251,1251,2851,4451,1300,1301,1342,1341
1252,1252,2852,4452,1301,1302,1343,1342
1253,1253,2853,4453,1302,1303,1344,1343
1254,1254,2854,4454,1303,1304,1345,1344
1255,1255,2855,4455,1304,1305,1346,1345
1256,1256,2856,4456,1305,1306,1347,1346
1257,1257,2857,4457,1306,1307,1348,1347
1258,1258,2858,4458,1307,1308,1349,1348
1259,1259,2859,4459,1308,1309,1350,1349
1260,1260,2860,4460,1309,1310,1351,1350
1261,1261,2861,4461,1310,1311,1352,1351
1262,1262,2862,4462,1311,1312,1353,1352
1263,1263,2863,4463,1312,1313,1354,1353
1264,1264,2864,4464,1313,1314,1355,1354
1265,1265,2865,4465,1314,1315,1356,1355
1266,1266,2866,4466,1315,1316,1357,1356
1267,1267,2867,4467,1316,1317,1358,1357
1268,1268,2868,4468,1317,1318,1359,1358
1269,1269,2869,4469,1318,1319,1360,1359
1270,1270,2870,4470,1319,1320,1361,1360
1271,1271,2871,4471,1320,1321,1362,1361
1272,1272,2872,4472,1321,1322,1363,1362
1273,1273,2873,4473,1322,1323,1364,1363
1274,1274,2874,4474,1323,1324,1365,1364
1275,1275,2875,4475,1324,1325,1366,1365
1276,1276,2876,4476,1325,1326,1367,1366
1277,1277,2877,4477,1326,1327,1368,1367
1278,1278,2878,4478,1327,1328,1369,1368
1279,1279,2879,4479,1328,1329,1370,1369
1280,1280,2880,4480,1329,1330,1371,1370
1281,1281,2881,4481,1331,1332,1373,1372
1282,1282,2882,4482,1332,1333,1374,1373
1283,1283,2883,4483,1333,1334,1375,1374
1284,1284,2884,4484,1334,1335,1376,1375
1285,1285,2885,4485,1335,1336,1377,1376
1286,1286,2886,4486,1336,1337,1378,1377
1287,1287,2887,4487,1337,1338,1379,1378
1288,1288,2888,4488,1338,1339,1380,1379
1289,1289,2889,4489,1339,1340,1381,1380
1290,1290,2890,4490,1340,1341,1382,1381
1291,1291,2891,4491,1341,1342,1383,1382
1292,1292,2892,4492,1342,1343,1384,1383
1293,1293,2893,4493,1343,1344,1385,1384
1294,1294,2894,4494,1344,1345,1386,1385
1295,1295,2895,4495,1345,1346,1387,1386
1296,1296,2896,4496,1346,1347,1388,1387
1297,1297,2897,4497,1347,1348,1389,1388
1298,1298,2898,4498,1348,1349,1390,1389
1299,1299,2899,4499,1349,1350,1391,1390
1300,1300,2900,4500,1350,1351,1392,1391
1301,1301,2901,4501,1351,1352,1393,1392
1302,1302,2902,4502,1352,1353,1394,1393
1303,1303,2903,4503,1353,1354,1395,1394
1304,1304,2904,4504,1354,1355,1396,1395
1305,1305,2905,4505,1355,1356,1397,1396
1306,1306,2906,4506,1356,1357,1398,1397
1307,1307,2907,4507,1357,1358,1399,1398
1308,1308,2908,4508,1358,1359,1400,1399
1309,1309,2909,4509,1359,1360,1401,1400
1310,1310,2910,4510,1360,1361,1402,1401
1311,1311,2911,4511,1361,1362,1403,1402
1312,1312,2912,4512,1362,1363,1404,1403
1313,1313,2913,4513,1363,1364,1405,1404
1314,1314,2914,4514,1364,1365,1406,1405
1315,1315,2915,4515,1365,1366,1407,1406
1316,1316,2916,4516,1366,1367,1408,1407
1317,1317,2917,4517,1367,1368,1409,1408
1318,1318,2918,4518,1368,1369,1410,1409
1319,1319,2919,4519,1369,1370,1411,1410
1320,1320,2920,4520,1370,1371,1412,1411
1321,1321,2921,4521,1372,1373,1414,1413
1322,1322,2922,4522,1373,1374,1415,1414
1323,1323,2923,4523,1374,1375,1416,1415
1324,1324,2924,4524,1375,1376,1417,1416
1325,1325,2925,4525,1376,1377,1418,1417
1326,1326,2926,4526,1377,1378,1419,1418
1327,1327,2927,4527,1378,1379,1420,1419
1328,1328,2928,4528,1379,1380,1421,1420
1329,1329,2929,4529,1380,1381,1422,1421
1330,1330,2930,4530,1381,1382,1423,1422
1331,1331,2931,4531,1382,1383,1424,1423
1332,1332,2932,4532,1383,1384,1425,1424
1333,1333,2933,4533,1384,1385,1426,1425
1334,1334,2934,4534,1385,1386,1427,1426
1335,1335,2935,4535,1386,1387,1428,1427
1336,1336,2936,4536,1387,1388,1429,1428
1337,1337,2937,4537,1388,1389,1430,1429
1338,1338,2938,4538,1389,1390,1431,1430
1339,1339,2939,4539,1390,1391,1432,1431
1340,1340,2940,4540,1391,1392,1433,1432
1341,1341,2941,4541,1392,1393,1434,1433
1342,1342,2942,4542,1393,1394,1435,1434
1343,1343,2943,4543,1394,1395,1436,1435
1344,1344,2944,4544,1395,1396,1437,1436
1345,1345,2945,4545,1396,1397,1438,1437
1346,1346,2946,4546,1397,1398,1439,1438
1347,1347,2947,4547,1398,1399,1440,1439
1348,1348,2948,4548,1399,1400,1441,1440
1349,1349,2949,4549,1400,1401,1442,1441
1350,1350,2950,4550,1401,1402,1443,1442
1351,1351,2951,4551,1402,1403,1444,1443
1352,1352,2952,4552,1403,1404,1445,1444
1353,1353,2953,4553,1404,1405,1446,1445
1354,1354,2954,4554,1405,1406,1447,1446
1355,1355,2955,4555,1406,1407,1448,1447
1356,1356,2956,4556,1407,1408,1449,1448
1357,1357,2957,4557,1408,1409,1450,1449
1358,1358,2958,4558,1409,1410,1451,1450
1359,1359,2959,4559,1410,1411,1452,1451
1360,1360,2960,4560,1411,1412,1453,1452
1361,1361,2961,4561,1413,1414,1455,1454
1362,1362,2962,4562,1414,1415,1456,1455
1363,1363,2963,4563,1415,1416,1457,1456
1364,1364,2964,4564,1416,1417,1458,1457
1365,1365,2965,4565,1417,1418,1459,1458
1366,1366,2966,4566,1418,1419,1460,1459
1367,1367,2967,4567,1419,1420,1461,1460
1368,1368,2968,4568,1420,1421,1462,1461
1369,1369,2969,4569,1421,1422,1463,1462
1370,1370,2970,4570,1422,1423,1464,1463
1371,1371,2971,4571,1423,1424,1465,1464
1372,1372,2972,4572,1424,1425,1466,1465
1373,1373,2973,4573,1425,1426,1467,1466
1374,1374,2974,4574,1426,1427,1468,1467
1375,1375,2975,4575,1427,1428,1469,1468
1376,1376,2976,4576,1428,1429,1470,1469
1377,1377,2977,4577,1429,1430,1471,1470
1378,1378,2978,4578,1430,1431,1472,1471
1379,1379,2979,4579,1431,1432,1473,1472
1380,1380,2980,4580,1432,1433,1474,1473
1381,1381,2981,4581,1433,1434,1475,1474
1382,1382,2982,4582,1434,1435,1476,1475
1383,1383,2983,4583,1435,1436,1477,1476
1384,1384,2984,4584,1436,1437,1478,1477
1385,1385,2985,4585,1437,1438,1479,1478
1386,1386,2986,4586,1438,1439,1480,1479
1387,1387,2987,4587,1439,1440,1481,1480
1388,1388,2988,4588,1440,1441,1482,1481
1389,1389,2989,4589,1441,1442,1483,1482
1390,1390,2990,4590,1442,1443,1484,1483
1391,1391,2991,4591,1443,1444,1485,1484
1392,1392,2992,4592,1444,1445,1486,1485
1393,1393,2993,4593,1445,1446,1487,1486
1394,1394,2994,4594,1446,1447,1488,1487
1395,1395,2995,4595,1447,1448,1489,1488
1396,1396,2996,4596,1448,1449,1490,1489
1397,1397,2997,4597,1449,1450,1491,1490
1398,1398,2998,4598,1450,1451,1492,1491
1399,1399,2999,4599,1451,1452,1493,1492
1400,1400,3000,4600,1452,1453,1494,1493
1401,1401,3001,4601,1454,1455,1496,1495
1402,1402,3002,4602,1455,1456,1497,1496
1403,1403,3003,4603,1456,1457,1498,1497
1404,1404,3004,4604,1457,1458,1499,1498
1405,1405,3005,4605,1458,1459,1500,1499
1406,1406,3006,4606,1459,1460,1501,1500
1407,1407,3007,4607,1460,1461,1502,1501
1408,1408,3008,4608,1461,1462,1503,1502
1409,1409,3009,4609,1462,1463,1504,1503
1410,1410,3010,4610,1463,1464,1505,1504
1411,1411,3011,4611,1464,1465,1506,1505
1412,1412,3012,4612,1465,1466,1507,1506
1413,1413,3013,4613,1466,1467,1508,1507
1414,1414,3014,4614,1467,1468,1509,1508
1415,1415,3015,4615,1468,1469,1510,1509
1416,1416,3016,4616,1469,1470,1511,1510
1417,1417,3017,4617,1470,1471,1512,1511
1418,1418,3018,4618,1471,1472,1513,1512
1419,1419,3019,4619,1472,1473,1514,1513
1420,1420,3020,4620,1473,1474,1515,1514
1421,1421,3021,4621,1474,1475,1516,1515
1422,1422,3022,4622,1475,1476,1517,1516
1423,1423,3023,4623,1476,1477,1518,1517
1424,1424,3024,4624,1477,1478,1519,1518
1425,1425,3025,4625,1478,1479,1520,1519
1426,1426,3026,4626,1479,1480,1521,1520
1427,1427,3027,4627,1480,1481,1522,1521
1428,1428,3028,4628,1481,1482,1523,1522
1429,1429,3029,4629,1482,1483,1524,1523
1430,1430,3030,4630,1483,1484,1525,1524
1431,1431,3031,4631,1484,1485,1526,1525
1432,1432,3032,4632,1485,1486,1527,1526
1433,1433,3033,4633,1486,1487,1528,1527
1434,1434,3034,4634,1487,1488,1529,1528
1435,1435,3035,4635,1488,1489,1530,1529
1436,1436,3036,4636,1489,1490,1531,1530
1437,1437,3037,4637,1490,1491,1532,1531
1438,1438,3038,4638,1491,1492,1533,1532
1439,1439,3039,4639,1492,1493,1534,1533
1440,1440,3040,4640,1493,1494,1535,1534
1441,1441,3041,4641,1495,1496,1537,1536
1442,1442,3042,4642,1496,1497,1538,1537
1443,1443,3043,4643,1497,1498,1539,1538
1444,1444,3044,4644,1498,1499,1540,1539
1445,1445,3045,4645,1499,1500,1541,1540
1446,1446,3046,4646,1500,1501,1542,1541
1447,1447,3047,4647,1501,1502,1543,1542
1448,1448,3048,4648,1502,1503,1544,1543
1449,1449,3049,4649,1503,1504,1545,1544
1450,1450,3050,4650,1504,1505,1546,1545
1451,1451,3051,4651,1505,1506,1547,1546
1452,1452,3052,4652,1506,1507,1548,1547
1453,1453,3053,4653,1507,1508,1549,1548
1454,1454,3054,4654,1508,1509,1550,1549
1455,1455,3055,4655,1509,1510,1551,1550
1456,1456,3056,4656,1510,1511,1552,1551
1457,1457,3057,4657,1511,1512,1553,1552
1458,1458,3058,4658,1512,1513,1554,1553
1459,1459,3059,4659,1513,1514,1555,1554
1460,1460,3060,4660,1514,1515,1556,1555
1461,1461,3061,4661,1515,1516,1557,1556
1462,1462,3062,4662,1516,1517,1558,1557
1463,1463,3063,4663,1517,1518,1559,1558
1464,1464,3064,4664,1518,1519,1560,1559
1465,1465,3065,4665,1519,1520,1561,1560
1466,1466,3066,4666,1520,1521,1562,1561
1467,1467,3067,4667,1521,1522,1563,1562
1468,1468,3068,4668,1522,1523,1564,1563
1469,1469,3069,4669,1523,1524,1565,1564
1470,1470,3070,4670,1524,1525,1566,1565
1471,1471,3071,4671,1525,1526,1567,1566
1472,1472,3072,4672,1526,1527,1568,1567
1473,1473,3073,4673,1527,1528,1569,1568
1474,1474,3074,4674,1528,1529,1570,1569
1475,1475,3075,4675,1529,1530,1571,1570
1476,1476,3076,4676,1530,1531,1572,1571
1477,1477,3077,4677,1531,1532,1573,1572
1478,1478,3078,4678,1532,1533,1574,1573
1479,1479,3079,4679,1533,1534,1575,1574
1480,1480,3080,4680,1534,1535,1576,1575
1481,1481,3081,4681,1536,1537,1578,1577
1482,1482,3082,4682,1537,1538,1579,1578
1483,1483,3083,4683,1538,1539,1580,1579
1484,1484,3084,4684,1539,1540,1581,1580
1485,1485,3085,4685,1540,1541,1582,1581
1486,1486,3086,4686,1541,1542,1583,1582
1487,1487,3087,4687,1542,1543,1584,1583
1488,1488,3088,4688,1543,1544,1585,1584
1489,1489,3089,4689,1544,1545,1586,1585
1490,1490,3090,4690,1545,1546,1587,1586
1491,1491,3091,4691,1546,1547,1588,1587
1492,1492,3092,4692,1547,1548,1589,1588
1493,1493,3093,4693,1548,1549,1590,1589
1494,1494,3094,4694,1549,1550,1591,1590
1495,1495,3095,4695,1550,1551,1592,1591
1496,1496,3096,4696,1551,1552,1593,1592
1497,1497,3097,4697,1552,1553,1594,1593
1498,1498,3098,4698,1553,1554,1595,1594
1499,1499,3099,4699,1554,1555,1596,1595
1500,1500,3100,4700,1555,1556,1597,1596
1501,1501,3101,4701,1556,1557,1598,1597
1502,1502,3102,4702,1557,1558,1599,1598
1503,1503,3103,4703,1558,1559,1600,1599
1504,1504,3104,4704,1559,1560,1601,1600
1505,1505,3105,4705,1560,1561,1602,1601
1506,1506,3106,4706,1561,1562,1603,1602
1507,1507,3107,4707,1562,1563,1604,1603
1508,1508,3108,4708,1563,1564,1605,1604
1509,1509,3109,4709,1564,1565,1606,1605
1510,1510,3110,4710,1565,1566,1607,1606
1511,1511,3111,4711,1566,1567,1608,1607
1512,1512,3112,4712,1567,1568,1609,1608
1513,1513,3113,4713,1568,1569,1610,1609
1514,1514,3114,4714,1569,1570,1611,1610
1515,1515,3115,4715,1570,1571,1612,1611
1516,1516,3116,4716,1571,1572,1613,1612
1517,1517,3117,4717,1572,1573,1614,1613
1518,1518,3118,4718,1573,1574,1615,1614
1519,1519,3119,4719,1574,1575,1616,1615
1520,1520,3120,4720,1575,1576,1617,1616
1521,1521,3121,4721,1577,1578,1619,1618
1522,1522,3122,4722,1578,1579,1620,1619
1523,1523,3123,4723,1579,1580,1621,1620
1524,1524,3124,4724,1580,1581,1622,1621
1525,1525,3125,4725,1581,1582,1623,1622
1526,1526,3126,4726,1582,1583,1624,1623
1527,1527,3127,4727,1583,1584,1625,1624
1528,1528,3128,4728,1584,1585,1626,1625
1529,1529,3129,4729,1585,1586,1627,1626
1530,1530,3130,4730,1586,1587,1628,1627
1531,1531,3131,4731,1587,1588,1629,1628
1532,1532,3132,4732,1588,1589,1630,1629
1533,1533,3133,4733,1589,1590,1631,1630
1534,1534,3134,4734,1590,1591,1632,1631
1535,1535,3135,4735,1591,1592,1633,1632
1536,1536,3136,4736,1592,1593,1634,1633
1537,1537,3137,4737,1593,1594,1635,1634
1538,1538,3138,4738,1594,1595,1636,1635
1539,1539,3139,4739,1595,1596,1637,1636
1540,1540,3140,4740,1596,1597,1638,1637
1541,1541,3141,4741,1597,1598,1639,1638
1542,1542,3142,4742,1598,1599,1640,1639
1543,1543,3143,4743,1599,1600,1641,1640
1544,1544,3144,4744,1600,1601,1642,1641
1545,1545,3145,4745,1601,1602,1643,1642
1546,1546,3146,4746,1602,1603,1644,1643
1547,1547,3147,4747,1603,1604,1645,1644
1548,1548,3148,4748,1604,1605,1646,1645
1549,1549,3149,4749,1605,1606,1647,1646
1550,1550,3150,4750,1606,1607,1648,1647
1551,1551,3151,4751,1607,1608,1649,1648
1552,1552,3152,4752,1608,1609,1650,1649
1553,1553,3153,4753,1609,1610,1651,1650
1554,1554,3154,4754,1610,1611,1652,1651
1555,1555,3155,4755,1611,1612,1653,1652
1556,1556,3156,4756,1612,1613,1654,1653
1557,1557,3157,4757,1613,1614,1655,1654
1558,1558,3158,4758,1614,1615,1656,1655
1559,1559,3159,4759,1615,1616,1657,1656
1560,1560,3160,4760,1616,1617,1658,1657
1561,1561,3161,4761,1618,1619,1660,1659
1562,1562,3162,4762,1619,1620,1661,1660
1563,1563,3163,4763,1620,1621,1662,1661
1564,1564,3164,4764,1621,1622,1663,1662
1565,1565,3165,4765,1622,1623,1664,1663
1566,1566,3166,4766,1623,1624,1665,1664
1567,1567,3167,4767,1624,1625,1666,1665
1568,1568,3168,4768,1625,1626,1667,1666
1569,1569,3169,4769,1626,1627,1668,1667
1570,1570,3170,4770,1627,1628,1669,1668
1571,1571,3171,4771,1628,1629,1670,1669
1572,1572,3172,4772,1629,1630,1671,1670
1573,1573,3173,4773,1630,1631,1672,1671
1574,1574,3174,4774,1631,1632,1673,1672
1575,1575,3175,4775,1632,1633,1674,1673
1576,1576,3176,4776,1633,1634,1675,1674
1577,1577,3177,4777,1634,1635,1676,1675
1578,1578,3178,4778,1635,1636,1677,1676
1579,1579,3179,4779,1636,1637,1678,1677
1580,1580,3180,4780,1637,1638,1679,1678
1581,1581,3181,4781,1638,1639,1680,1679
1582,1582,3182,4782,1639,1640,1681,1680
1583,1583,3183,4783,1640,1641,1682,1681
1584,1584,3184,4784,1641,1642,1683,1682
1585,1585,3185,4785,1642,1643,1684,1683
1586,1586,3186,4786,1643,1644,1685,1684
1587,1587,3187,4787,1644,1645,1686,1685
1588,1588,3188,4788,1645,1646,1687,1686
1589,1589,3189,4789,1646,1647,1688,1687
1590,1590,3190,4790,1647,1648,1689,1688
1591,1591,3191,4791,1648,1649,1690,1689
1592,1592,3192,4792,1649,1650,1691,1690
1593,1593,3193,4793,1650,1651,1692,1691
1594,1594,3194,4794,1651,1652,1693,1692
1595,1595,3195,4795,1652,1653,1694,1693
1596,1596,3196,4796,1653,1654,1695,1694
1597,1597,3197,4797,1654,1655,1696,1695
1598,1598,3198,4798,1655,1656,1697,1696
1599,1599,3199,4799,1656,1657,1698,1697
1600,1600,3200,4800,1657,1658,1699,1698
