"path","size","sha256"
"runs/hpc/stage_f/f13_controlled_rollback_and_first_native_remesh_execution/evidence/1380981.mmaster02/F13_ROLLBACK_CALLS.log","0","e3b0c44298fc1c149afbf4c8996fb92427ae41e4649b934ca495991b7852b855"
"runs/hpc/stage_f/f13_controlled_rollback_and_first_native_remesh_execution/evidence/1380981.mmaster02/M2IRRROLLCTL1.dat","7640","81c6d2f1d39c32fcf0afdd5e54ec1bf1616ea719758ac168c7d3cde191507bb8"
"runs/hpc/stage_f/f13_controlled_rollback_and_first_native_remesh_execution/evidence/1380981.mmaster02/M2IRRROLLCTL1.msg","5222","1240c70bfeae16cca42d55ff52c0c8528d62a78ca7cd82d8154b7a79486f5a71"
"runs/hpc/stage_f/f13_controlled_rollback_and_first_native_remesh_execution/evidence/1380981.mmaster02/PBS_STDOUT.txt","2973","e7ca2b13749cb8c2a4da742ff989a718310e07d90ffb0839f587dc8e39ef52ea"
"runs/hpc/stage_f/f13_controlled_rollback_and_first_native_remesh_execution/evidence/1380981.mmaster02/QSTAT_XF.txt","2557","0f510642e4d1d92f1ede61c356831e418b11080e01cf411536ca6b068a616386"
"runs/hpc/stage_f/f13_controlled_rollback_and_first_native_remesh_execution/evidence/1380982.mmaster02/F13_ROLLBACK_CALLS.log","0","e3b0c44298fc1c149afbf4c8996fb92427ae41e4649b934ca495991b7852b855"
"runs/hpc/stage_f/f13_controlled_rollback_and_first_native_remesh_execution/evidence/1380982.mmaster02/M2IRRROLLFORCE1.dat","7640","81c6d2f1d39c32fcf0afdd5e54ec1bf1616ea719758ac168c7d3cde191507bb8"
"runs/hpc/stage_f/f13_controlled_rollback_and_first_native_remesh_execution/evidence/1380982.mmaster02/M2IRRROLLFORCE1.msg","5222","1240c70bfeae16cca42d55ff52c0c8528d62a78ca7cd82d8154b7a79486f5a71"
"runs/hpc/stage_f/f13_controlled_rollback_and_first_native_remesh_execution/evidence/1380982.mmaster02/PBS_STDOUT.txt","2979","b546ff3d31c5fa8634de60f49d003445bc772364888d6b76898bb5b84e3508f4"
"runs/hpc/stage_f/f13_controlled_rollback_and_first_native_remesh_execution/evidence/1380982.mmaster02/QSTAT_XF.txt","2562","b2c46557b6021801417d4d366b81a890747eda2765f9f62ae57c40431b3b458e"
"runs/hpc/stage_f/f13_controlled_rollback_and_first_native_remesh_execution/evidence/1380983.mmaster02/abaqus.rpy","1880","a1ff7163a9c5b253f28dc4afd33c3dfb5e02b5f75290d7a8ff5070cb81ccadc1"
"runs/hpc/stage_f/f13_controlled_rollback_and_first_native_remesh_execution/evidence/1380983.mmaster02/NATIVE_REMESH_EXECUTION_STATUS.json","1244","401ebb0d280de5e749fece145bcf226c6dac6381a68ebedcd29e24c21cbf228f"
"runs/hpc/stage_f/f13_controlled_rollback_and_first_native_remesh_execution/evidence/1380983.mmaster02/PBS_STDOUT.txt","385","1a6e7072b6e0a555da5f65f06785cac1bc4b72779312e3408a4e20d54a176d22"
"runs/hpc/stage_f/f13_controlled_rollback_and_first_native_remesh_execution/evidence/1380983.mmaster02/QSTAT_XF.txt","2525","753f15dd66a03d900dd3159ec7e18d80af5ab9064c7eaab79fe5125ff2da6c8e"
