"relative_path","size_bytes","sha256"
"baseline/F8BASEDC.00.1314851.exception","2330","f20b66f860d063775b7eea713fa198aec257409513e173a8adb1d749610d6952"
"baseline/F8BASEDC.023","9656","694123e28cc32bae0784b14411f998a72be9fc802156684e688f1cfa7be4f697"
"baseline/F8BASEDC.dat","7340","c3674ba454b43c068c6890befa6c703e1c6d232af262db99781ccb32e60a7e1e"
"baseline/F8BASEDC.msg","1146","8236a959a82300f7fc2ff92f44c3503a32786571767d7c80bef2ffee2207003d"
"baseline/F8BASEDC.prt","1436","4d4be02af0361b26e0f3ee3c0f201ab221a01494737aa4eb80ac3d4708897b88"
"candidate/F8CANDC.00.1315509.exception","2330","c0c83c3804c4c371ca5a1208e88e70e76b13b5240451a24faaf20b0fba131b0a"
"candidate/F8CANDC.023","9656","694123e28cc32bae0784b14411f998a72be9fc802156684e688f1cfa7be4f697"
"candidate/F8CANDC.dat","7340","bbf32b6ba7429619bfbe146363fe4aa579b42bf4617f16fc7b9e38e215833af5"
"candidate/F8CANDC.msg","1146","2a07dae3a917cc8324dba0809fd9e9a50ddd038b99448f6432aa91e6100590b2"
"candidate/F8CANDC.prt","1436","4d4be02af0361b26e0f3ee3c0f201ab221a01494737aa4eb80ac3d4708897b88"
