step,time,control_rf1,forced_rf1,difference
MONOTONIC,0.0,0.0,0.0,0.0
MONOTONIC,0.019999999552965164,0.004732691057142802,0.004732691057142802,0.0
MONOTONIC,0.03999999910593033,0.009465382114285603,0.009465382114285603,0.0
MONOTONIC,0.05999999865889549,0.014118904917268082,0.014118904917268082,0.0
MONOTONIC,0.07999999821186066,0.01851495268056169,0.01851495268056169,0.0
MONOTONIC,0.10000000149011612,0.02251432917546481,0.02251432917546481,0.0
MONOTONIC,0.11999999731779099,0.026019758719485253,0.026019758719485253,0.0
MONOTONIC,0.14000000059604645,0.028940494114067405,0.028940494114067405,0.0
MONOTONIC,0.1599999964237213,0.03126159921521321,0.03126159921521321,0.0
MONOTONIC,0.18000000715255737,0.03295114770298824,0.03295114770298824,0.0
MONOTONIC,0.20000000298023224,0.03406423586420715,0.03406423586420715,0.0
MONOTONIC,0.2199999988079071,0.034618225414305925,0.034618225414305925,0.0
MONOTONIC,0.23999999463558197,0.034702499106060714,0.034702499106060714,0.0
MONOTONIC,0.25999999046325684,0.03436571569181979,0.03436571569181979,0.0
MONOTONIC,0.2800000011920929,0.03369602729799226,0.03369602729799226,0.0
MONOTONIC,0.30000001192092896,0.03275615454185754,0.03275615454185754,0.0
MONOTONIC,0.3199999928474426,0.03161176893627271,0.03161176893627271,0.0
MONOTONIC,0.3400000035762787,0.03032721736235544,0.03032721736235544,0.0
MONOTONIC,0.36000001430511475,0.0289398196619004,0.0289398196619004,0.0
MONOTONIC,0.3799999952316284,0.027508189086802304,0.027508189086802304,0.0
MONOTONIC,0.4000000059604645,0.026045214326586574,0.026045214326586574,0.0
MONOTONIC,0.41999998688697815,0.024600272765383124,0.024600272765383124,0.0
MONOTONIC,0.4399999976158142,0.023169499239884317,0.023169499239884317,0.0
MONOTONIC,0.46000000834465027,0.021791980194393545,0.021791980194393545,0.0
MONOTONIC,0.47999998927116394,0.020454690151382238,0.020454690151382238,0.0
MONOTONIC,0.5,0.019186695339158177,0.019186695339158177,0.0
MONOTONIC,0.5199999809265137,0.017971735855098814,0.017971735855098814,0.0
MONOTONIC,0.5400000214576721,0.016829671047162265,0.016829671047162265,0.0
MONOTONIC,0.5600000023841858,0.01574505981989205,0.01574505981989205,0.0
MONOTONIC,0.5799999833106995,0.014729429705766961,0.014729429705766961,0.0
MONOTONIC,0.6000000238418579,0.01377072196919471,0.01377072196919471,0.0
MONOTONIC,0.6200000047683716,0.01287279513780959,0.01287279513780959,0.0
MONOTONIC,0.6399999856948853,0.012028282217215747,0.012028282217215747,0.0
MONOTONIC,0.6600000262260437,0.011229875381104648,0.011229875381104648,0.0
MONOTONIC,0.6800000071525574,0.010476897557964548,0.010476897557964548,0.0
MONOTONIC,0.699999988079071,0.009748454962391406,0.009748454962391406,0.0
MONOTONIC,0.7200000286102295,0.009057352144736797,0.009057352144736797,0.0
MONOTONIC,0.7400000095367432,0.008379002334550023,0.008379002334550023,0.0
MONOTONIC,0.7599999904632568,0.007735002582194284,0.007735002582194284,0.0
MONOTONIC,0.7799999713897705,0.007101765877450816,0.007101765877450816,0.0
MONOTONIC,0.800000011920929,0.00650376510748174,0.00650376510748174,0.0
MONOTONIC,0.8199999928474426,0.005922114185523242,0.005922114185523242,0.0
MONOTONIC,0.8399999737739563,0.005378202040446922,0.005378202040446922,0.0
MONOTONIC,0.8600000143051147,0.004865108610829338,0.004865108610829338,0.0
MONOTONIC,0.8799999952316284,0.004399663215735927,0.004399663215735927,0.0
MONOTONIC,0.8999999761581421,0.003973085425968748,0.003973085425968748,0.0
MONOTONIC,0.9200000166893005,0.003590500433347188,0.003590500433347188,0.0
MONOTONIC,0.9399999976158142,0.0032445815231767483,0.0032445815231767483,0.0
MONOTONIC,0.9599999785423279,0.0029382669781625737,0.0029382669781625737,0.0
MONOTONIC,0.9800000190734863,0.0026592575377435423,0.0026592575377435423,0.0
MONOTONIC,1.0,0.0024105549418891314,0.0024105549418891314,0.0
UNLOAD_RELOAD,0.0,0.0024105549418891314,0.0024105549418891314,0.0
UNLOAD_RELOAD,0.019999999552965164,0.0020858024636254413,0.0020858024636254413,0.0
UNLOAD_RELOAD,0.03999999910593033,0.0018076613177981926,0.0018076613177981926,0.0
UNLOAD_RELOAD,0.05999999865889549,0.001683887454419164,0.001683887454419164,0.0
UNLOAD_RELOAD,0.07000000029802322,0.0016289540815247593,0.001597513535671169,-3.144054585359039e-05
UNLOAD_RELOAD,0.07999999821186066,0.0015740207290946273,0.0015701462575389933,-3.874471555634015e-06
UNLOAD_RELOAD,0.08500000089406967,0.0015608541599312741,0.0015564626082777977,-4.391551653476445e-06
UNLOAD_RELOAD,0.10000000149011612,0.0015213544720609207,0.0015080998062273752,-1.3254665833545504e-05
UNLOAD_RELOAD,0.10499999672174454,0.0015092082252978934,0.001491978888225276,-1.722933707261733e-05
UNLOAD_RELOAD,0.11999999731779099,0.0014727694488101406,0.0014572817083147323,-1.5487740495408273e-05
UNLOAD_RELOAD,0.125,0.0014610815348647822,0.0014457159759331262,-1.536555893165599e-05
UNLOAD_RELOAD,0.14000000059604645,0.001426017810445046,0.001411018671228997,-1.4999139216048977e-05
UNLOAD_RELOAD,0.14499999582767487,0.0014143291524081705,0.0013994529144838452,-1.4876237924325245e-05
UNLOAD_RELOAD,0.1599999964237213,0.0013792631434625946,0.001364755621988795,-1.4507521473799663e-05
UNLOAD_RELOAD,0.16500000655651093,0.001367574439745355,0.0013531898348446703,-1.4384604900684762e-05
UNLOAD_RELOAD,0.18000000715255737,0.0013325083982635988,0.0013184925533326617,-1.40158449309371e-05
UNLOAD_RELOAD,0.1850000023841858,0.0013208197170346255,0.0013069268043182092,-1.3892912716416276e-05
UNLOAD_RELOAD,0.20000000298023224,0.0012857536385126878,0.0012722295214419583,-1.3524117070729414e-05
UNLOAD_RELOAD,0.20499999821186066,0.0012740649700166307,0.0012606637719727587,-1.3401198043872008e-05
UNLOAD_RELOAD,0.2199999988079071,0.00123899892969348,0.0012259665150171131,-1.3032414676366873e-05
UNLOAD_RELOAD,0.22499999403953552,0.0012273102541488445,0.0012144007741881069,-1.290947996073757e-05
UNLOAD_RELOAD,0.23999999463558197,0.0011922441926799365,0.0011797034578188326,-1.2540734861103946e-05
UNLOAD_RELOAD,0.24500000476837158,0.0011805554966248736,0.0011681376627166173,-1.2417833908256277e-05
UNLOAD_RELOAD,0.25999999046325684,0.0011454895129645593,0.0011334403870932874,-1.2049125871271826e-05
UNLOAD_RELOAD,0.26499998569488525,0.0011338008395348341,0.0011218746285521775,-1.1926210982656687e-05
UNLOAD_RELOAD,0.2800000011920929,0.0010987347495756694,0.0010871773575224172,-1.1557392053252206e-05
UNLOAD_RELOAD,0.2849999964237213,0.0010870460761459443,0.001075611623491568,-1.1434452654376275e-05
UNLOAD_RELOAD,0.30000001192092896,0.0010519799861867796,0.0010409143858857548,-1.1065600301024808e-05
UNLOAD_RELOAD,0.3050000071525574,0.0010402913169400563,0.001029348662996199,-1.0942653943857295e-05
UNLOAD_RELOAD,0.3199999928474426,0.0010052253091998864,0.000994651413975589,-1.0573895224297303e-05
UNLOAD_RELOAD,0.32499998807907104,0.0009935366439556015,0.0009830856643020525,-1.0450979653548994e-05
UNLOAD_RELOAD,0.3400000035762787,0.0009584705785528058,0.0009483884035041127,-1.0082175048693113e-05
UNLOAD_RELOAD,0.3449999988079071,0.0009467819194476009,0.0009368226728838636,-9.95924656373734e-06
UNLOAD_RELOAD,0.36000001430511475,0.0009117158724620822,0.0009021254502847202,-9.590422177361939e-06
UNLOAD_RELOAD,0.36500000953674316,0.000900027196166775,0.000890559732397378,-9.467463769397e-06
UNLOAD_RELOAD,0.3799999952316284,0.0008649611672808533,0.0008558625133900932,-9.098653890760033e-06
UNLOAD_RELOAD,0.38499999046325684,0.0008532725118136217,0.0008442967737209983,-8.975738092623412e-06
UNLOAD_RELOAD,0.4000000059604645,0.0008182064757420449,0.000809599564082161,-8.606911659883847e-06
UNLOAD_RELOAD,0.4050000011920929,0.000806517799219364,0.000798033850514912,-8.483948704451905e-06
UNLOAD_RELOAD,0.41999998688697815,0.0007714517696513212,0.0007633367132237654,-8.115056427555824e-06
UNLOAD_RELOAD,0.42500001192092896,0.0007597630454237062,0.0007517709318562993,-7.992113567406958e-06
UNLOAD_RELOAD,0.4399999976158142,0.0007246970817504916,0.0007170737585511233,-7.623323199368315e-06
UNLOAD_RELOAD,0.4449999928474426,0.0007130084262832601,0.0007055080341160647,-7.500392167195439e-06
UNLOAD_RELOAD,0.46000000834465027,0.0006779423902116832,0.0006708108306163196,-7.131559595363601e-06
UNLOAD_RELOAD,0.4650000035762787,0.0006662537227839493,0.0006592451190954307,-7.008603688518633e-06
UNLOAD_RELOAD,0.47999998927116394,0.0006311877205007477,0.0006245480084069644,-6.6397120937832605e-06
UNLOAD_RELOAD,0.48500001430511475,0.0006194990007069392,0.0006129822359071113,-6.516764799827882e-06
UNLOAD_RELOAD,0.5,0.0005844330503350648,0.0006086450464408699,2.4211996105805156e-05
UNLOAD_RELOAD,0.5049999952316284,0.0006136546952575372,0.0006071993166187895,-6.4553786387477885e-06
UNLOAD_RELOAD,0.5199999809265137,0.0007013196300249547,0.0006939420247817907,-7.377605243163998e-06
UNLOAD_RELOAD,0.5249999761581421,0.0007305411816075579,0.0007228562608361244,-7.684920771433481e-06
UNLOAD_RELOAD,0.5400000214576721,0.0008182061847037403,0.0008095990026467183,-8.607182057022013e-06
UNLOAD_RELOAD,0.5450000166893005,0.0008474278199628316,0.0008385131350223674,-8.914684940464213e-06
UNLOAD_RELOAD,0.5600000023841858,0.0009350927257401054,0.0009252557947547757,-9.836930985329673e-06
UNLOAD_RELOAD,0.5649999976158142,0.0009643143635003071,0.0009541700146655785,-1.014434883472859e-05
UNLOAD_RELOAD,0.5799999833106995,0.0010519792767809122,0.0010409126655304135,-1.1066611250498681e-05
UNLOAD_RELOAD,0.5849999785423279,0.0010812008295003805,0.0010698268824853585,-1.1373947015022026e-05
UNLOAD_RELOAD,0.6000000238418579,0.0011688658360071713,0.001156569588143502,-1.2296247863669224e-05
UNLOAD_RELOAD,0.6050000190734863,0.0011980874628534366,0.0011854837084683822,-1.2603754385054344e-05
UNLOAD_RELOAD,0.6200000047683716,0.0012857523433922324,0.0012722263109026244,-1.3526032489608042e-05
UNLOAD_RELOAD,0.625,0.001314973979788192,0.0013011405117140384,-1.3833468074153643e-05
UNLOAD_RELOAD,0.6399999856948853,0.001402638888976071,0.0013878831373403955,-1.4755751635675551e-05
UNLOAD_RELOAD,0.6449999809265137,0.0014318604250973105,0.0014167973458825145,-1.506307921479602e-05
UNLOAD_RELOAD,0.6600000262260437,0.001519525381809217,0.001503539969003932,-1.5985412805285008e-05
UNLOAD_RELOAD,0.6650000214576721,0.0015487470036532613,0.0015324540618166793,-1.629294183658203e-05
UNLOAD_RELOAD,0.6800000071525574,0.0016364118691853946,0.001619196654701227,-1.7215214484167518e-05
UNLOAD_RELOAD,0.6850000023841858,0.0016656334928484284,0.0016481108523294097,-1.752264051901875e-05
UNLOAD_RELOAD,0.699999988079071,0.00175329836383753,0.001734853381094581,-1.8444982742948923e-05
UNLOAD_RELOAD,0.7049999833106995,0.0017622581223264528,0.001763767557349638,1.5094350231852419e-06
UNLOAD_RELOAD,0.7200000286102295,0.0017891375046019675,0.0017620991163108766,-2.7038388291090966e-05
UNLOAD_RELOAD,0.7250000238418579,0.0017764758363227884,0.001761542971507879,-1.4932864814909408e-05
UNLOAD_RELOAD,0.7400000095367432,0.001738490831485251,0.001720443193335086,-1.8047638150164858e-05
UNLOAD_RELOAD,0.7450000047683716,0.0017020267496263841,0.0017067432672774885,4.716517651104368e-06
UNLOAD_RELOAD,0.7599999904632568,0.0015926345040497836,0.0015783644134899077,-1.4270090559875825e-05
UNLOAD_RELOAD,0.7649999856948853,0.0015465218880308385,0.0015355714622273808,-1.095042580345762e-05
UNLOAD_RELOAD,0.7799999713897705,0.001408184039974003,0.0014000721394082614,-8.111900565741653e-06
UNLOAD_RELOAD,0.7850000262260437,0.0013561187744773882,0.001354905160042108,-1.2136144352801245e-06
UNLOAD_RELOAD,0.800000011920929,0.0011999248399661155,0.0011966171703079453,-3.307669658170198e-06
UNLOAD_RELOAD,0.8050000071525574,0.0011517524756072817,0.0011438545070632244,-7.897968544057221e-06
UNLOAD_RELOAD,0.8199999928474426,0.00100723538253078,0.001006121863554199,-1.1135189765809628e-06
UNLOAD_RELOAD,0.824999988079071,0.0009630388913137722,0.000960210982384524,-2.827908929248224e-06
UNLOAD_RELOAD,0.8399999737739563,0.0008304494176627486,0.0008314469555415285,9.975378787799045e-07
UNLOAD_RELOAD,0.8450000286102295,0.0007935621779439821,0.0007885251015977701,-5.037076346211958e-06
UNLOAD_RELOAD,0.8600000143051147,0.000682901777963707,0.0006842038347940615,1.3020568303545588e-06
UNLOAD_RELOAD,0.8650000095367432,0.0006517771818153051,0.0006494300791928254,-2.3471026224797242e-06
UNLOAD_RELOAD,0.8799999952316284,0.0005584033933700994,0.0005602445087333763,1.8411153632769128e-06
UNLOAD_RELOAD,0.8849999904632568,0.0005335092032510147,0.0005305159852468933,-2.993218004121445e-06
UNLOAD_RELOAD,0.8999999761581421,0.0004588266328937607,0.0004605009805516147,1.674347657854014e-06
UNLOAD_RELOAD,0.9049999713897705,0.0004386737209074596,0.0004371626456531885,-1.5110752542710692e-06
UNLOAD_RELOAD,0.9200000166893005,0.0003782147447068951,0.000379646287055767,1.4315423488719015e-06
UNLOAD_RELOAD,0.925000011920929,0.00036218017892331034,0.0003604742437062214,-1.7059352170889497e-06
UNLOAD_RELOAD,0.9399999976158142,0.0003140764815725561,0.00031552196673345634,1.4454851609002617e-06
UNLOAD_RELOAD,0.9449999928474426,0.0003014024555341166,0.0003005378744092013,-8.645811249152757e-07
UNLOAD_RELOAD,0.9599999785423279,0.00026338037741879816,0.0002645310567004344,1.1506792816362577e-06
UNLOAD_RELOAD,0.9649999737739563,0.00025343441384708467,0.00025252878413084545,-9.056297162392149e-07
UNLOAD_RELOAD,0.9800000190734863,0.00022359640456670604,0.00022462404742389327,1.0276428571872308e-06
UNLOAD_RELOAD,0.9850000143051147,0.00021580209232752168,0.000215322505482618,-4.795868449036789e-07
UNLOAD_RELOAD,1.0,0.00019241915560996858,0.00018430813724990003,-8.111018360068556e-06
